# Blender 5.1.1
# www.blender.org
mtllib Stag.mtl
o Stag_Horns
v -1.106714 5.256600 0.281153
v -1.109876 5.312167 0.260461
v -1.087080 5.271355 0.278471
v -1.131207 5.326400 0.248119
v -1.140974 5.309560 0.263099
v -1.106714 5.256600 0.281153
v -1.129733 5.252863 0.294612
v -1.131207 5.326400 0.248119
v -1.129733 5.252863 0.294612
v -1.067616 5.173830 0.335750
v -1.094304 5.160500 0.360326
v -1.106714 5.256600 0.281153
v -1.067616 5.173830 0.335750
v -1.106714 5.256600 0.281153
v -1.046835 5.207304 0.324076
v -1.087080 5.271355 0.278471
v -1.145938 4.795539 1.422957
v -1.170535 4.905023 1.469677
v -1.111220 4.824052 1.426344
v -1.138188 4.923317 1.469930
v -1.170535 4.905023 1.469677
v -1.150048 4.983071 1.497137
v -1.138188 4.923317 1.469930
v -1.175392 4.996730 1.504784
v -1.188836 4.959173 1.507744
v -1.170535 4.905023 1.469677
v -1.192323 4.883154 1.483981
v -1.175392 4.996730 1.504784
v -1.145938 4.795539 1.422957
v -1.192323 4.883154 1.483981
v -1.170535 4.905023 1.469677
v -1.167181 4.763206 1.436848
v -1.081809 4.827838 1.450603
v -1.106806 4.911877 1.513793
v -1.070987 4.811655 1.478317
v -1.113523 4.924171 1.489552
v -1.113523 4.924171 1.489552
v -1.136656 5.004819 1.516737
v -1.129066 4.974874 1.527202
v -1.106806 4.911877 1.513793
v -1.150048 4.983071 1.497137
v -1.113523 4.924171 1.489552
v -1.138188 4.923317 1.469930
v -1.136656 5.004819 1.516737
v -1.113523 4.924171 1.489552
v -1.081809 4.827838 1.450603
v -1.111220 4.824052 1.426344
v -1.138188 4.923317 1.469930
v -1.156165 4.747960 1.464425
v -1.185313 4.871579 1.508026
v -1.167181 4.763206 1.436848
v -1.192323 4.883154 1.483981
v -1.185313 4.871579 1.508026
v -1.187742 4.978062 1.531170
v -1.188836 4.959173 1.507744
v -1.192323 4.883154 1.483981
v -1.185313 4.871579 1.508026
v -1.160355 4.873152 1.527453
v -1.167594 4.951614 1.537635
v -1.187742 4.978062 1.531170
v -1.156165 4.747960 1.464425
v -1.160355 4.873152 1.527453
v -1.185313 4.871579 1.508026
v -1.126560 4.752684 1.488547
v -1.187742 4.978062 1.531170
v -1.149007 4.986152 1.543123
v -1.166460 5.022630 1.532341
v -1.167594 4.951614 1.537635
v -1.175392 4.996730 1.504784
v -1.187742 4.978062 1.531170
v -1.166460 5.022630 1.532341
v -1.188836 4.959173 1.507744
v -1.175392 4.996730 1.504784
v -1.136656 5.004819 1.516737
v -1.150048 4.983071 1.497137
v -1.166460 5.022630 1.532341
v -1.149007 4.986152 1.543123
v -1.136656 5.004819 1.516737
v -1.166460 5.022630 1.532341
v -1.129066 4.974874 1.527202
v -1.026261 4.762975 1.399705
v -0.940878 4.693902 1.373960
v -0.963421 4.718289 1.342225
v -1.009753 4.741899 1.430157
v -1.081809 4.827838 1.450603
v -1.009753 4.741899 1.430157
v -1.026261 4.762975 1.399705
v -1.070987 4.811655 1.478317
v -1.060528 4.756303 1.369797
v -1.081809 4.827838 1.450603
v -1.026261 4.762975 1.399705
v -1.111220 4.824052 1.426344
v -1.026261 4.762975 1.399705
v -0.963421 4.718289 1.342225
v -1.000122 4.708606 1.306898
v -1.060528 4.756303 1.369797
v -1.113835 4.671905 1.371436
v -1.020057 4.582007 1.327857
v -1.097293 4.651987 1.401880
v -1.042406 4.605113 1.295971
v -1.097293 4.651987 1.401880
v -1.167181 4.763206 1.436848
v -1.113835 4.671905 1.371436
v -1.156165 4.747960 1.464425
v -1.156165 4.747960 1.464425
v -1.097293 4.651987 1.401880
v -1.126560 4.752684 1.488547
v -1.062994 4.659816 1.431780
v -1.062994 4.659816 1.431780
v -1.020057 4.582007 1.327857
v -0.983550 4.592972 1.363334
v -1.097293 4.651987 1.401880
v -1.062994 4.659816 1.431780
v -0.952372 4.641201 1.379849
v -1.027905 4.698650 1.441028
v -0.983550 4.592972 1.363334
v -1.126560 4.752684 1.488547
v -1.027905 4.698650 1.441028
v -1.092036 4.780260 1.492071
v -1.062994 4.659816 1.431780
v -1.092036 4.780260 1.492071
v -1.009753 4.741899 1.430157
v -1.070987 4.811655 1.478317
v -1.027905 4.698650 1.441028
v -1.027905 4.698650 1.441028
v -0.940878 4.693902 1.373960
v -1.009753 4.741899 1.430157
v -0.952372 4.641201 1.379849
v -1.092036 4.780260 1.492071
v -1.160355 4.873152 1.527453
v -1.126560 4.752684 1.488547
v -1.128301 4.890728 1.527901
v -1.128301 4.890728 1.527901
v -1.149007 4.986152 1.543123
v -1.167594 4.951614 1.537635
v -1.160355 4.873152 1.527453
v -1.149007 4.986152 1.543123
v -1.128301 4.890728 1.527901
v -1.129066 4.974874 1.527202
v -1.106806 4.911877 1.513793
v -1.128301 4.890728 1.527901
v -1.070987 4.811655 1.478317
v -1.106806 4.911877 1.513793
v -1.092036 4.780260 1.492071
v -0.902118 4.550577 1.289387
v -0.802985 4.580590 1.295063
v -0.881899 4.603211 1.313612
v -0.803481 4.523413 1.242004
v -0.881899 4.603211 1.313612
v -0.952372 4.641201 1.379849
v -0.983550 4.592972 1.363334
v -0.902118 4.550577 1.289387
v -0.952372 4.641201 1.379849
v -0.882142 4.658955 1.314368
v -0.940878 4.693902 1.373960
v -0.881899 4.603211 1.313612
v -0.807251 4.644218 1.281324
v -0.881899 4.603211 1.313612
v -0.802985 4.580590 1.295063
v -0.882142 4.658955 1.314368
v -0.858746 4.665514 1.225015
v -0.882142 4.658955 1.314368
v -0.807251 4.644218 1.281324
v -0.909828 4.682492 1.283526
v -0.963421 4.718289 1.342225
v -0.882142 4.658955 1.314368
v -0.909828 4.682492 1.283526
v -0.940878 4.693902 1.373960
v -0.909828 4.682492 1.283526
v -0.944010 4.669497 1.244256
v -1.000122 4.708606 1.306898
v -0.963421 4.718289 1.342225
v -0.944010 4.669497 1.244256
v -0.858746 4.665514 1.225015
v -0.902580 4.673189 1.159476
v -0.909828 4.682492 1.283526
v -0.963744 4.615650 1.219733
v -0.902580 4.673189 1.159476
v -0.926360 4.622948 1.130126
v -0.944010 4.669497 1.244256
v -0.944010 4.669497 1.244256
v -1.031106 4.659096 1.290232
v -1.000122 4.708606 1.306898
v -0.963744 4.615650 1.219733
v -0.963744 4.615650 1.219733
v -1.042406 4.605113 1.295971
v -1.031106 4.659096 1.290232
v -0.963018 4.558692 1.218679
v -0.963018 4.558692 1.218679
v -0.926360 4.622948 1.130126
v -0.895915 4.550102 1.116346
v -0.963744 4.615650 1.219733
v -1.095649 4.716312 1.360558
v -1.060528 4.756303 1.369797
v -1.000122 4.708606 1.306898
v -1.031106 4.659096 1.290232
v -1.060528 4.756303 1.369797
v -1.145938 4.795539 1.422957
v -1.111220 4.824052 1.426344
v -1.095649 4.716312 1.360558
v -1.095649 4.716312 1.360558
v -1.167181 4.763206 1.436848
v -1.145938 4.795539 1.422957
v -1.113835 4.671905 1.371436
v -1.031106 4.659096 1.290232
v -1.113835 4.671905 1.371436
v -1.095649 4.716312 1.360558
v -1.042406 4.605113 1.295971
v -0.601494 4.557001 1.490993
v -0.702128 4.569244 1.376944
v -0.589268 4.514923 1.461329
v -0.689017 4.524821 1.347391
v -0.702128 4.569244 1.376944
v -0.802985 4.580590 1.295063
v -0.803481 4.523413 1.242004
v -0.689017 4.524821 1.347391
v -0.802985 4.580590 1.295063
v -0.693358 4.628080 1.381069
v -0.807251 4.644218 1.281324
v -0.702128 4.569244 1.376944
v -0.594328 4.613780 1.495008
v -0.702128 4.569244 1.376944
v -0.601494 4.557001 1.490993
v -0.693358 4.628080 1.381069
v -0.693358 4.628080 1.381069
v -0.565261 4.649875 1.455917
v -0.660332 4.664248 1.342317
v -0.594328 4.613780 1.495008
v -0.660332 4.664248 1.342317
v -0.748634 4.672296 1.234819
v -0.807251 4.644218 1.281324
v -0.693358 4.628080 1.381069
v -0.748634 4.672296 1.234819
v -0.626323 4.667327 1.295451
v -0.708935 4.675426 1.189686
v -0.660332 4.664248 1.342317
v -0.660332 4.664248 1.342317
v -0.534919 4.654234 1.408715
v -0.626323 4.667327 1.295451
v -0.565261 4.649875 1.455917
v -0.626323 4.667327 1.295451
v -0.523929 4.615807 1.388393
v -0.614608 4.626895 1.275235
v -0.534919 4.654234 1.408715
v -0.614608 4.626895 1.275235
v -0.695284 4.633523 1.169642
v -0.708935 4.675426 1.189686
v -0.626323 4.667327 1.295451
v -0.614608 4.626895 1.275235
v -0.624772 4.572051 1.280447
v -0.706844 4.576749 1.173664
v -0.695284 4.633523 1.169642
v -0.624772 4.572051 1.280447
v -0.523929 4.615807 1.388393
v -0.532331 4.562677 1.393722
v -0.614608 4.626895 1.275235
v -0.656404 4.531891 1.309862
v -0.532331 4.562677 1.393722
v -0.560162 4.522932 1.423470
v -0.624772 4.572051 1.280447
v -0.742777 4.535269 1.200732
v -0.624772 4.572051 1.280447
v -0.656404 4.531891 1.309862
v -0.706844 4.576749 1.173664
v -0.689017 4.524821 1.347391
v -0.742777 4.535269 1.200732
v -0.656404 4.531891 1.309862
v -0.803481 4.523413 1.242004
v -0.689017 4.524821 1.347391
v -0.560162 4.522932 1.423470
v -0.589268 4.514923 1.461329
v -0.656404 4.531891 1.309862
v -0.980403 5.619221 0.628331
v -0.984878 5.519690 0.636545
v -0.948125 5.531664 0.640887
v -1.016077 5.607873 0.623764
v -0.980403 5.619221 0.628331
v -1.008199 5.678617 0.607534
v -1.027439 5.655300 0.608393
v -1.016077 5.607873 0.623764
v -1.008199 5.678617 0.607534
v -0.980403 5.619221 0.628331
v -0.981151 5.677080 0.601518
v -0.951097 5.636299 0.617527
v -0.980403 5.619221 0.628331
v -0.917824 5.548687 0.629164
v -0.951097 5.636299 0.617527
v -0.948125 5.531664 0.640887
v -0.920573 5.562485 0.598534
v -0.951097 5.636299 0.617527
v -0.917824 5.548687 0.629164
v -0.953972 5.651263 0.588358
v -0.953972 5.651263 0.588358
v -0.988376 5.702649 0.577555
v -0.981151 5.677080 0.601518
v -0.951097 5.636299 0.617527
v -0.976430 5.655937 0.563805
v -0.988376 5.702649 0.577555
v -0.953972 5.651263 0.588358
v -0.998070 5.690903 0.563979
v -0.953972 5.651263 0.588358
v -0.920573 5.562485 0.598534
v -0.943551 5.565921 0.573016
v -0.976430 5.655937 0.563805
v -0.973936 5.551860 0.576629
v -1.005875 5.642145 0.566848
v -0.943551 5.565921 0.573016
v -0.976430 5.655937 0.563805
v -1.005875 5.642145 0.566848
v -0.998070 5.690903 0.563979
v -0.976430 5.655937 0.563805
v -1.027303 5.695810 0.561422
v -1.005875 5.642145 0.566848
v -1.038821 5.666949 0.577618
v -1.027303 5.695810 0.561422
v -1.028952 5.622622 0.585262
v -0.973936 5.551860 0.576629
v -1.028952 5.622622 0.585262
v -1.005875 5.642145 0.566848
v -0.997868 5.532750 0.596307
v -1.047126 5.671779 0.591402
v -1.008199 5.678617 0.607534
v -1.025955 5.706058 0.580108
v -1.027439 5.655300 0.608393
v -1.025955 5.706058 0.580108
v -1.038821 5.666949 0.577618
v -1.047126 5.671779 0.591402
v -1.027303 5.695810 0.561422
v -1.025955 5.706058 0.580108
v -0.988376 5.702649 0.577555
v -0.998070 5.690903 0.563979
v -1.027303 5.695810 0.561422
v -0.988376 5.702649 0.577555
v -1.008199 5.678617 0.607534
v -0.981151 5.677080 0.601518
v -1.025955 5.706058 0.580108
v -0.929134 5.316116 0.559470
v -0.943753 5.431754 0.571008
v -0.891885 5.332008 0.553114
v -0.910546 5.446622 0.565685
v -0.910546 5.446622 0.565685
v -0.973936 5.551860 0.576629
v -0.943551 5.565921 0.573016
v -0.943753 5.431754 0.571008
v -0.997868 5.532750 0.596307
v -0.943753 5.431754 0.571008
v -0.970252 5.413883 0.594477
v -0.973936 5.551860 0.576629
v -0.929134 5.316116 0.559470
v -0.970252 5.413883 0.594477
v -0.943753 5.431754 0.571008
v -0.959290 5.298013 0.586382
v -0.974665 5.404598 0.620500
v -0.959290 5.298013 0.586382
v -0.964803 5.289433 0.615952
v -0.970252 5.413883 0.594477
v -1.001488 5.521039 0.618981
v -0.970252 5.413883 0.594477
v -0.974665 5.404598 0.620500
v -0.997868 5.532750 0.596307
v -1.001488 5.521039 0.618981
v -0.974665 5.404598 0.620500
v -0.984878 5.519690 0.636545
v -0.956914 5.405888 0.639923
v -0.974665 5.404598 0.620500
v -0.964803 5.289433 0.615952
v -0.945388 5.291984 0.637837
v -0.956914 5.405888 0.639923
v -0.900760 5.307276 0.641694
v -0.956914 5.405888 0.639923
v -0.945388 5.291984 0.637837
v -0.916922 5.419744 0.643591
v -0.984878 5.519690 0.636545
v -0.916922 5.419744 0.643591
v -0.948125 5.531664 0.640887
v -0.956914 5.405888 0.639923
v -0.948125 5.531664 0.640887
v -0.883638 5.436601 0.629113
v -0.917824 5.548687 0.629164
v -0.916922 5.419744 0.643591
v -0.916922 5.419744 0.643591
v -0.900760 5.307276 0.641694
v -0.863227 5.324779 0.624995
v -0.883638 5.436601 0.629113
v -1.001488 5.521039 0.618981
v -1.032306 5.610103 0.606821
v -0.997868 5.532750 0.596307
v -1.028952 5.622622 0.585262
v -1.047126 5.671779 0.591402
v -1.028952 5.622622 0.585262
v -1.032306 5.610103 0.606821
v -1.038821 5.666949 0.577618
v -1.032306 5.610103 0.606821
v -1.016077 5.607873 0.623764
v -1.027439 5.655300 0.608393
v -1.047126 5.671779 0.591402
v -1.016077 5.607873 0.623764
v -1.001488 5.521039 0.618981
v -0.984878 5.519690 0.636545
v -1.032306 5.610103 0.606821
v -1.007061 5.135601 0.593237
v -0.984866 5.204195 0.609915
v -1.019186 5.158804 0.551778
v -0.978172 5.217130 0.578633
v -0.978172 5.217130 0.578633
v -0.964803 5.289433 0.615952
v -0.959290 5.298013 0.586382
v -0.984866 5.204195 0.609915
v -0.963501 5.203491 0.634227
v -0.964803 5.289433 0.615952
v -0.984866 5.204195 0.609915
v -0.945388 5.291984 0.637837
v -1.007061 5.135601 0.593237
v -0.963501 5.203491 0.634227
v -0.984866 5.204195 0.609915
v -0.994736 5.110564 0.647077
v -0.934701 5.136594 0.669742
v -0.963501 5.203491 0.634227
v -0.994736 5.110564 0.647077
v -0.913604 5.218081 0.640447
v -0.913604 5.218081 0.640447
v -0.945388 5.291984 0.637837
v -0.963501 5.203491 0.634227
v -0.900760 5.307276 0.641694
v -0.871278 5.237957 0.624431
v -0.900760 5.307276 0.641694
v -0.913604 5.218081 0.640447
v -0.863227 5.324779 0.624995
v -0.913604 5.218081 0.640447
v -0.934701 5.136594 0.669742
v -0.881269 5.151407 0.643666
v -0.871278 5.237957 0.624431
v -0.943891 5.239232 0.551501
v -0.931063 5.209253 0.517545
v -0.982210 5.204690 0.526324
v -0.902039 5.256046 0.546605
v -0.929134 5.316116 0.559470
v -0.902039 5.256046 0.546605
v -0.943891 5.239232 0.551501
v -0.891885 5.332008 0.553114
v -0.959290 5.298013 0.586382
v -0.943891 5.239232 0.551501
v -0.978172 5.217130 0.578633
v -0.929134 5.316116 0.559470
v -0.982210 5.204690 0.526324
v -0.978172 5.217130 0.578633
v -0.943891 5.239232 0.551501
v -1.019186 5.158804 0.551778
v -0.865092 5.333960 0.585212
v -0.883638 5.436601 0.629113
v -0.863227 5.324779 0.624995
v -0.886010 5.446899 0.594099
v -0.886010 5.446899 0.594099
v -0.917824 5.548687 0.629164
v -0.883638 5.436601 0.629113
v -0.920573 5.562485 0.598534
v -0.943551 5.565921 0.573016
v -0.886010 5.446899 0.594099
v -0.910546 5.446622 0.565685
v -0.920573 5.562485 0.598534
v -0.865092 5.333960 0.585212
v -0.910546 5.446622 0.565685
v -0.886010 5.446899 0.594099
v -0.891885 5.332008 0.553114
v -0.893485 5.128249 0.551467
v -0.929451 5.157635 0.486033
v -0.931063 5.209253 0.517545
v -0.888725 5.189503 0.574228
v -0.893485 5.128249 0.551467
v -0.938397 5.106506 0.465783
v -0.929451 5.157635 0.486033
v -0.904643 5.075521 0.527434
v -0.904643 5.075521 0.527434
v -0.874628 5.087342 0.622332
v -0.887117 5.035115 0.597033
v -0.893485 5.128249 0.551467
v -0.881269 5.151407 0.643666
v -0.893485 5.128249 0.551467
v -0.888725 5.189503 0.574228
v -0.874628 5.087342 0.622332
v -1.133351 5.338168 0.277136
v -1.110956 5.328168 0.264520
v -1.138543 5.350167 0.249268
v -1.112359 5.324830 0.281548
v -1.153602 5.336400 0.260735
v -1.133351 5.338168 0.277136
v -1.138543 5.350167 0.249268
v -1.146418 5.326945 0.286965
v -1.131207 5.326400 0.248119
v -1.153602 5.336400 0.260735
v -1.138543 5.350167 0.249268
v -1.140974 5.309560 0.263099
v -1.110956 5.328168 0.264520
v -1.131207 5.326400 0.248119
v -1.138543 5.350167 0.249268
v -1.109876 5.312167 0.260461
v -1.120259 5.300673 0.324260
v -1.133351 5.338168 0.277136
v -1.146418 5.326945 0.286965
v -1.143224 5.291229 0.330069
v -1.120259 5.300673 0.324260
v -1.093908 5.299097 0.307675
v -1.112359 5.324830 0.281548
v -1.133351 5.338168 0.277136
v -1.120259 5.300673 0.324260
v -1.059757 5.258782 0.358074
v -1.093908 5.299097 0.307675
v -1.091243 5.254401 0.387362
v -1.091243 5.254401 0.387362
v -1.143224 5.291229 0.330069
v -1.116823 5.229877 0.403747
v -1.120259 5.300673 0.324260
v -1.144143 5.269850 0.315552
v -1.153602 5.336400 0.260735
v -1.140974 5.309560 0.263099
v -1.129733 5.252863 0.294612
v -1.153602 5.336400 0.260735
v -1.144143 5.269850 0.315552
v -1.146418 5.326945 0.286965
v -1.143224 5.291229 0.330069
v -1.144143 5.269850 0.315552
v -1.116823 5.229877 0.403747
v -1.143224 5.291229 0.330069
v -1.114275 5.188879 0.388864
v -1.129733 5.252863 0.294612
v -1.114275 5.188879 0.388864
v -1.144143 5.269850 0.315552
v -1.094304 5.160500 0.360326
v -1.082830 5.287422 0.289862
v -1.112359 5.324830 0.281548
v -1.093908 5.299097 0.307675
v -1.110956 5.328168 0.264520
v -1.082830 5.287422 0.289862
v -1.109876 5.312167 0.260461
v -1.110956 5.328168 0.264520
v -1.087080 5.271355 0.278471
v -1.044585 5.239352 0.334248
v -1.087080 5.271355 0.278471
v -1.082830 5.287422 0.289862
v -1.046835 5.207304 0.324076
v -1.093908 5.299097 0.307675
v -1.044585 5.239352 0.334248
v -1.082830 5.287422 0.289862
v -1.059757 5.258782 0.358074
v -0.938397 5.106506 0.465783
v -0.968746 5.066425 0.462422
v -1.016467 5.111156 0.399286
v -0.991534 5.151394 0.392255
v -0.991534 5.151394 0.392255
v -1.067616 5.173830 0.335750
v -1.046835 5.207304 0.324076
v -1.016467 5.111156 0.399286
v -1.016467 5.111156 0.399286
v -1.046852 5.097148 0.422287
v -1.094304 5.160500 0.360326
v -1.067616 5.173830 0.335750
v -1.016467 5.111156 0.399286
v -0.968746 5.066425 0.462422
v -1.003289 5.056029 0.477593
v -1.046852 5.097148 0.422287
v -1.002108 5.223484 0.433306
v -0.929451 5.157635 0.486033
v -0.986638 5.195379 0.406633
v -0.931063 5.209253 0.517545
v -0.986638 5.195379 0.406633
v -1.044585 5.239352 0.334248
v -1.059757 5.258782 0.358074
v -1.002108 5.223484 0.433306
v -0.986638 5.195379 0.406633
v -1.046835 5.207304 0.324076
v -1.044585 5.239352 0.334248
v -0.991534 5.151394 0.392255
v -0.991534 5.151394 0.392255
v -0.929451 5.157635 0.486033
v -0.938397 5.106506 0.465783
v -0.986638 5.195379 0.406633
v -1.038277 5.216077 0.463164
v -1.019186 5.158804 0.551778
v -0.982210 5.204690 0.526324
v -1.068993 5.182440 0.477052
v -1.116823 5.229877 0.403747
v -1.038277 5.216077 0.463164
v -1.091243 5.254401 0.387362
v -1.068993 5.182440 0.477052
v -1.091243 5.254401 0.387362
v -1.002108 5.223484 0.433306
v -1.059757 5.258782 0.358074
v -1.038277 5.216077 0.463164
v -1.002108 5.223484 0.433306
v -0.982210 5.204690 0.526324
v -0.931063 5.209253 0.517545
v -1.038277 5.216077 0.463164
v -1.003289 5.056029 0.477593
v -1.068106 5.131853 0.455817
v -1.046852 5.097148 0.422287
v -1.024819 5.093953 0.512942
v -1.114275 5.188879 0.388864
v -1.046852 5.097148 0.422287
v -1.068106 5.131853 0.455817
v -1.094304 5.160500 0.360326
v -1.114275 5.188879 0.388864
v -1.068993 5.182440 0.477052
v -1.116823 5.229877 0.403747
v -1.068106 5.131853 0.455817
v -1.068993 5.182440 0.477052
v -1.024819 5.093953 0.512942
v -1.019186 5.158804 0.551778
v -1.068106 5.131853 0.455817
v -0.888725 5.189503 0.574228
v -0.871278 5.237957 0.624431
v -0.881269 5.151407 0.643666
v -0.872629 5.253117 0.582033
v -0.872629 5.253117 0.582033
v -0.863227 5.324779 0.624995
v -0.871278 5.237957 0.624431
v -0.865092 5.333960 0.585212
v -0.891885 5.332008 0.553114
v -0.872629 5.253117 0.582033
v -0.902039 5.256046 0.546605
v -0.865092 5.333960 0.585212
v -0.902039 5.256046 0.546605
v -0.888725 5.189503 0.574228
v -0.931063 5.209253 0.517545
v -0.872629 5.253117 0.582033
v -0.971315 4.992653 0.585868
v -1.003592 5.070363 0.556768
v -0.979527 5.030364 0.523347
v -0.997835 5.033401 0.617383
v -1.024819 5.093953 0.512942
v -0.979527 5.030364 0.523347
v -1.003592 5.070363 0.556768
v -1.003289 5.056029 0.477593
v -1.003592 5.070363 0.556768
v -1.019186 5.158804 0.551778
v -1.024819 5.093953 0.512942
v -1.007061 5.135601 0.593237
v -1.003592 5.070363 0.556768
v -0.994736 5.110564 0.647077
v -1.007061 5.135601 0.593237
v -0.997835 5.033401 0.617383
v -0.887117 5.035115 0.597033
v -0.926877 4.998388 0.581981
v -0.939934 5.037488 0.515815
v -0.904643 5.075521 0.527434
v -0.968746 5.066425 0.462422
v -0.904643 5.075521 0.527434
v -0.939934 5.037488 0.515815
v -0.938397 5.106506 0.465783
v -0.979527 5.030364 0.523347
v -0.968746 5.066425 0.462422
v -0.939934 5.037488 0.515815
v -1.003289 5.056029 0.477593
v -0.939934 5.037488 0.515815
v -0.971315 4.992653 0.585868
v -0.979527 5.030364 0.523347
v -0.926877 4.998388 0.581981
v -0.882661 4.961965 0.694402
v -0.918475 4.816827 0.808188
v -0.926423 4.923169 0.683435
v -0.872772 4.858479 0.809808
v -0.926877 4.998388 0.581981
v -0.882661 4.961965 0.694402
v -0.926423 4.923169 0.683435
v -0.887117 5.035115 0.597033
v -0.926423 4.923169 0.683435
v -0.971315 4.992653 0.585868
v -0.926877 4.998388 0.581981
v -0.974404 4.915395 0.691476
v -0.974404 4.915395 0.691476
v -0.918475 4.816827 0.808188
v -0.967571 4.806756 0.824452
v -0.926423 4.923169 0.683435
v -0.868768 5.015039 0.718025
v -0.887922 5.053201 0.743362
v -0.876986 4.951346 0.854415
v -0.858085 4.913220 0.828164
v -0.874628 5.087342 0.622332
v -0.887922 5.053201 0.743362
v -0.868768 5.015039 0.718025
v -0.881269 5.151407 0.643666
v -0.868768 5.015039 0.718025
v -0.887117 5.035115 0.597033
v -0.874628 5.087342 0.622332
v -0.882661 4.961965 0.694402
v -0.858085 4.913220 0.828164
v -0.882661 4.961965 0.694402
v -0.868768 5.015039 0.718025
v -0.872772 4.858479 0.809808
v -0.932043 4.943152 0.879721
v -0.994459 5.010288 0.756567
v -0.983708 4.903377 0.887144
v -0.943300 5.047255 0.759468
v -0.994459 5.010288 0.756567
v -0.934701 5.136594 0.669742
v -0.994736 5.110564 0.647077
v -0.943300 5.047255 0.759468
v -0.887922 5.053201 0.743362
v -0.934701 5.136594 0.669742
v -0.943300 5.047255 0.759468
v -0.881269 5.151407 0.643666
v -0.943300 5.047255 0.759468
v -0.876986 4.951346 0.854415
v -0.887922 5.053201 0.743362
v -0.932043 4.943152 0.879721
v -0.967571 4.806756 0.824452
v -1.000955 4.955385 0.724878
v -0.974404 4.915395 0.691476
v -0.992433 4.846759 0.859746
v -0.997835 5.033401 0.617383
v -0.974404 4.915395 0.691476
v -1.000955 4.955385 0.724878
v -0.971315 4.992653 0.585868
v -0.997835 5.033401 0.617383
v -0.994459 5.010288 0.756567
v -0.994736 5.110564 0.647077
v -1.000955 4.955385 0.724878
v -1.000955 4.955385 0.724878
v -0.983708 4.903377 0.887144
v -0.994459 5.010288 0.756567
v -0.992433 4.846759 0.859746
v -0.824764 4.783765 0.942367
v -0.842328 4.824014 0.966246
v -0.798537 4.718088 1.061806
v -0.782591 4.675596 1.040919
v -0.858085 4.913220 0.828164
v -0.842328 4.824014 0.966246
v -0.824764 4.783765 0.942367
v -0.876986 4.951346 0.854415
v -0.824764 4.783765 0.942367
v -0.872772 4.858479 0.809808
v -0.858085 4.913220 0.828164
v -0.838945 4.727066 0.933515
v -0.782591 4.675596 1.040919
v -0.838945 4.727066 0.933515
v -0.824764 4.783765 0.942367
v -0.795757 4.617528 1.040913
v -0.844998 4.714045 1.103062
v -0.942156 4.777479 1.020855
v -0.902580 4.673189 1.159476
v -0.893571 4.817374 1.000594
v -0.983708 4.903377 0.887144
v -0.893571 4.817374 1.000594
v -0.932043 4.943152 0.879721
v -0.942156 4.777479 1.020855
v -0.842328 4.824014 0.966246
v -0.932043 4.943152 0.879721
v -0.893571 4.817374 1.000594
v -0.876986 4.951346 0.854415
v -0.893571 4.817374 1.000594
v -0.844998 4.714045 1.103062
v -0.798537 4.718088 1.061806
v -0.842328 4.824014 0.966246
v -0.929589 4.674901 0.969075
v -0.926360 4.622948 1.130126
v -0.951745 4.717965 1.002479
v -0.895915 4.550102 1.116346
v -0.951745 4.717965 1.002479
v -0.992433 4.846759 0.859746
v -0.967571 4.806756 0.824452
v -0.929589 4.674901 0.969075
v -0.992433 4.846759 0.859746
v -0.942156 4.777479 1.020855
v -0.983708 4.903377 0.887144
v -0.951745 4.717965 1.002479
v -0.951745 4.717965 1.002479
v -0.902580 4.673189 1.159476
v -0.942156 4.777479 1.020855
v -0.926360 4.622948 1.130126
v -0.836633 4.574841 1.062299
v -0.882938 4.684356 0.944252
v -0.795757 4.617528 1.040913
v -0.838945 4.727066 0.933515
v -0.838945 4.727066 0.933515
v -0.918475 4.816827 0.808188
v -0.872772 4.858479 0.809808
v -0.882938 4.684356 0.944252
v -0.918475 4.816827 0.808188
v -0.882938 4.684356 0.944252
v -0.967571 4.806756 0.824452
v -0.929589 4.674901 0.969075
v -0.929589 4.674901 0.969075
v -0.836633 4.574841 1.062299
v -0.895915 4.550102 1.116346
v -0.882938 4.684356 0.944252
v -0.796383 4.537366 1.133002
v -0.706844 4.576749 1.173664
v -0.742777 4.535269 1.200732
v -0.757781 4.579665 1.107391
v -0.836633 4.574841 1.062299
v -0.757781 4.579665 1.107391
v -0.796383 4.537366 1.133002
v -0.795757 4.617528 1.040913
v -0.796383 4.537366 1.133002
v -0.857086 4.519885 1.180593
v -0.895915 4.550102 1.116346
v -0.836633 4.574841 1.062299
v -0.796383 4.537366 1.133002
v -0.803481 4.523413 1.242004
v -0.857086 4.519885 1.180593
v -0.742777 4.535269 1.200732
v -0.760206 4.680452 1.124045
v -0.695284 4.633523 1.169642
v -0.745355 4.637636 1.104107
v -0.708935 4.675426 1.189686
v -0.782591 4.675596 1.040919
v -0.760206 4.680452 1.124045
v -0.745355 4.637636 1.104107
v -0.798537 4.718088 1.061806
v -0.782591 4.675596 1.040919
v -0.745355 4.637636 1.104107
v -0.795757 4.617528 1.040913
v -0.757781 4.579665 1.107391
v -0.757781 4.579665 1.107391
v -0.695284 4.633523 1.169642
v -0.706844 4.576749 1.173664
v -0.745355 4.637636 1.104107
v -0.858746 4.665514 1.225015
v -0.748634 4.672296 1.234819
v -0.803437 4.677290 1.168102
v -0.807251 4.644218 1.281324
v -0.803437 4.677290 1.168102
v -0.844998 4.714045 1.103062
v -0.902580 4.673189 1.159476
v -0.858746 4.665514 1.225015
v -0.844998 4.714045 1.103062
v -0.760206 4.680452 1.124045
v -0.798537 4.718088 1.061806
v -0.803437 4.677290 1.168102
v -0.803437 4.677290 1.168102
v -0.708935 4.675426 1.189686
v -0.760206 4.680452 1.124045
v -0.748634 4.672296 1.234819
v -0.963018 4.558692 1.218679
v -0.857086 4.519885 1.180593
v -0.935817 4.536369 1.249820
v -0.895915 4.550102 1.116346
v -0.935817 4.536369 1.249820
v -1.020057 4.582007 1.327857
v -1.042406 4.605113 1.295971
v -0.963018 4.558692 1.218679
v -0.935817 4.536369 1.249820
v -0.983550 4.592972 1.363334
v -1.020057 4.582007 1.327857
v -0.902118 4.550577 1.289387
v -0.902118 4.550577 1.289387
v -0.857086 4.519885 1.180593
v -0.803481 4.523413 1.242004
v -0.935817 4.536369 1.249820
v -0.575660 4.353805 2.350262
v -0.523598 4.338099 2.273943
v -0.557908 4.388095 2.351608
v -0.545566 4.301765 2.270607
v -0.557908 4.388095 2.351608
v -0.603227 4.460392 2.429343
v -0.623958 4.432265 2.429148
v -0.575660 4.353805 2.350262
v -0.603227 4.460392 2.429343
v -0.557239 4.424115 2.332219
v -0.595176 4.486543 2.408491
v -0.557908 4.388095 2.351608
v -0.557908 4.388095 2.351608
v -0.519264 4.379996 2.256295
v -0.557239 4.424115 2.332219
v -0.523598 4.338099 2.273943
v -0.382779 4.405015 2.131552
v -0.470230 4.398559 2.174108
v -0.383891 4.370031 2.164781
v -0.460006 4.370458 2.207745
v -0.539834 4.400283 2.224444
v -0.460006 4.370458 2.207745
v -0.470230 4.398559 2.174108
v -0.519264 4.379996 2.256295
v -0.496021 4.399548 2.139861
v -0.539834 4.400283 2.224444
v -0.470230 4.398559 2.174108
v -0.569920 4.395042 2.196359
v -0.470230 4.398559 2.174108
v -0.382779 4.405015 2.131552
v -0.404524 4.413358 2.094351
v -0.496021 4.399548 2.139861
v -0.546863 4.318948 2.136133
v -0.474204 4.298447 2.115667
v -0.532503 4.290109 2.171664
v -0.478738 4.333160 2.081475
v -0.532503 4.290109 2.171664
v -0.577897 4.298166 2.239509
v -0.600713 4.320096 2.204644
v -0.546863 4.318948 2.136133
v -0.577897 4.298166 2.239509
v -0.502574 4.288382 2.207806
v -0.545566 4.301765 2.270607
v -0.532503 4.290109 2.171664
v -0.532503 4.290109 2.171664
v -0.446813 4.290375 2.153831
v -0.502574 4.288382 2.207806
v -0.474204 4.298447 2.115667
v -0.496021 4.399548 2.139861
v -0.446011 4.380435 2.076014
v -0.528134 4.364219 2.126367
v -0.404524 4.413358 2.094351
v -0.528134 4.364219 2.126367
v -0.594133 4.360350 2.190010
v -0.569920 4.395042 2.196359
v -0.496021 4.399548 2.139861
v -0.594133 4.360350 2.190010
v -0.546863 4.318948 2.136133
v -0.600713 4.320096 2.204644
v -0.528134 4.364219 2.126367
v -0.528134 4.364219 2.126367
v -0.478738 4.333160 2.081475
v -0.546863 4.318948 2.136133
v -0.446011 4.380435 2.076014
v -0.474598 4.324449 2.219405
v -0.519264 4.379996 2.256295
v -0.523598 4.338099 2.273943
v -0.460006 4.370458 2.207745
v -0.410972 4.323027 2.171205
v -0.460006 4.370458 2.207745
v -0.474598 4.324449 2.219405
v -0.383891 4.370031 2.164781
v -0.474598 4.324449 2.219405
v -0.446813 4.290375 2.153831
v -0.410972 4.323027 2.171205
v -0.502574 4.288382 2.207806
v -0.474598 4.324449 2.219405
v -0.523598 4.338099 2.273943
v -0.545566 4.301765 2.270607
v -0.502574 4.288382 2.207806
v -0.303170 5.035352 1.529671
v -0.309976 4.904122 1.515258
v -0.275597 4.901371 1.526901
v -0.335433 5.039528 1.522503
v -0.303170 5.035352 1.529671
v -0.354026 5.129271 1.527709
v -0.335433 5.039528 1.522503
v -0.339227 5.151448 1.533961
v -0.339227 5.151448 1.533961
v -0.303170 5.035352 1.529671
v -0.309992 5.131061 1.526047
v -0.271277 5.042407 1.523857
v -0.275597 4.901371 1.526901
v -0.271277 5.042407 1.523857
v -0.303170 5.035352 1.529671
v -0.236349 4.901999 1.522169
v -0.346609 5.053427 1.498702
v -0.295635 4.910610 1.456566
v -0.315121 4.907111 1.483165
v -0.336436 5.069520 1.477403
v -0.346609 5.053427 1.498702
v -0.360615 5.161563 1.498410
v -0.336436 5.069520 1.477403
v -0.374459 5.176726 1.518353
v -0.354026 5.129271 1.527709
v -0.346609 5.053427 1.498702
v -0.335433 5.039528 1.522503
v -0.374459 5.176726 1.518353
v -0.315121 4.907111 1.483165
v -0.335433 5.039528 1.522503
v -0.346609 5.053427 1.498702
v -0.309976 4.904122 1.515258
v -0.271277 5.042407 1.523857
v -0.216597 4.909147 1.505139
v -0.261208 5.062199 1.508711
v -0.236349 4.901999 1.522169
v -0.261208 5.062199 1.508711
v -0.318188 5.180068 1.515761
v -0.309992 5.131061 1.526047
v -0.271277 5.042407 1.523857
v -0.261208 5.062199 1.508711
v -0.272490 5.079798 1.491062
v -0.316675 5.166643 1.502217
v -0.318188 5.180068 1.515761
v -0.261208 5.062199 1.508711
v -0.216597 4.909147 1.505139
v -0.221477 4.915785 1.482615
v -0.272490 5.079798 1.491062
v -0.318188 5.180068 1.515761
v -0.339227 5.151448 1.533961
v -0.309992 5.131061 1.526047
v -0.360462 5.218592 1.521507
v -0.374459 5.176726 1.518353
v -0.339227 5.151448 1.533961
v -0.360462 5.218592 1.521507
v -0.354026 5.129271 1.527709
v -0.374459 5.176726 1.518353
v -0.353420 5.205346 1.500154
v -0.360615 5.161563 1.498410
v -0.360462 5.218592 1.521507
v -0.318188 5.180068 1.515761
v -0.353420 5.205346 1.500154
v -0.360462 5.218592 1.521507
v -0.316675 5.166643 1.502217
v -0.228558 4.647972 1.539560
v -0.236627 4.767224 1.536329
v -0.255276 4.660492 1.569970
v -0.211431 4.765074 1.509831
v -0.211431 4.765074 1.509831
v -0.236349 4.901999 1.522169
v -0.236627 4.767224 1.536329
v -0.216597 4.909147 1.505139
v -0.212928 4.770705 1.478964
v -0.216597 4.909147 1.505139
v -0.211431 4.765074 1.509831
v -0.221477 4.915785 1.482615
v -0.211431 4.765074 1.509831
v -0.228558 4.647972 1.539560
v -0.229022 4.651110 1.502592
v -0.212928 4.770705 1.478964
v -0.266891 4.671085 1.480092
v -0.212928 4.770705 1.478964
v -0.229022 4.651110 1.502592
v -0.249818 4.780694 1.458272
v -0.249818 4.780694 1.458272
v -0.221477 4.915785 1.482615
v -0.212928 4.770705 1.478964
v -0.256122 4.914887 1.461404
v -0.294208 4.790652 1.458990
v -0.256122 4.914887 1.461404
v -0.249818 4.780694 1.458272
v -0.295635 4.910610 1.456566
v -0.249818 4.780694 1.458272
v -0.312777 4.695163 1.480766
v -0.294208 4.790652 1.458990
v -0.266891 4.671085 1.480092
v -0.298955 4.687495 1.572792
v -0.279814 4.780574 1.543911
v -0.334618 4.710395 1.552439
v -0.315503 4.793954 1.530083
v -0.315503 4.793954 1.530083
v -0.275597 4.901371 1.526901
v -0.309976 4.904122 1.515258
v -0.279814 4.780574 1.543911
v -0.236349 4.901999 1.522169
v -0.279814 4.780574 1.543911
v -0.236627 4.767224 1.536329
v -0.275597 4.901371 1.526901
v -0.298955 4.687495 1.572792
v -0.236627 4.767224 1.536329
v -0.279814 4.780574 1.543911
v -0.255276 4.660492 1.569970
v -0.256122 4.914887 1.461404
v -0.272490 5.079798 1.491062
v -0.221477 4.915785 1.482615
v -0.304648 5.080274 1.477742
v -0.304648 5.080274 1.477742
v -0.353420 5.205346 1.500154
v -0.316675 5.166643 1.502217
v -0.272490 5.079798 1.491062
v -0.304648 5.080274 1.477742
v -0.360615 5.161563 1.498410
v -0.353420 5.205346 1.500154
v -0.336436 5.069520 1.477403
v -0.304648 5.080274 1.477742
v -0.256122 4.914887 1.461404
v -0.295635 4.910610 1.456566
v -0.336436 5.069520 1.477403
v -0.298373 4.563447 1.711587
v -0.250825 4.575829 1.611099
v -0.275464 4.604218 1.626727
v -0.267686 4.521691 1.700889
v -0.250825 4.575829 1.611099
v -0.228558 4.647972 1.539560
v -0.255276 4.660492 1.569970
v -0.275464 4.604218 1.626727
v -0.228558 4.647972 1.539560
v -0.251936 4.563556 1.575983
v -0.229022 4.651110 1.502592
v -0.250825 4.575829 1.611099
v -0.273279 4.476961 1.677797
v -0.250825 4.575829 1.611099
v -0.267686 4.521691 1.700889
v -0.251936 4.563556 1.575983
v -0.316000 4.506149 1.601191
v -0.251936 4.563556 1.575983
v -0.273279 4.476961 1.677797
v -0.288494 4.579453 1.538608
v -0.288494 4.579453 1.538608
v -0.266891 4.671085 1.480092
v -0.229022 4.651110 1.502592
v -0.251936 4.563556 1.575983
v -0.331967 4.609653 1.517990
v -0.266891 4.671085 1.480092
v -0.288494 4.579453 1.538608
v -0.312777 4.695163 1.480766
v -0.288494 4.579453 1.538608
v -0.370613 4.535727 1.540774
v -0.331967 4.609653 1.517990
v -0.316000 4.506149 1.601191
v -0.331967 4.609653 1.517990
v -0.383957 4.598454 1.528635
v -0.353821 4.640292 1.533143
v -0.370613 4.535727 1.540774
v -0.312777 4.695163 1.480766
v -0.331967 4.609653 1.517990
v -0.353821 4.640292 1.533143
v -0.337289 4.710608 1.513323
v -0.353821 4.640292 1.533143
v -0.349927 4.654814 1.567785
v -0.334618 4.710395 1.552439
v -0.337289 4.710608 1.513323
v -0.353821 4.640292 1.533143
v -0.385056 4.624999 1.567019
v -0.349927 4.654814 1.567785
v -0.383957 4.598454 1.528635
v -0.337289 4.710608 1.513323
v -0.294208 4.790652 1.458990
v -0.312777 4.695163 1.480766
v -0.318201 4.796193 1.492351
v -0.315121 4.907111 1.483165
v -0.294208 4.790652 1.458990
v -0.318201 4.796193 1.492351
v -0.295635 4.910610 1.456566
v -0.318201 4.796193 1.492351
v -0.315503 4.793954 1.530083
v -0.309976 4.904122 1.515258
v -0.315121 4.907111 1.483165
v -0.315503 4.793954 1.530083
v -0.337289 4.710608 1.513323
v -0.334618 4.710395 1.552439
v -0.318201 4.796193 1.492351
v -0.348893 4.390806 1.721050
v -0.413664 4.463470 1.686813
v -0.385714 4.431871 1.657981
v -0.380617 4.422275 1.748552
v -0.462330 4.498708 1.628369
v -0.385714 4.431871 1.657981
v -0.413664 4.463470 1.686813
v -0.439788 4.463603 1.598314
v -0.462330 4.498708 1.628369
v -0.418790 4.517174 1.700933
v -0.463312 4.553225 1.639417
v -0.413664 4.463470 1.686813
v -0.413664 4.463470 1.686813
v -0.388581 4.477102 1.765192
v -0.418790 4.517174 1.700933
v -0.380617 4.422275 1.748552
v -0.418790 4.517174 1.700933
v -0.354144 4.526009 1.751278
v -0.385251 4.563832 1.679567
v -0.388581 4.477102 1.765192
v -0.385251 4.563832 1.679567
v -0.431363 4.596001 1.610964
v -0.463312 4.553225 1.639417
v -0.418790 4.517174 1.700933
v -0.431363 4.596001 1.610964
v -0.341540 4.603609 1.641529
v -0.385056 4.624999 1.567019
v -0.385251 4.563832 1.679567
v -0.385251 4.563832 1.679567
v -0.298373 4.563447 1.711587
v -0.341540 4.603609 1.641529
v -0.354144 4.526009 1.751278
v -0.349927 4.654814 1.567785
v -0.341540 4.603609 1.641529
v -0.316153 4.636668 1.605634
v -0.385056 4.624999 1.567019
v -0.349927 4.654814 1.567785
v -0.298955 4.687495 1.572792
v -0.334618 4.710395 1.552439
v -0.316153 4.636668 1.605634
v -0.316153 4.636668 1.605634
v -0.255276 4.660492 1.569970
v -0.298955 4.687495 1.572792
v -0.275464 4.604218 1.626727
v -0.341540 4.603609 1.641529
v -0.275464 4.604218 1.626727
v -0.316153 4.636668 1.605634
v -0.298373 4.563447 1.711587
v -0.350783 4.451526 1.635211
v -0.273279 4.476961 1.677797
v -0.312045 4.411972 1.702380
v -0.316000 4.506149 1.601191
v -0.407061 4.479061 1.569745
v -0.316000 4.506149 1.601191
v -0.350783 4.451526 1.635211
v -0.370613 4.535727 1.540774
v -0.385714 4.431871 1.657981
v -0.407061 4.479061 1.569745
v -0.350783 4.451526 1.635211
v -0.439788 4.463603 1.598314
v -0.385714 4.431871 1.657981
v -0.312045 4.411972 1.702380
v -0.348893 4.390806 1.721050
v -0.350783 4.451526 1.635211
v -0.407061 4.479061 1.569745
v -0.450286 4.545736 1.479473
v -0.370613 4.535727 1.540774
v -0.476951 4.504092 1.504631
v -0.560162 4.522932 1.423470
v -0.450286 4.545736 1.479473
v -0.476951 4.504092 1.504631
v -0.532331 4.562677 1.393722
v -0.476951 4.504092 1.504631
v -0.506916 4.492902 1.538867
v -0.589268 4.514923 1.461329
v -0.560162 4.522932 1.423470
v -0.476951 4.504092 1.504631
v -0.407061 4.479061 1.569745
v -0.439788 4.463603 1.598314
v -0.506916 4.492902 1.538867
v -0.443852 4.598310 1.476622
v -0.385056 4.624999 1.567019
v -0.383957 4.598454 1.528635
v -0.457268 4.634227 1.496854
v -0.443852 4.598310 1.476622
v -0.523929 4.615807 1.388393
v -0.534919 4.654234 1.408715
v -0.457268 4.634227 1.496854
v -0.523929 4.615807 1.388393
v -0.450286 4.545736 1.479473
v -0.532331 4.562677 1.393722
v -0.443852 4.598310 1.476622
v -0.450286 4.545736 1.479473
v -0.383957 4.598454 1.528635
v -0.370613 4.535727 1.540774
v -0.443852 4.598310 1.476622
v -0.519736 4.587128 1.575950
v -0.431363 4.596001 1.610964
v -0.490152 4.625904 1.540941
v -0.463312 4.553225 1.639417
v -0.490152 4.625904 1.540941
v -0.565261 4.649875 1.455917
v -0.594328 4.613780 1.495008
v -0.519736 4.587128 1.575950
v -0.565261 4.649875 1.455917
v -0.457268 4.634227 1.496854
v -0.534919 4.654234 1.408715
v -0.490152 4.625904 1.540941
v -0.490152 4.625904 1.540941
v -0.385056 4.624999 1.567019
v -0.457268 4.634227 1.496854
v -0.431363 4.596001 1.610964
v -0.523250 4.531687 1.568949
v -0.506916 4.492902 1.538867
v -0.439788 4.463603 1.598314
v -0.462330 4.498708 1.628369
v -0.506916 4.492902 1.538867
v -0.601494 4.557001 1.490993
v -0.589268 4.514923 1.461329
v -0.523250 4.531687 1.568949
v -0.601494 4.557001 1.490993
v -0.519736 4.587128 1.575950
v -0.594328 4.613780 1.495008
v -0.523250 4.531687 1.568949
v -0.463312 4.553225 1.639417
v -0.523250 4.531687 1.568949
v -0.462330 4.498708 1.628369
v -0.519736 4.587128 1.575950
v -0.330364 4.434420 1.904305
v -0.375094 4.431138 1.836890
v -0.367377 4.389773 1.906157
v -0.340370 4.479145 1.830626
v -0.340370 4.479145 1.830626
v -0.354144 4.526009 1.751278
v -0.388581 4.477102 1.765192
v -0.375094 4.431138 1.836890
v -0.354144 4.526009 1.751278
v -0.294246 4.495086 1.809857
v -0.298373 4.563447 1.711587
v -0.340370 4.479145 1.830626
v -0.340370 4.479145 1.830626
v -0.330364 4.434420 1.904305
v -0.281949 4.445065 1.889365
v -0.294246 4.495086 1.809857
v -0.294246 4.495086 1.809857
v -0.254795 4.404954 1.865903
v -0.268590 4.458600 1.785371
v -0.281949 4.445065 1.889365
v -0.267686 4.521691 1.700889
v -0.294246 4.495086 1.809857
v -0.268590 4.458600 1.785371
v -0.298373 4.563447 1.711587
v -0.268590 4.458600 1.785371
v -0.273279 4.476961 1.677797
v -0.267686 4.521691 1.700889
v -0.267425 4.400321 1.769006
v -0.267425 4.400321 1.769006
v -0.254795 4.404954 1.865903
v -0.244564 4.322475 1.844700
v -0.268590 4.458600 1.785371
v -0.294775 4.350882 1.772601
v -0.267425 4.400321 1.769006
v -0.244564 4.322475 1.844700
v -0.283978 4.277270 1.832017
v -0.312045 4.411972 1.702380
v -0.267425 4.400321 1.769006
v -0.294775 4.350882 1.772601
v -0.273279 4.476961 1.677797
v -0.312045 4.411972 1.702380
v -0.294775 4.350882 1.772601
v -0.348893 4.390806 1.721050
v -0.333523 4.333508 1.790703
v -0.333523 4.333508 1.790703
v -0.283978 4.277270 1.832017
v -0.327473 4.256858 1.869128
v -0.294775 4.350882 1.772601
v -0.685256 4.540945 2.484092
v -0.623958 4.432265 2.429148
v -0.603227 4.460392 2.429343
v -0.721562 4.524905 2.489643
v -0.758844 4.599394 2.506829
v -0.721562 4.524905 2.489643
v -0.685256 4.540945 2.484092
v -0.771301 4.574215 2.503588
v -0.758844 4.599394 2.506829
v -0.685256 4.540945 2.484092
v -0.708603 4.585611 2.477688
v -0.654317 4.551008 2.458086
v -0.654317 4.551008 2.458086
v -0.603227 4.460392 2.429343
v -0.595176 4.486543 2.408491
v -0.685256 4.540945 2.484092
v -0.732571 4.501410 2.422666
v -0.646619 4.418047 2.397864
v -0.737425 4.507879 2.460479
v -0.660264 4.423026 2.361271
v -0.737425 4.507879 2.460479
v -0.805401 4.581236 2.494876
v -0.773173 4.554775 2.456569
v -0.732571 4.501410 2.422666
v -0.805401 4.581236 2.494876
v -0.737425 4.507879 2.460479
v -0.771301 4.574215 2.503588
v -0.721562 4.524905 2.489643
v -0.721562 4.524905 2.489643
v -0.646619 4.418047 2.397864
v -0.623958 4.432265 2.429148
v -0.737425 4.507879 2.460479
v -0.706727 4.517040 2.402274
v -0.675516 4.538646 2.402337
v -0.634948 4.483921 2.350080
v -0.653946 4.452485 2.345151
v -0.706727 4.517040 2.402274
v -0.757416 4.573174 2.447559
v -0.715004 4.571120 2.435660
v -0.675516 4.538646 2.402337
v -0.706727 4.517040 2.402274
v -0.773173 4.554775 2.456569
v -0.757416 4.573174 2.447559
v -0.732571 4.501410 2.422666
v -0.653946 4.452485 2.345151
v -0.732571 4.501410 2.422666
v -0.706727 4.517040 2.402274
v -0.660264 4.423026 2.361271
v -0.778843 4.605381 2.488531
v -0.805401 4.581236 2.494876
v -0.771301 4.574215 2.503588
v -0.758844 4.599394 2.506829
v -0.757416 4.573174 2.447559
v -0.805401 4.581236 2.494876
v -0.778843 4.605381 2.488531
v -0.773173 4.554775 2.456569
v -0.757416 4.573174 2.447559
v -0.710860 4.591331 2.459512
v -0.715004 4.571120 2.435660
v -0.778843 4.605381 2.488531
v -0.710860 4.591331 2.459512
v -0.758844 4.599394 2.506829
v -0.708603 4.585611 2.477688
v -0.778843 4.605381 2.488531
v -0.313658 4.406702 2.049749
v -0.311953 4.385589 2.001168
v -0.365526 4.382811 2.037226
v -0.253957 4.399823 2.003179
v -0.365526 4.382811 2.037226
v -0.446011 4.380435 2.076014
v -0.404524 4.413358 2.094351
v -0.313658 4.406702 2.049749
v -0.446011 4.380435 2.076014
v -0.409209 4.340646 2.043534
v -0.478738 4.333160 2.081475
v -0.365526 4.382811 2.037226
v -0.365526 4.382811 2.037226
v -0.360410 4.348420 2.008641
v -0.409209 4.340646 2.043534
v -0.311953 4.385589 2.001168
v -0.209370 4.318571 2.037642
v -0.226088 4.376226 2.015861
v -0.289614 4.391209 2.078616
v -0.295340 4.353244 2.105619
v -0.289614 4.391209 2.078616
v -0.382779 4.405015 2.131552
v -0.383891 4.370031 2.164781
v -0.295340 4.353244 2.105619
v -0.313658 4.406702 2.049749
v -0.382779 4.405015 2.131552
v -0.289614 4.391209 2.078616
v -0.404524 4.413358 2.094351
v -0.289614 4.391209 2.078616
v -0.226088 4.376226 2.015861
v -0.253957 4.399823 2.003179
v -0.313658 4.406702 2.049749
v -0.319567 4.255710 2.047483
v -0.332785 4.309719 2.112554
v -0.378414 4.284467 2.100657
v -0.264438 4.275185 2.069286
v -0.410972 4.323027 2.171205
v -0.378414 4.284467 2.100657
v -0.332785 4.309719 2.112554
v -0.446813 4.290375 2.153831
v -0.332785 4.309719 2.112554
v -0.383891 4.370031 2.164781
v -0.410972 4.323027 2.171205
v -0.295340 4.353244 2.105619
v -0.295340 4.353244 2.105619
v -0.264438 4.275185 2.069286
v -0.209370 4.318571 2.037642
v -0.332785 4.309719 2.112554
v -0.654558 4.550105 2.425887
v -0.595176 4.486543 2.408491
v -0.610554 4.494830 2.376631
v -0.654317 4.551008 2.458086
v -0.654317 4.551008 2.458086
v -0.710860 4.591331 2.459512
v -0.708603 4.585611 2.477688
v -0.654558 4.550105 2.425887
v -0.654558 4.550105 2.425887
v -0.675516 4.538646 2.402337
v -0.715004 4.571120 2.435660
v -0.710860 4.591331 2.459512
v -0.675516 4.538646 2.402337
v -0.610554 4.494830 2.376631
v -0.634948 4.483921 2.350080
v -0.654558 4.550105 2.425887
v -0.594133 4.360350 2.190010
v -0.626242 4.395014 2.268667
v -0.569920 4.395042 2.196359
v -0.607989 4.429609 2.273926
v -0.653946 4.452485 2.345151
v -0.607989 4.429609 2.273926
v -0.626242 4.395014 2.268667
v -0.634948 4.483921 2.350080
v -0.626242 4.395014 2.268667
v -0.660264 4.423026 2.361271
v -0.653946 4.452485 2.345151
v -0.627412 4.358688 2.284144
v -0.627412 4.358688 2.284144
v -0.594133 4.360350 2.190010
v -0.600713 4.320096 2.204644
v -0.626242 4.395014 2.268667
v -0.579461 4.438631 2.300718
v -0.519264 4.379996 2.256295
v -0.539834 4.400283 2.224444
v -0.557239 4.424115 2.332219
v -0.610554 4.494830 2.376631
v -0.557239 4.424115 2.332219
v -0.579461 4.438631 2.300718
v -0.595176 4.486543 2.408491
v -0.610554 4.494830 2.376631
v -0.579461 4.438631 2.300718
v -0.634948 4.483921 2.350080
v -0.607989 4.429609 2.273926
v -0.607989 4.429609 2.273926
v -0.539834 4.400283 2.224444
v -0.569920 4.395042 2.196359
v -0.579461 4.438631 2.300718
v -0.627412 4.358688 2.284144
v -0.577897 4.298166 2.239509
v -0.604690 4.344478 2.319558
v -0.600713 4.320096 2.204644
v -0.604690 4.344478 2.319558
v -0.646619 4.418047 2.397864
v -0.660264 4.423026 2.361271
v -0.627412 4.358688 2.284144
v -0.646619 4.418047 2.397864
v -0.575660 4.353805 2.350262
v -0.623958 4.432265 2.429148
v -0.604690 4.344478 2.319558
v -0.604690 4.344478 2.319558
v -0.577897 4.298166 2.239509
v -0.545566 4.301765 2.270607
v -0.575660 4.353805 2.350262
v -0.408697 4.301321 2.071164
v -0.360410 4.348420 2.008641
v -0.359664 4.303212 2.024413
v -0.409209 4.340646 2.043534
v -0.408697 4.301321 2.071164
v -0.474204 4.298447 2.115667
v -0.478738 4.333160 2.081475
v -0.409209 4.340646 2.043534
v -0.408697 4.301321 2.071164
v -0.446813 4.290375 2.153831
v -0.474204 4.298447 2.115667
v -0.378414 4.284467 2.100657
v -0.378414 4.284467 2.100657
v -0.359664 4.303212 2.024413
v -0.319567 4.255710 2.047483
v -0.408697 4.301321 2.071164
v -0.207670 4.315879 1.942204
v -0.226088 4.376226 2.015861
v -0.209370 4.318571 2.037642
v -0.227554 4.379152 1.943845
v -0.226088 4.376226 2.015861
v -0.227554 4.379152 1.943845
v -0.253957 4.399823 2.003179
v -0.255953 4.412961 1.951762
v -0.227554 4.379152 1.943845
v -0.254795 4.404954 1.865903
v -0.281949 4.445065 1.889365
v -0.255953 4.412961 1.951762
v -0.227554 4.379152 1.943845
v -0.207670 4.315879 1.942204
v -0.244564 4.322475 1.844700
v -0.254795 4.404954 1.865903
v -0.350784 4.308606 1.961676
v -0.327473 4.256858 1.869128
v -0.328442 4.243366 1.964190
v -0.360326 4.327883 1.890356
v -0.360326 4.327883 1.890356
v -0.354474 4.363498 1.963129
v -0.367377 4.389773 1.906157
v -0.350784 4.308606 1.961676
v -0.350784 4.308606 1.961676
v -0.359664 4.303212 2.024413
v -0.360410 4.348420 2.008641
v -0.354474 4.363498 1.963129
v -0.359664 4.303212 2.024413
v -0.328442 4.243366 1.964190
v -0.319567 4.255710 2.047483
v -0.350784 4.308606 1.961676
v -0.310562 4.403013 1.959007
v -0.311953 4.385589 2.001168
v -0.253957 4.399823 2.003179
v -0.255953 4.412961 1.951762
v -0.311953 4.385589 2.001168
v -0.354474 4.363498 1.963129
v -0.360410 4.348420 2.008641
v -0.310562 4.403013 1.959007
v -0.330364 4.434420 1.904305
v -0.354474 4.363498 1.963129
v -0.310562 4.403013 1.959007
v -0.367377 4.389773 1.906157
v -0.310562 4.403013 1.959007
v -0.255953 4.412961 1.951762
v -0.281949 4.445065 1.889365
v -0.330364 4.434420 1.904305
v -0.316395 4.172809 1.980212
v -0.295007 4.103953 1.930610
v -0.309495 4.099593 2.002988
v -0.307107 4.177307 1.905440
v -0.328442 4.243366 1.964190
v -0.307107 4.177307 1.905440
v -0.316395 4.172809 1.980212
v -0.327473 4.256858 1.869128
v -0.291235 4.184465 2.048377
v -0.328442 4.243366 1.964190
v -0.316395 4.172809 1.980212
v -0.319567 4.255710 2.047483
v -0.291235 4.184465 2.048377
v -0.309495 4.099593 2.002988
v -0.282847 4.108183 2.067615
v -0.316395 4.172809 1.980212
v -0.213356 4.129704 2.085793
v -0.291235 4.184465 2.048377
v -0.282847 4.108183 2.067615
v -0.230336 4.210085 2.067235
v -0.264438 4.275185 2.069286
v -0.291235 4.184465 2.048377
v -0.230336 4.210085 2.067235
v -0.319567 4.255710 2.047483
v -0.264438 4.275185 2.069286
v -0.178019 4.233222 2.035976
v -0.209370 4.318571 2.037642
v -0.230336 4.210085 2.067235
v -0.230336 4.210085 2.067235
v -0.213356 4.129704 2.085793
v -0.150798 4.149120 2.054818
v -0.178019 4.233222 2.035976
v -0.264662 4.200154 1.866765
v -0.180233 4.140722 1.896903
v -0.241086 4.121285 1.889180
v -0.213636 4.225484 1.878207
v -0.213636 4.225484 1.878207
v -0.283978 4.277270 1.832017
v -0.244564 4.322475 1.844700
v -0.264662 4.200154 1.866765
v -0.264662 4.200154 1.866765
v -0.327473 4.256858 1.869128
v -0.283978 4.277270 1.832017
v -0.307107 4.177307 1.905440
v -0.241086 4.121285 1.889180
v -0.307107 4.177307 1.905440
v -0.264662 4.200154 1.866765
v -0.295007 4.103953 1.930610
v -0.144947 4.151396 1.971985
v -0.178019 4.233222 2.035976
v -0.150798 4.149120 2.054818
v -0.178604 4.237431 1.953788
v -0.178604 4.237431 1.953788
v -0.209370 4.318571 2.037642
v -0.178019 4.233222 2.035976
v -0.207670 4.315879 1.942204
v -0.213636 4.225484 1.878207
v -0.207670 4.315879 1.942204
v -0.178604 4.237431 1.953788
v -0.244564 4.322475 1.844700
v -0.178604 4.237431 1.953788
v -0.144947 4.151396 1.971985
v -0.180233 4.140722 1.896903
v -0.213636 4.225484 1.878207
v -0.333523 4.333508 1.790703
v -0.360326 4.327883 1.890356
v -0.366554 4.371426 1.817857
v -0.327473 4.256858 1.869128
v -0.380617 4.422275 1.748552
v -0.333523 4.333508 1.790703
v -0.366554 4.371426 1.817857
v -0.348893 4.390806 1.721050
v -0.380617 4.422275 1.748552
v -0.375094 4.431138 1.836890
v -0.388581 4.477102 1.765192
v -0.366554 4.371426 1.817857
v -0.366554 4.371426 1.817857
v -0.367377 4.389773 1.906157
v -0.375094 4.431138 1.836890
v -0.360326 4.327883 1.890356
v 1.279166 5.121998 0.447786
v 1.348339 5.198131 0.412916
v 1.302779 5.107556 0.474764
v 1.326892 5.202850 0.397334
v 1.326892 5.202850 0.397334
v 1.357471 5.271434 0.366929
v 1.365016 5.254211 0.382735
v 1.348339 5.198131 0.412916
v 1.357471 5.271434 0.366929
v 1.326892 5.202850 0.397334
v 1.334455 5.258181 0.377155
v 1.308273 5.218451 0.392826
v 1.326892 5.202850 0.397334
v 1.279166 5.121998 0.447786
v 1.261086 5.156330 0.434257
v 1.308273 5.218451 0.392826
v 1.261707 4.851303 1.585793
v 1.267234 4.942781 1.621396
v 1.278667 4.904675 1.625543
v 1.281049 4.828526 1.602060
v 1.261707 4.851303 1.585793
v 1.230321 4.871006 1.583003
v 1.242156 4.930236 1.611341
v 1.267234 4.942781 1.621396
v 1.261707 4.851303 1.585793
v 1.236871 4.742912 1.536713
v 1.203278 4.772933 1.536839
v 1.230321 4.871006 1.583003
v 1.281049 4.828526 1.602060
v 1.236871 4.742912 1.536713
v 1.261707 4.851303 1.585793
v 1.255250 4.709703 1.552495
v 1.203961 4.872987 1.600189
v 1.227930 4.952594 1.629623
v 1.242156 4.930236 1.611341
v 1.230321 4.871006 1.583003
v 1.218066 4.923035 1.639254
v 1.203961 4.872987 1.600189
v 1.194431 4.861052 1.623654
v 1.227930 4.952594 1.629623
v 1.171887 4.778062 1.558195
v 1.194431 4.861052 1.623654
v 1.203961 4.872987 1.600189
v 1.157773 4.762430 1.584718
v 1.203961 4.872987 1.600189
v 1.203278 4.772933 1.536839
v 1.171887 4.778062 1.558195
v 1.230321 4.871006 1.583003
v 1.271278 4.817322 1.625304
v 1.276181 4.923643 1.648798
v 1.254364 4.898122 1.653260
v 1.244678 4.820034 1.642270
v 1.271278 4.817322 1.625304
v 1.281049 4.828526 1.602060
v 1.278667 4.904675 1.625543
v 1.276181 4.923643 1.648798
v 1.271278 4.817322 1.625304
v 1.240998 4.695016 1.578866
v 1.255250 4.709703 1.552495
v 1.281049 4.828526 1.602060
v 1.240998 4.695016 1.578866
v 1.244678 4.820034 1.642270
v 1.209467 4.701089 1.600069
v 1.271278 4.817322 1.625304
v 1.267234 4.942781 1.621396
v 1.227930 4.952594 1.629623
v 1.256868 4.969107 1.648032
v 1.242156 4.930236 1.611341
v 1.276181 4.923643 1.648798
v 1.267234 4.942781 1.621396
v 1.256868 4.969107 1.648032
v 1.278667 4.904675 1.625543
v 1.236878 4.933456 1.657025
v 1.276181 4.923643 1.648798
v 1.256868 4.969107 1.648032
v 1.254364 4.898122 1.653260
v 1.227930 4.952594 1.629623
v 1.236878 4.933456 1.657025
v 1.256868 4.969107 1.648032
v 1.218066 4.923035 1.639254
v 1.155266 4.707364 1.475579
v 1.171887 4.778062 1.558195
v 1.203278 4.772933 1.536839
v 1.118634 4.715602 1.502103
v 1.171887 4.778062 1.558195
v 1.098389 4.695338 1.530801
v 1.157773 4.762430 1.584718
v 1.118634 4.715602 1.502103
v 1.118634 4.715602 1.502103
v 1.059645 4.673607 1.438806
v 1.033131 4.650304 1.468199
v 1.098389 4.695338 1.530801
v 1.118634 4.715602 1.502103
v 1.099081 4.662242 1.407114
v 1.059645 4.673607 1.438806
v 1.155266 4.707364 1.475579
v 1.184179 4.601598 1.510798
v 1.240998 4.695016 1.578866
v 1.209467 4.701089 1.600069
v 1.147567 4.610993 1.537313
v 1.240998 4.695016 1.578866
v 1.184179 4.601598 1.510798
v 1.255250 4.709703 1.552495
v 1.204404 4.620704 1.482109
v 1.111334 4.534933 1.429610
v 1.204404 4.620704 1.482109
v 1.184179 4.601598 1.510798
v 1.137614 4.556964 1.400046
v 1.147567 4.610993 1.537313
v 1.111334 4.534933 1.429610
v 1.184179 4.601598 1.510798
v 1.072133 4.547570 1.461473
v 1.098389 4.695338 1.530801
v 1.176013 4.730166 1.600348
v 1.157773 4.762430 1.584718
v 1.113501 4.651354 1.543259
v 1.113501 4.651354 1.543259
v 1.209467 4.701089 1.600069
v 1.176013 4.730166 1.600348
v 1.147567 4.610993 1.537313
v 1.041680 4.597159 1.475045
v 1.147567 4.610993 1.537313
v 1.113501 4.651354 1.543259
v 1.072133 4.547570 1.461473
v 1.113501 4.651354 1.543259
v 1.098389 4.695338 1.530801
v 1.033131 4.650304 1.468199
v 1.041680 4.597159 1.475045
v 1.213533 4.839005 1.639701
v 1.218066 4.923035 1.639254
v 1.194431 4.861052 1.623654
v 1.236878 4.933456 1.657025
v 1.213533 4.839005 1.639701
v 1.254364 4.898122 1.653260
v 1.236878 4.933456 1.657025
v 1.244678 4.820034 1.642270
v 1.176013 4.730166 1.600348
v 1.244678 4.820034 1.642270
v 1.213533 4.839005 1.639701
v 1.209467 4.701089 1.600069
v 1.176013 4.730166 1.600348
v 1.213533 4.839005 1.639701
v 1.157773 4.762430 1.584718
v 1.194431 4.861052 1.623654
v 1.041680 4.597159 1.475045
v 0.978854 4.617853 1.403213
v 0.976229 4.562172 1.402320
v 1.033131 4.650304 1.468199
v 0.976229 4.562172 1.402320
v 1.072133 4.547570 1.461473
v 1.041680 4.597159 1.475045
v 0.996324 4.508647 1.380019
v 0.996324 4.508647 1.380019
v 0.898520 4.543010 1.376293
v 0.901546 4.485755 1.323402
v 0.976229 4.562172 1.402320
v 0.976229 4.562172 1.402320
v 0.906873 4.606359 1.363157
v 0.898520 4.543010 1.376293
v 0.978854 4.617853 1.403213
v 1.010360 4.640081 1.375196
v 1.099081 4.662242 1.407114
v 1.047521 4.625512 1.339333
v 1.059645 4.673607 1.438806
v 0.978854 4.617853 1.403213
v 1.059645 4.673607 1.438806
v 1.010360 4.640081 1.375196
v 1.033131 4.650304 1.468199
v 0.964383 4.625248 1.312052
v 0.978854 4.617853 1.403213
v 1.010360 4.640081 1.375196
v 0.906873 4.606359 1.363157
v 0.964383 4.625248 1.312052
v 1.047521 4.625512 1.339333
v 1.014554 4.630846 1.251000
v 1.010360 4.640081 1.375196
v 1.067109 4.570796 1.316686
v 1.129300 4.611381 1.393371
v 1.137614 4.556964 1.400046
v 1.063978 4.513924 1.315448
v 1.129300 4.611381 1.393371
v 1.047521 4.625512 1.339333
v 1.099081 4.662242 1.407114
v 1.067109 4.570796 1.316686
v 1.067109 4.570796 1.316686
v 1.038785 4.579545 1.223943
v 1.014554 4.630846 1.251000
v 1.047521 4.625512 1.339333
v 1.063978 4.513924 1.315448
v 1.038785 4.579545 1.223943
v 1.067109 4.570796 1.316686
v 1.006611 4.508082 1.207173
v 1.189312 4.665845 1.469642
v 1.236871 4.742912 1.536713
v 1.255250 4.709703 1.552495
v 1.204404 4.620704 1.482109
v 1.236871 4.742912 1.536713
v 1.155266 4.707364 1.475579
v 1.203278 4.772933 1.536839
v 1.189312 4.665845 1.469642
v 1.189312 4.665845 1.469642
v 1.099081 4.662242 1.407114
v 1.155266 4.707364 1.475579
v 1.129300 4.611381 1.393371
v 1.204404 4.620704 1.482109
v 1.129300 4.611381 1.393371
v 1.189312 4.665845 1.469642
v 1.137614 4.556964 1.400046
v 0.898520 4.543010 1.376293
v 0.783401 4.595464 1.451570
v 0.789923 4.536290 1.448175
v 0.906873 4.606359 1.363157
v 0.898520 4.543010 1.376293
v 0.789923 4.536290 1.448175
v 0.901546 4.485755 1.323402
v 0.777742 4.492425 1.417415
v 0.789923 4.536290 1.448175
v 0.678446 4.528732 1.552098
v 0.667259 4.487171 1.521316
v 0.777742 4.492425 1.417415
v 0.789923 4.536290 1.448175
v 0.673439 4.585780 1.555532
v 0.678446 4.528732 1.552098
v 0.783401 4.595464 1.451570
v 0.726617 4.637445 1.360041
v 0.854245 4.636894 1.311341
v 0.819200 4.641675 1.262640
v 0.755840 4.632970 1.409925
v 0.755840 4.632970 1.409925
v 0.906873 4.606359 1.363157
v 0.854245 4.636894 1.311341
v 0.783401 4.595464 1.451570
v 0.649844 4.623038 1.513927
v 0.783401 4.595464 1.451570
v 0.755840 4.632970 1.409925
v 0.673439 4.585780 1.555532
v 0.755840 4.632970 1.409925
v 0.726617 4.637445 1.360041
v 0.624355 4.628630 1.464059
v 0.649844 4.623038 1.513927
v 0.715110 4.597527 1.338716
v 0.814300 4.543153 1.246284
v 0.722306 4.542299 1.344757
v 0.805687 4.600372 1.241299
v 0.715110 4.597527 1.338716
v 0.819200 4.641675 1.262640
v 0.805687 4.600372 1.241299
v 0.726617 4.637445 1.360041
v 0.613669 4.590681 1.442703
v 0.726617 4.637445 1.360041
v 0.715110 4.597527 1.338716
v 0.624355 4.628630 1.464059
v 0.613669 4.590681 1.442703
v 0.722306 4.542299 1.344757
v 0.619176 4.537245 1.448695
v 0.715110 4.597527 1.338716
v 0.777742 4.492425 1.417415
v 0.845630 4.500187 1.276563
v 0.901546 4.485755 1.323402
v 0.749193 4.500847 1.376966
v 0.722306 4.542299 1.344757
v 0.845630 4.500187 1.276563
v 0.749193 4.500847 1.376966
v 0.814300 4.543153 1.246284
v 0.749193 4.500847 1.376966
v 0.642271 4.496375 1.480874
v 0.619176 4.537245 1.448695
v 0.722306 4.542299 1.344757
v 0.642271 4.496375 1.480874
v 0.777742 4.492425 1.417415
v 0.667259 4.487171 1.521316
v 0.749193 4.500847 1.376966
v 1.184196 5.571413 0.731669
v 1.216435 5.629483 0.713739
v 1.190041 5.629127 0.705172
v 1.156832 5.589743 0.718160
v 1.234459 5.605343 0.716377
v 1.184196 5.571413 0.731669
v 1.219608 5.558496 0.730496
v 1.216435 5.629483 0.713739
v 1.183480 5.471799 0.740063
v 1.219608 5.558496 0.730496
v 1.184196 5.571413 0.731669
v 1.147043 5.485390 0.740911
v 1.147043 5.485390 0.740911
v 1.184196 5.571413 0.731669
v 1.118776 5.503706 0.726392
v 1.156832 5.589743 0.718160
v 1.188006 5.608133 0.667136
v 1.200634 5.654302 0.682059
v 1.211050 5.642111 0.669443
v 1.163128 5.604505 0.689429
v 1.163128 5.604505 0.689429
v 1.156832 5.589743 0.718160
v 1.190041 5.629127 0.705172
v 1.200634 5.654302 0.682059
v 1.125034 5.517305 0.696192
v 1.156832 5.589743 0.718160
v 1.163128 5.604505 0.689429
v 1.118776 5.503706 0.726392
v 1.163128 5.604505 0.689429
v 1.150466 5.519672 0.672985
v 1.125034 5.517305 0.696192
v 1.188006 5.608133 0.667136
v 1.216391 5.593063 0.672940
v 1.240581 5.645721 0.669692
v 1.249222 5.616414 0.686850
v 1.236727 5.572581 0.693426
v 1.216391 5.593063 0.672940
v 1.188006 5.608133 0.667136
v 1.211050 5.642111 0.669443
v 1.240581 5.645721 0.669692
v 1.216391 5.593063 0.672940
v 1.179720 5.504293 0.679445
v 1.150466 5.519672 0.672985
v 1.188006 5.608133 0.667136
v 1.179720 5.504293 0.679445
v 1.236727 5.572581 0.693426
v 1.200805 5.484189 0.701272
v 1.216391 5.593063 0.672940
v 1.237913 5.656057 0.688185
v 1.211050 5.642111 0.669443
v 1.200634 5.654302 0.682059
v 1.240581 5.645721 0.669692
v 1.249222 5.616414 0.686850
v 1.240581 5.645721 0.669692
v 1.237913 5.656057 0.688185
v 1.256382 5.620903 0.701372
v 1.216435 5.629483 0.713739
v 1.256382 5.620903 0.701372
v 1.237913 5.656057 0.688185
v 1.234459 5.605343 0.716377
v 1.216435 5.629483 0.713739
v 1.200634 5.654302 0.682059
v 1.190041 5.629127 0.705172
v 1.237913 5.656057 0.688185
v 1.200805 5.484189 0.701272
v 1.168278 5.366651 0.696571
v 1.144947 5.385623 0.670723
v 1.179720 5.504293 0.679445
v 1.179720 5.504293 0.679445
v 1.113086 5.401928 0.662294
v 1.150466 5.519672 0.672985
v 1.144947 5.385623 0.670723
v 1.144947 5.385623 0.670723
v 1.126414 5.270716 0.657603
v 1.090676 5.288221 0.647762
v 1.113086 5.401928 0.662294
v 1.126414 5.270716 0.657603
v 1.168278 5.366651 0.696571
v 1.153044 5.251359 0.687226
v 1.144947 5.385623 0.670723
v 1.169780 5.357235 0.722876
v 1.183480 5.471799 0.740063
v 1.150335 5.359347 0.740523
v 1.201729 5.472378 0.724164
v 1.168278 5.366651 0.696571
v 1.201729 5.472378 0.724164
v 1.169780 5.357235 0.722876
v 1.200805 5.484189 0.701272
v 1.169780 5.357235 0.722876
v 1.155332 5.242607 0.717168
v 1.153044 5.251359 0.687226
v 1.168278 5.366651 0.696571
v 1.169780 5.357235 0.722876
v 1.134053 5.246057 0.737110
v 1.155332 5.242607 0.717168
v 1.150335 5.359347 0.740523
v 1.079846 5.393235 0.722850
v 1.147043 5.485390 0.740911
v 1.118776 5.503706 0.726392
v 1.110825 5.374958 0.740396
v 1.110825 5.374958 0.740396
v 1.183480 5.471799 0.740063
v 1.147043 5.485390 0.740911
v 1.150335 5.359347 0.740523
v 1.089979 5.263308 0.736733
v 1.150335 5.359347 0.740523
v 1.110825 5.374958 0.740396
v 1.134053 5.246057 0.737110
v 1.089979 5.263308 0.736733
v 1.110825 5.374958 0.740396
v 1.055013 5.282412 0.716572
v 1.079846 5.393235 0.722850
v 1.237459 5.559972 0.715180
v 1.234459 5.605343 0.716377
v 1.219608 5.558496 0.730496
v 1.256382 5.620903 0.701372
v 1.236727 5.572581 0.693426
v 1.256382 5.620903 0.701372
v 1.237459 5.559972 0.715180
v 1.249222 5.616414 0.686850
v 1.237459 5.559972 0.715180
v 1.201729 5.472378 0.724164
v 1.200805 5.484189 0.701272
v 1.236727 5.572581 0.693426
v 1.201729 5.472378 0.724164
v 1.219608 5.558496 0.730496
v 1.183480 5.471799 0.740063
v 1.237459 5.559972 0.715180
v 1.148512 5.156845 0.735055
v 1.155332 5.242607 0.717168
v 1.134053 5.246057 0.737110
v 1.172106 5.156556 0.712890
v 1.168997 5.169707 0.681139
v 1.155332 5.242607 0.717168
v 1.172106 5.156556 0.712890
v 1.153044 5.251359 0.687226
v 1.172106 5.156556 0.712890
v 1.192744 5.087015 0.698257
v 1.209772 5.109575 0.658190
v 1.168997 5.169707 0.681139
v 1.192744 5.087015 0.698257
v 1.148512 5.156845 0.735055
v 1.174258 5.062659 0.750626
v 1.172106 5.156556 0.712890
v 1.089979 5.263308 0.736733
v 1.059249 5.195319 0.716595
v 1.098941 5.173631 0.736527
v 1.055013 5.282412 0.716572
v 1.098941 5.173631 0.736527
v 1.148512 5.156845 0.735055
v 1.134053 5.246057 0.737110
v 1.089979 5.263308 0.736733
v 1.148512 5.156845 0.735055
v 1.113543 5.091356 0.767525
v 1.174258 5.062659 0.750626
v 1.098941 5.173631 0.736527
v 1.098941 5.173631 0.736527
v 1.063541 5.108453 0.736512
v 1.113543 5.091356 0.767525
v 1.059249 5.195319 0.716595
v 1.153044 5.251359 0.687226
v 1.138462 5.193241 0.650913
v 1.126414 5.270716 0.657603
v 1.168997 5.169707 0.681139
v 1.098048 5.211872 0.642090
v 1.126414 5.270716 0.657603
v 1.138462 5.193241 0.650913
v 1.090676 5.288221 0.647762
v 1.138462 5.193241 0.650913
v 1.177445 5.156991 0.629427
v 1.127617 5.163785 0.615827
v 1.098048 5.211872 0.642090
v 1.177445 5.156991 0.629427
v 1.168997 5.169707 0.681139
v 1.209772 5.109575 0.658190
v 1.138462 5.193241 0.650913
v 1.085992 5.403345 0.688243
v 1.150466 5.519672 0.672985
v 1.113086 5.401928 0.662294
v 1.125034 5.517305 0.696192
v 1.085992 5.403345 0.688243
v 1.079846 5.393235 0.722850
v 1.118776 5.503706 0.726392
v 1.125034 5.517305 0.696192
v 1.061061 5.291418 0.677167
v 1.079846 5.393235 0.722850
v 1.085992 5.403345 0.688243
v 1.055013 5.282412 0.716572
v 1.061061 5.291418 0.677167
v 1.113086 5.401928 0.662294
v 1.090676 5.288221 0.647762
v 1.085992 5.403345 0.688243
v 1.094511 5.031367 0.622874
v 1.056146 5.044699 0.714508
v 1.083448 5.084585 0.645847
v 1.068674 4.991919 0.690403
v 1.083448 5.084585 0.645847
v 1.126741 5.112221 0.584196
v 1.135313 5.060705 0.564783
v 1.094511 5.031367 0.622874
v 1.083448 5.084585 0.645847
v 1.127617 5.163785 0.615827
v 1.126741 5.112221 0.584196
v 1.079246 5.146038 0.668180
v 1.083448 5.084585 0.645847
v 1.063541 5.108453 0.736512
v 1.079246 5.146038 0.668180
v 1.056146 5.044699 0.714508
v 1.378981 5.280464 0.381642
v 1.357471 5.271434 0.366929
v 1.365704 5.294857 0.368821
v 1.365016 5.254211 0.382735
v 1.357358 5.283157 0.396043
v 1.378981 5.280464 0.381642
v 1.365704 5.294857 0.368821
v 1.368923 5.271390 0.407048
v 1.357358 5.283157 0.396043
v 1.335848 5.274127 0.381331
v 1.335474 5.270766 0.398408
v 1.365704 5.294857 0.368821
v 1.357471 5.271434 0.366929
v 1.335848 5.274127 0.381331
v 1.365704 5.294857 0.368821
v 1.334455 5.258181 0.377155
v 1.338200 5.246374 0.441628
v 1.313505 5.245926 0.422605
v 1.272967 5.207261 0.469439
v 1.301297 5.201559 0.501583
v 1.338200 5.246374 0.441628
v 1.335474 5.270766 0.398408
v 1.313505 5.245926 0.422605
v 1.357358 5.283157 0.396043
v 1.338200 5.246374 0.441628
v 1.368923 5.271390 0.407048
v 1.357358 5.283157 0.396043
v 1.360069 5.235941 0.449577
v 1.301297 5.201559 0.501583
v 1.360069 5.235941 0.449577
v 1.338200 5.246374 0.441628
v 1.324096 5.175967 0.520277
v 1.324096 5.175967 0.520277
v 1.361423 5.214511 0.435168
v 1.360069 5.235941 0.449577
v 1.321173 5.135089 0.505133
v 1.361423 5.214511 0.435168
v 1.378981 5.280464 0.381642
v 1.368923 5.271390 0.407048
v 1.360069 5.235941 0.449577
v 1.378981 5.280464 0.381642
v 1.361423 5.214511 0.435168
v 1.365016 5.254211 0.382735
v 1.348339 5.198131 0.412916
v 1.321173 5.135089 0.505133
v 1.348339 5.198131 0.412916
v 1.361423 5.214511 0.435168
v 1.302779 5.107556 0.474764
v 1.308273 5.218451 0.392826
v 1.259291 5.188468 0.444236
v 1.303669 5.234714 0.403794
v 1.261086 5.156330 0.434257
v 1.303669 5.234714 0.403794
v 1.335848 5.274127 0.381331
v 1.334455 5.258181 0.377155
v 1.308273 5.218451 0.392826
v 1.335848 5.274127 0.381331
v 1.303669 5.234714 0.403794
v 1.335474 5.270766 0.398408
v 1.313505 5.245926 0.422605
v 1.313505 5.245926 0.422605
v 1.259291 5.188468 0.444236
v 1.272967 5.207261 0.469439
v 1.303669 5.234714 0.403794
v 1.219489 5.061771 0.506031
v 1.302779 5.107556 0.474764
v 1.246899 5.046487 0.531791
v 1.279166 5.121998 0.447786
v 1.279166 5.121998 0.447786
v 1.197135 5.103054 0.496743
v 1.261086 5.156330 0.434257
v 1.219489 5.061771 0.506031
v 1.219489 5.061771 0.506031
v 1.135313 5.060705 0.564783
v 1.197135 5.103054 0.496743
v 1.164049 5.019320 0.564242
v 1.164049 5.019320 0.564242
v 1.219489 5.061771 0.506031
v 1.196499 5.007443 0.582612
v 1.246899 5.046487 0.531791
v 1.192835 5.147243 0.510681
v 1.259291 5.188468 0.444236
v 1.261086 5.156330 0.434257
v 1.197135 5.103054 0.496743
v 1.192835 5.147243 0.510681
v 1.272967 5.207261 0.469439
v 1.259291 5.188468 0.444236
v 1.206918 5.174694 0.538766
v 1.126741 5.112221 0.584196
v 1.206918 5.174694 0.538766
v 1.192835 5.147243 0.510681
v 1.127617 5.163785 0.615827
v 1.197135 5.103054 0.496743
v 1.126741 5.112221 0.584196
v 1.192835 5.147243 0.510681
v 1.135313 5.060705 0.564783
v 1.206918 5.174694 0.538766
v 1.301297 5.201559 0.501583
v 1.272967 5.207261 0.469439
v 1.239718 5.165764 0.571916
v 1.239718 5.165764 0.571916
v 1.324096 5.175967 0.520277
v 1.301297 5.201559 0.501583
v 1.267461 5.130836 0.588595
v 1.209772 5.109575 0.658190
v 1.267461 5.130836 0.588595
v 1.239718 5.165764 0.571916
v 1.177445 5.156991 0.629427
v 1.177445 5.156991 0.629427
v 1.206918 5.174694 0.538766
v 1.127617 5.163785 0.615827
v 1.239718 5.165764 0.571916
v 1.321173 5.135089 0.505133
v 1.267461 5.130836 0.588595
v 1.266372 5.080293 0.567266
v 1.324096 5.175967 0.520277
v 1.321173 5.135089 0.505133
v 1.246899 5.046487 0.531791
v 1.302779 5.107556 0.474764
v 1.266372 5.080293 0.567266
v 1.266372 5.080293 0.567266
v 1.196499 5.007443 0.582612
v 1.246899 5.046487 0.531791
v 1.216214 5.044457 0.619930
v 1.267461 5.130836 0.588595
v 1.216214 5.044457 0.619930
v 1.266372 5.080293 0.567266
v 1.209772 5.109575 0.658190
v 1.065298 5.210315 0.674550
v 1.090676 5.288221 0.647762
v 1.098048 5.211872 0.642090
v 1.061061 5.291418 0.677167
v 1.065298 5.210315 0.674550
v 1.059249 5.195319 0.716595
v 1.055013 5.282412 0.716572
v 1.061061 5.291418 0.677167
v 1.059249 5.195319 0.716595
v 1.079246 5.146038 0.668180
v 1.063541 5.108453 0.736512
v 1.065298 5.210315 0.674550
v 1.079246 5.146038 0.668180
v 1.098048 5.211872 0.642090
v 1.127617 5.163785 0.615827
v 1.065298 5.210315 0.674550
v 1.189893 5.021916 0.661486
v 1.216214 5.044457 0.619930
v 1.209772 5.109575 0.658190
v 1.192744 5.087015 0.698257
v 1.216214 5.044457 0.619930
v 1.167381 4.982946 0.625841
v 1.196499 5.007443 0.582612
v 1.189893 5.021916 0.661486
v 1.189893 5.021916 0.661486
v 1.151600 4.945765 0.687217
v 1.167381 4.982946 0.625841
v 1.176767 4.985371 0.721200
v 1.174258 5.062659 0.750626
v 1.176767 4.985371 0.721200
v 1.189893 5.021916 0.661486
v 1.192744 5.087015 0.698257
v 1.167381 4.982946 0.625841
v 1.164049 5.019320 0.564242
v 1.196499 5.007443 0.582612
v 1.129037 4.991792 0.614588
v 1.164049 5.019320 0.564242
v 1.094511 5.031367 0.622874
v 1.135313 5.060705 0.564783
v 1.129037 4.991792 0.614588
v 1.068674 4.991919 0.690403
v 1.129037 4.991792 0.614588
v 1.108030 4.953444 0.679128
v 1.094511 5.031367 0.622874
v 1.129037 4.991792 0.614588
v 1.167381 4.982946 0.625841
v 1.151600 4.945765 0.687217
v 1.108030 4.953444 0.679128
v 1.094605 4.878532 0.779919
v 1.108030 4.953444 0.679128
v 1.151600 4.945765 0.687217
v 1.141214 4.868669 0.792476
v 1.108030 4.953444 0.679128
v 1.051749 4.919240 0.786752
v 1.068674 4.991919 0.690403
v 1.094605 4.878532 0.779919
v 1.070138 4.772905 0.903125
v 1.051749 4.919240 0.786752
v 1.094605 4.878532 0.779919
v 1.026367 4.816534 0.900473
v 1.141214 4.868669 0.792476
v 1.070138 4.772905 0.903125
v 1.094605 4.878532 0.779919
v 1.116971 4.760716 0.923968
v 1.038021 4.972925 0.809056
v 1.056146 5.044699 0.714508
v 1.068674 4.991919 0.690403
v 1.051749 4.919240 0.786752
v 1.056146 5.044699 0.714508
v 1.056338 5.010259 0.836181
v 1.063541 5.108453 0.736512
v 1.038021 4.972925 0.809056
v 1.038021 4.972925 0.809056
v 1.030402 4.909219 0.945475
v 1.056338 5.010259 0.836181
v 1.012426 4.871907 0.917463
v 1.051749 4.919240 0.786752
v 1.012426 4.871907 0.917463
v 1.038021 4.972925 0.809056
v 1.026367 4.816534 0.900473
v 1.056338 5.010259 0.836181
v 1.113543 5.091356 0.767525
v 1.063541 5.108453 0.736512
v 1.109616 5.001914 0.857475
v 1.159140 4.962723 0.859380
v 1.113543 5.091356 0.767525
v 1.109616 5.001914 0.857475
v 1.174258 5.062659 0.750626
v 1.082384 4.898661 0.975891
v 1.159140 4.962723 0.859380
v 1.109616 5.001914 0.857475
v 1.131305 4.856664 0.988115
v 1.082384 4.898661 0.975891
v 1.109616 5.001914 0.857475
v 1.030402 4.909219 0.945475
v 1.056338 5.010259 0.836181
v 1.176767 4.985371 0.721200
v 1.159140 4.962723 0.859380
v 1.166199 4.907520 0.828339
v 1.174258 5.062659 0.750626
v 1.176767 4.985371 0.721200
v 1.141214 4.868669 0.792476
v 1.151600 4.945765 0.687217
v 1.166199 4.907520 0.828339
v 1.166199 4.907520 0.828339
v 1.116971 4.760716 0.923968
v 1.141214 4.868669 0.792476
v 1.140097 4.799659 0.961553
v 1.131305 4.856664 0.988115
v 1.166199 4.907520 0.828339
v 1.159140 4.962723 0.859380
v 1.140097 4.799659 0.961553
v 0.962711 4.744286 1.027701
v 1.012426 4.871907 0.917463
v 1.026367 4.816534 0.900473
v 0.975159 4.686999 1.020121
v 1.012426 4.871907 0.917463
v 0.979677 4.783772 1.053230
v 1.030402 4.909219 0.945475
v 0.962711 4.744286 1.027701
v 0.962711 4.744286 1.027701
v 0.922364 4.680079 1.143962
v 0.979677 4.783772 1.053230
v 0.906622 4.638288 1.121562
v 0.975159 4.686999 1.020121
v 0.906622 4.638288 1.121562
v 0.962711 4.744286 1.027701
v 0.917158 4.579696 1.122688
v 0.979677 4.783772 1.053230
v 1.082384 4.898661 0.975891
v 1.030402 4.909219 0.945475
v 1.027075 4.774954 1.092286
v 1.027075 4.774954 1.092286
v 1.131305 4.856664 0.988115
v 1.082384 4.898661 0.975891
v 1.071705 4.733001 1.116997
v 0.964461 4.674080 1.189445
v 1.071705 4.733001 1.116997
v 1.027075 4.774954 1.092286
v 1.014554 4.630846 1.251000
v 0.964461 4.674080 1.189445
v 1.027075 4.774954 1.092286
v 0.922364 4.680079 1.143962
v 0.979677 4.783772 1.053230
v 1.140097 4.799659 0.961553
v 1.071705 4.733001 1.116997
v 1.080369 4.673083 1.099493
v 1.131305 4.856664 0.988115
v 1.080369 4.673083 1.099493
v 1.116971 4.760716 0.923968
v 1.140097 4.799659 0.961553
v 1.059619 4.630966 1.064040
v 1.059619 4.630966 1.064040
v 1.038785 4.579545 1.223943
v 1.006611 4.508082 1.207173
v 1.080369 4.673083 1.099493
v 1.014554 4.630846 1.251000
v 1.080369 4.673083 1.099493
v 1.071705 4.733001 1.116997
v 1.038785 4.579545 1.223943
v 1.016006 4.642416 1.034908
v 1.070138 4.772905 0.903125
v 1.116971 4.760716 0.923968
v 1.059619 4.630966 1.064040
v 1.070138 4.772905 0.903125
v 0.975159 4.686999 1.020121
v 1.026367 4.816534 0.900473
v 1.016006 4.642416 1.034908
v 1.016006 4.642416 1.034908
v 0.953892 4.535295 1.147780
v 0.917158 4.579696 1.122688
v 0.975159 4.686999 1.020121
v 0.953892 4.535295 1.147780
v 1.059619 4.630966 1.064040
v 1.006611 4.508082 1.207173
v 1.016006 4.642416 1.034908
v 0.905481 4.499778 1.214249
v 1.006611 4.508082 1.207173
v 0.960548 4.479740 1.267368
v 0.953892 4.535295 1.147780
v 0.871394 4.543683 1.185168
v 0.953892 4.535295 1.147780
v 0.905481 4.499778 1.214249
v 0.917158 4.579696 1.122688
v 0.905481 4.499778 1.214249
v 0.845630 4.500187 1.276563
v 0.814300 4.543153 1.246284
v 0.871394 4.543683 1.185168
v 0.905481 4.499778 1.214249
v 0.960548 4.479740 1.267368
v 0.901546 4.485755 1.323402
v 0.845630 4.500187 1.276563
v 0.861903 4.602138 1.180838
v 0.906622 4.638288 1.121562
v 0.917158 4.579696 1.122688
v 0.871394 4.543683 1.185168
v 0.906622 4.638288 1.121562
v 0.876660 4.644300 1.202190
v 0.922364 4.680079 1.143962
v 0.861903 4.602138 1.180838
v 0.805687 4.600372 1.241299
v 0.876660 4.644300 1.202190
v 0.861903 4.602138 1.180838
v 0.819200 4.641675 1.262640
v 0.805687 4.600372 1.241299
v 0.871394 4.543683 1.185168
v 0.814300 4.543153 1.246284
v 0.861903 4.602138 1.180838
v 0.876660 4.644300 1.202190
v 0.964461 4.674080 1.189445
v 0.922364 4.680079 1.143962
v 0.915318 4.639329 1.250155
v 0.915318 4.639329 1.250155
v 1.014554 4.630846 1.251000
v 0.964461 4.674080 1.189445
v 0.964383 4.625248 1.312052
v 0.854245 4.636894 1.311341
v 0.964383 4.625248 1.312052
v 0.915318 4.639329 1.250155
v 0.906873 4.606359 1.363157
v 0.915318 4.639329 1.250155
v 0.876660 4.644300 1.202190
v 0.819200 4.641675 1.262640
v 0.854245 4.636894 1.311341
v 1.032978 4.492886 1.343810
v 1.111334 4.534933 1.429610
v 1.072133 4.547570 1.461473
v 0.996324 4.508647 1.380019
v 1.032978 4.492886 1.343810
v 1.137614 4.556964 1.400046
v 1.111334 4.534933 1.429610
v 1.063978 4.513924 1.315448
v 0.960548 4.479740 1.267368
v 1.063978 4.513924 1.315448
v 1.032978 4.492886 1.343810
v 1.006611 4.508082 1.207173
v 0.996324 4.508647 1.380019
v 0.960548 4.479740 1.267368
v 1.032978 4.492886 1.343810
v 0.901546 4.485755 1.323402
v 0.548482 4.399693 2.385006
v 0.586567 4.434114 2.486144
v 0.581697 4.460550 2.464675
v 0.545714 4.363720 2.404295
v 0.545714 4.363720 2.404295
v 0.605963 4.405100 2.487865
v 0.586567 4.434114 2.486144
v 0.561986 4.328679 2.404573
v 0.516787 4.315121 2.323611
v 0.561986 4.328679 2.404573
v 0.545714 4.363720 2.404295
v 0.537350 4.277847 2.322306
v 0.545714 4.363720 2.404295
v 0.548482 4.399693 2.385006
v 0.516002 4.357131 2.305719
v 0.516787 4.315121 2.323611
v 0.504836 4.377442 2.187642
v 0.540386 4.376425 2.276014
v 0.572749 4.369804 2.250910
v 0.475882 4.377663 2.219276
v 0.461275 4.350110 2.251727
v 0.540386 4.376425 2.276014
v 0.475882 4.377663 2.219276
v 0.516002 4.357131 2.305719
v 0.475882 4.377663 2.219276
v 0.393251 4.387876 2.168599
v 0.389651 4.352946 2.201710
v 0.461275 4.350110 2.251727
v 0.475882 4.377663 2.219276
v 0.418785 4.395174 2.133656
v 0.393251 4.387876 2.168599
v 0.504836 4.377442 2.187642
v 0.499986 4.266239 2.255668
v 0.572306 4.272762 2.294420
v 0.537350 4.277847 2.322306
v 0.533267 4.266570 2.222544
v 0.533267 4.266570 2.222544
v 0.599281 4.293592 2.261932
v 0.572306 4.272762 2.294420
v 0.552202 4.294674 2.188603
v 0.480989 4.277350 2.161268
v 0.552202 4.294674 2.188603
v 0.533267 4.266570 2.222544
v 0.490283 4.311758 2.127736
v 0.533267 4.266570 2.222544
v 0.499986 4.266239 2.255668
v 0.449760 4.270573 2.196634
v 0.480989 4.277350 2.161268
v 0.552202 4.294674 2.188603
v 0.595905 4.334066 2.246823
v 0.599281 4.293592 2.261932
v 0.536500 4.340705 2.177193
v 0.536500 4.340705 2.177193
v 0.572749 4.369804 2.250910
v 0.595905 4.334066 2.246823
v 0.504836 4.377442 2.187642
v 0.460339 4.360417 2.119283
v 0.504836 4.377442 2.187642
v 0.536500 4.340705 2.177193
v 0.418785 4.395174 2.133656
v 0.536500 4.340705 2.177193
v 0.552202 4.294674 2.188603
v 0.490283 4.311758 2.127736
v 0.460339 4.360417 2.119283
v 0.472649 4.303527 2.264627
v 0.413901 4.304809 2.210584
v 0.449760 4.270573 2.196634
v 0.499986 4.266239 2.255668
v 0.461275 4.350110 2.251727
v 0.413901 4.304809 2.210584
v 0.472649 4.303527 2.264627
v 0.389651 4.352946 2.201710
v 0.472649 4.303527 2.264627
v 0.516787 4.315121 2.323611
v 0.516002 4.357131 2.305719
v 0.461275 4.350110 2.251727
v 0.516787 4.315121 2.323611
v 0.472649 4.303527 2.264627
v 0.537350 4.277847 2.322306
v 0.499986 4.266239 2.255668
v 0.399157 5.019840 1.563200
v 0.410502 5.115148 1.560444
v 0.368304 5.028281 1.554391
v 0.439721 5.134244 1.571148
v 0.454057 5.111423 1.566287
v 0.399157 5.019840 1.563200
v 0.432108 5.022576 1.559146
v 0.439721 5.134244 1.571148
v 0.399157 5.019840 1.563200
v 0.366098 4.887198 1.557535
v 0.401517 4.888407 1.549224
v 0.432108 5.022576 1.559146
v 0.366098 4.887198 1.557535
v 0.368304 5.028281 1.554391
v 0.327545 4.889545 1.549090
v 0.399157 5.019840 1.563200
v 0.446102 5.035919 1.536546
v 0.477358 5.157912 1.559019
v 0.454057 5.111423 1.566287
v 0.432108 5.022576 1.559146
v 0.446102 5.035919 1.536546
v 0.438721 5.052399 1.514410
v 0.464822 5.143332 1.537816
v 0.477358 5.157912 1.559019
v 0.446102 5.035919 1.536546
v 0.409821 4.891100 1.517774
v 0.393130 4.895397 1.489448
v 0.438721 5.052399 1.514410
v 0.409821 4.891100 1.517774
v 0.432108 5.022576 1.559146
v 0.401517 4.888407 1.549224
v 0.446102 5.035919 1.536546
v 0.360605 5.048465 1.538396
v 0.421792 5.163724 1.551088
v 0.420985 5.150351 1.537433
v 0.374281 5.065514 1.521939
v 0.421792 5.163724 1.551088
v 0.360605 5.048465 1.538396
v 0.410502 5.115148 1.560444
v 0.368304 5.028281 1.554391
v 0.309839 4.897520 1.530271
v 0.368304 5.028281 1.554391
v 0.360605 5.048465 1.538396
v 0.327545 4.889545 1.549090
v 0.360605 5.048465 1.538396
v 0.317128 4.903890 1.508329
v 0.309839 4.897520 1.530271
v 0.374281 5.065514 1.521939
v 0.477358 5.157912 1.559019
v 0.459428 5.187393 1.538959
v 0.464982 5.200360 1.560914
v 0.464822 5.143332 1.537816
v 0.439721 5.134244 1.571148
v 0.477358 5.157912 1.559019
v 0.464982 5.200360 1.560914
v 0.454057 5.111423 1.566287
v 0.421792 5.163724 1.551088
v 0.439721 5.134244 1.571148
v 0.464982 5.200360 1.560914
v 0.410502 5.115148 1.560444
v 0.459428 5.187393 1.538959
v 0.421792 5.163724 1.551088
v 0.464982 5.200360 1.560914
v 0.420985 5.150351 1.537433
v 0.309839 4.897520 1.530271
v 0.302583 4.759319 1.503575
v 0.297908 4.753825 1.534147
v 0.317128 4.903890 1.508329
v 0.309839 4.897520 1.530271
v 0.297908 4.753825 1.534147
v 0.327545 4.889545 1.549090
v 0.320536 4.754918 1.562928
v 0.320536 4.754918 1.562928
v 0.306950 4.636144 1.565126
v 0.331178 4.647540 1.597967
v 0.297908 4.753825 1.534147
v 0.297908 4.753825 1.534147
v 0.311070 4.639181 1.528376
v 0.306950 4.636144 1.565126
v 0.302583 4.759319 1.503575
v 0.386195 4.775625 1.491472
v 0.353562 4.901422 1.490510
v 0.393130 4.895397 1.489448
v 0.341680 4.767630 1.486510
v 0.341680 4.767630 1.486510
v 0.302583 4.759319 1.503575
v 0.317128 4.903890 1.508329
v 0.353562 4.901422 1.490510
v 0.351753 4.657421 1.509626
v 0.302583 4.759319 1.503575
v 0.341680 4.767630 1.486510
v 0.311070 4.639181 1.528376
v 0.351753 4.657421 1.509626
v 0.341680 4.767630 1.486510
v 0.398382 4.679456 1.514717
v 0.386195 4.775625 1.491472
v 0.363351 4.766369 1.574615
v 0.327545 4.889545 1.549090
v 0.320536 4.754918 1.562928
v 0.366098 4.887198 1.557535
v 0.400749 4.778135 1.564277
v 0.366098 4.887198 1.557535
v 0.363351 4.766369 1.574615
v 0.401517 4.888407 1.549224
v 0.363351 4.766369 1.574615
v 0.375536 4.672598 1.604992
v 0.413949 4.693862 1.588175
v 0.400749 4.778135 1.564277
v 0.375536 4.672598 1.604992
v 0.320536 4.754918 1.562928
v 0.331178 4.647540 1.597967
v 0.363351 4.766369 1.574615
v 0.407550 5.064544 1.511742
v 0.459428 5.187393 1.538959
v 0.464822 5.143332 1.537816
v 0.438721 5.052399 1.514410
v 0.459428 5.187393 1.538959
v 0.407550 5.064544 1.511742
v 0.420985 5.150351 1.537433
v 0.374281 5.065514 1.521939
v 0.353562 4.901422 1.490510
v 0.374281 5.065514 1.521939
v 0.407550 5.064544 1.511742
v 0.317128 4.903890 1.508329
v 0.407550 5.064544 1.511742
v 0.393130 4.895397 1.489448
v 0.353562 4.901422 1.490510
v 0.438721 5.052399 1.514410
v 0.306950 4.636144 1.565126
v 0.323013 4.550857 1.603431
v 0.319105 4.563241 1.638308
v 0.311070 4.639181 1.528376
v 0.306950 4.636144 1.565126
v 0.319105 4.563241 1.638308
v 0.331178 4.647540 1.597967
v 0.343371 4.590551 1.656270
v 0.356277 4.548988 1.742840
v 0.319105 4.563241 1.638308
v 0.324939 4.508602 1.729181
v 0.343371 4.590551 1.656270
v 0.324939 4.508602 1.729181
v 0.319105 4.563241 1.638308
v 0.330730 4.463620 1.706632
v 0.323013 4.550857 1.603431
v 0.410155 4.593263 1.553419
v 0.351753 4.657421 1.509626
v 0.398382 4.679456 1.514717
v 0.363628 4.565050 1.569740
v 0.351753 4.657421 1.509626
v 0.363628 4.565050 1.569740
v 0.311070 4.639181 1.528376
v 0.323013 4.550857 1.603431
v 0.323013 4.550857 1.603431
v 0.381794 4.490737 1.634504
v 0.330730 4.463620 1.706632
v 0.363628 4.565050 1.569740
v 0.363628 4.565050 1.569740
v 0.410155 4.593263 1.553419
v 0.443161 4.517753 1.579624
v 0.381794 4.490737 1.634504
v 0.431796 4.622940 1.570648
v 0.413949 4.693862 1.588175
v 0.425264 4.637693 1.604793
v 0.420339 4.693875 1.549492
v 0.431796 4.622940 1.570648
v 0.398382 4.679456 1.514717
v 0.420339 4.693875 1.549492
v 0.410155 4.593263 1.553419
v 0.460351 4.579807 1.568942
v 0.410155 4.593263 1.553419
v 0.431796 4.622940 1.570648
v 0.443161 4.517753 1.579624
v 0.431796 4.622940 1.570648
v 0.425264 4.637693 1.604793
v 0.458958 4.606358 1.607312
v 0.460351 4.579807 1.568942
v 0.407124 4.780173 1.526978
v 0.401517 4.888407 1.549224
v 0.400749 4.778135 1.564277
v 0.409821 4.891100 1.517774
v 0.386195 4.775625 1.491472
v 0.409821 4.891100 1.517774
v 0.407124 4.780173 1.526978
v 0.393130 4.895397 1.489448
v 0.420339 4.693875 1.549492
v 0.386195 4.775625 1.491472
v 0.407124 4.780173 1.526978
v 0.398382 4.679456 1.514717
v 0.420339 4.693875 1.549492
v 0.400749 4.778135 1.564277
v 0.413949 4.693862 1.588175
v 0.407124 4.780173 1.526978
v 0.524401 4.476915 1.675476
v 0.475006 4.497433 1.743603
v 0.468887 4.443978 1.728946
v 0.526728 4.531359 1.686682
v 0.442445 4.413580 1.697517
v 0.524401 4.476915 1.675476
v 0.468887 4.443978 1.728946
v 0.503299 4.442773 1.643337
v 0.468887 4.443978 1.728946
v 0.398012 4.374310 1.756707
v 0.442445 4.413580 1.697517
v 0.428329 4.404408 1.787171
v 0.437079 4.458866 1.804609
v 0.428329 4.404408 1.787171
v 0.468887 4.443978 1.728946
v 0.475006 4.497433 1.743603
v 0.407646 4.587062 1.677295
v 0.499548 4.575440 1.655406
v 0.458958 4.606358 1.607312
v 0.445742 4.545478 1.719239
v 0.445742 4.545478 1.719239
v 0.526728 4.531359 1.686682
v 0.499548 4.575440 1.655406
v 0.475006 4.497433 1.743603
v 0.406312 4.509213 1.787582
v 0.475006 4.497433 1.743603
v 0.445742 4.545478 1.719239
v 0.437079 4.458866 1.804609
v 0.445742 4.545478 1.719239
v 0.407646 4.587062 1.677295
v 0.356277 4.548988 1.742840
v 0.406312 4.509213 1.787582
v 0.331178 4.647540 1.597967
v 0.343371 4.590551 1.656270
v 0.387273 4.621132 1.639216
v 0.375536 4.672598 1.604992
v 0.425264 4.637693 1.604793
v 0.375536 4.672598 1.604992
v 0.387273 4.621132 1.639216
v 0.413949 4.693862 1.588175
v 0.425264 4.637693 1.604793
v 0.407646 4.587062 1.677295
v 0.458958 4.606358 1.607312
v 0.387273 4.621132 1.639216
v 0.407646 4.587062 1.677295
v 0.343371 4.590551 1.656270
v 0.356277 4.548988 1.742840
v 0.387273 4.621132 1.639216
v 0.442445 4.413580 1.697517
v 0.474153 4.459598 1.611814
v 0.503299 4.442773 1.643337
v 0.410740 4.434707 1.671566
v 0.381794 4.490737 1.634504
v 0.474153 4.459598 1.611814
v 0.410740 4.434707 1.671566
v 0.443161 4.517753 1.579624
v 0.410740 4.434707 1.671566
v 0.364078 4.397039 1.734658
v 0.330730 4.463620 1.706632
v 0.381794 4.490737 1.634504
v 0.364078 4.397039 1.734658
v 0.442445 4.413580 1.697517
v 0.398012 4.374310 1.756707
v 0.410740 4.434707 1.671566
v 0.550961 4.481390 1.553704
v 0.667259 4.487171 1.521316
v 0.577008 4.468962 1.590613
v 0.642271 4.496375 1.480874
v 0.528673 4.524115 1.526209
v 0.642271 4.496375 1.480874
v 0.550961 4.481390 1.553704
v 0.619176 4.537245 1.448695
v 0.474153 4.459598 1.611814
v 0.528673 4.524115 1.526209
v 0.550961 4.481390 1.553704
v 0.443161 4.517753 1.579624
v 0.550961 4.481390 1.553704
v 0.503299 4.442773 1.643337
v 0.474153 4.459598 1.611814
v 0.577008 4.468962 1.590613
v 0.528673 4.524115 1.526209
v 0.613669 4.590681 1.442703
v 0.619176 4.537245 1.448695
v 0.524862 4.576914 1.522869
v 0.524862 4.576914 1.522869
v 0.624355 4.628630 1.464059
v 0.613669 4.590681 1.442703
v 0.537860 4.612248 1.544362
v 0.458958 4.606358 1.607312
v 0.537860 4.612248 1.544362
v 0.524862 4.576914 1.522869
v 0.460351 4.579807 1.568942
v 0.460351 4.579807 1.568942
v 0.528673 4.524115 1.526209
v 0.443161 4.517753 1.579624
v 0.524862 4.576914 1.522869
v 0.537860 4.612248 1.544362
v 0.649844 4.623038 1.513927
v 0.624355 4.628630 1.464059
v 0.565998 4.602578 1.591361
v 0.565998 4.602578 1.591361
v 0.673439 4.585780 1.555532
v 0.649844 4.623038 1.513927
v 0.590377 4.562610 1.628947
v 0.499548 4.575440 1.655406
v 0.590377 4.562610 1.628947
v 0.565998 4.602578 1.591361
v 0.526728 4.531359 1.686682
v 0.565998 4.602578 1.591361
v 0.537860 4.612248 1.544362
v 0.458958 4.606358 1.607312
v 0.499548 4.575440 1.655406
v 0.678446 4.528732 1.552098
v 0.590377 4.562610 1.628947
v 0.592096 4.507053 1.622196
v 0.673439 4.585780 1.555532
v 0.678446 4.528732 1.552098
v 0.577008 4.468962 1.590613
v 0.667259 4.487171 1.521316
v 0.592096 4.507053 1.622196
v 0.592096 4.507053 1.622196
v 0.503299 4.442773 1.643337
v 0.577008 4.468962 1.590613
v 0.524401 4.476915 1.675476
v 0.526728 4.531359 1.686682
v 0.592096 4.507053 1.622196
v 0.590377 4.562610 1.628947
v 0.524401 4.476915 1.675476
v 0.339805 4.481082 1.840127
v 0.406312 4.509213 1.787582
v 0.356277 4.548988 1.742840
v 0.382994 4.463168 1.865160
v 0.406312 4.509213 1.787582
v 0.382994 4.463168 1.865160
v 0.437079 4.458866 1.804609
v 0.414816 4.413692 1.874600
v 0.414816 4.413692 1.874600
v 0.364058 4.419082 1.937457
v 0.398723 4.372853 1.942731
v 0.382994 4.463168 1.865160
v 0.364058 4.419082 1.937457
v 0.382994 4.463168 1.865160
v 0.317802 4.431819 1.917997
v 0.339805 4.481082 1.840127
v 0.315015 4.445710 1.813233
v 0.324939 4.508602 1.729181
v 0.330730 4.463620 1.706632
v 0.312847 4.387505 1.796709
v 0.324939 4.508602 1.729181
v 0.339805 4.481082 1.840127
v 0.356277 4.548988 1.742840
v 0.315015 4.445710 1.813233
v 0.339805 4.481082 1.840127
v 0.291264 4.392894 1.891972
v 0.317802 4.431819 1.917997
v 0.315015 4.445710 1.813233
v 0.312847 4.387505 1.796709
v 0.291264 4.392894 1.891972
v 0.315015 4.445710 1.813233
v 0.279476 4.310901 1.869718
v 0.337526 4.336916 1.802788
v 0.364078 4.397039 1.734658
v 0.398012 4.374310 1.756707
v 0.373571 4.317891 1.824460
v 0.312847 4.387505 1.796709
v 0.364078 4.397039 1.734658
v 0.337526 4.336916 1.802788
v 0.330730 4.463620 1.706632
v 0.279476 4.310901 1.869718
v 0.337526 4.336916 1.802788
v 0.317889 4.263977 1.860750
v 0.312847 4.387505 1.796709
v 0.317889 4.263977 1.860750
v 0.373571 4.317891 1.824460
v 0.356710 4.241746 1.901791
v 0.337526 4.336916 1.802788
v 0.666478 4.511090 2.548624
v 0.740071 4.566288 2.578387
v 0.692274 4.554671 2.544567
v 0.638630 4.522451 2.519811
v 0.740071 4.566288 2.578387
v 0.701349 4.493478 2.557574
v 0.751658 4.540579 2.576294
v 0.666478 4.511090 2.548624
v 0.605963 4.405100 2.487865
v 0.701349 4.493478 2.557574
v 0.666478 4.511090 2.548624
v 0.586567 4.434114 2.486144
v 0.586567 4.434114 2.486144
v 0.638630 4.522451 2.519811
v 0.581697 4.460550 2.464675
v 0.666478 4.511090 2.548624
v 0.719151 4.475709 2.530016
v 0.786709 4.546072 2.570884
v 0.751658 4.540579 2.576294
v 0.701349 4.493478 2.557574
v 0.719151 4.475709 2.530016
v 0.717639 4.469380 2.491899
v 0.757140 4.520976 2.529627
v 0.786709 4.546072 2.570884
v 0.717639 4.469380 2.491899
v 0.630851 4.389833 2.458851
v 0.648124 4.394129 2.423734
v 0.719151 4.475709 2.530016
v 0.630851 4.389833 2.458851
v 0.701349 4.493478 2.557574
v 0.605963 4.405100 2.487865
v 0.719151 4.475709 2.530016
v 0.694568 4.486091 2.469172
v 0.743139 4.540031 2.519196
v 0.757140 4.520976 2.529627
v 0.717639 4.469380 2.491899
v 0.743139 4.540031 2.519196
v 0.694568 4.486091 2.469172
v 0.702003 4.539823 2.503308
v 0.664475 4.509051 2.466308
v 0.694568 4.486091 2.469172
v 0.626697 4.456056 2.410311
v 0.664475 4.509051 2.466308
v 0.644674 4.423803 2.407148
v 0.644674 4.423803 2.407148
v 0.717639 4.469380 2.491899
v 0.648124 4.394129 2.423734
v 0.694568 4.486091 2.469172
v 0.696501 4.560247 2.526700
v 0.743139 4.540031 2.519196
v 0.702003 4.539823 2.503308
v 0.761965 4.571350 2.562090
v 0.786709 4.546072 2.570884
v 0.743139 4.540031 2.519196
v 0.761965 4.571350 2.562090
v 0.757140 4.520976 2.529627
v 0.761965 4.571350 2.562090
v 0.751658 4.540579 2.576294
v 0.786709 4.546072 2.570884
v 0.740071 4.566288 2.578387
v 0.696501 4.560247 2.526700
v 0.740071 4.566288 2.578387
v 0.761965 4.571350 2.562090
v 0.692274 4.554671 2.544567
v 0.425080 4.322220 2.083363
v 0.460339 4.360417 2.119283
v 0.490283 4.311758 2.127736
v 0.384096 4.366254 2.073013
v 0.332374 4.392434 2.080591
v 0.418785 4.395174 2.133656
v 0.384096 4.366254 2.073013
v 0.460339 4.360417 2.119283
v 0.334374 4.371314 2.032024
v 0.332374 4.392434 2.080591
v 0.384096 4.366254 2.073013
v 0.277134 4.388093 2.028533
v 0.384096 4.366254 2.073013
v 0.425080 4.322220 2.083363
v 0.380215 4.332063 2.043999
v 0.334374 4.371314 2.032024
v 0.332374 4.392434 2.080591
v 0.393251 4.387876 2.168599
v 0.418785 4.395174 2.133656
v 0.305032 4.378076 2.107004
v 0.393251 4.387876 2.168599
v 0.305032 4.378076 2.107004
v 0.389651 4.352946 2.201710
v 0.306483 4.339952 2.134351
v 0.305032 4.378076 2.107004
v 0.225933 4.308957 2.058424
v 0.306483 4.339952 2.134351
v 0.247172 4.365774 2.038454
v 0.247172 4.365774 2.038454
v 0.305032 4.378076 2.107004
v 0.277134 4.388093 2.028533
v 0.332374 4.392434 2.080591
v 0.341143 4.294834 2.144727
v 0.413901 4.304809 2.210584
v 0.389651 4.352946 2.201710
v 0.306483 4.339952 2.134351
v 0.386541 4.267572 2.137176
v 0.413901 4.304809 2.210584
v 0.341143 4.294834 2.144727
v 0.449760 4.270573 2.196634
v 0.341143 4.294834 2.144727
v 0.275773 4.263253 2.095076
v 0.331815 4.241323 2.078580
v 0.386541 4.267572 2.137176
v 0.306483 4.339952 2.134351
v 0.275773 4.263253 2.095076
v 0.341143 4.294834 2.144727
v 0.225933 4.308957 2.058424
v 0.641896 4.521471 2.487780
v 0.702003 4.539823 2.503308
v 0.664475 4.509051 2.466308
v 0.696501 4.560247 2.526700
v 0.638630 4.522451 2.519811
v 0.696501 4.560247 2.526700
v 0.641896 4.521471 2.487780
v 0.692274 4.554671 2.544567
v 0.641896 4.521471 2.487780
v 0.600389 4.468084 2.434442
v 0.581697 4.460550 2.464675
v 0.638630 4.522451 2.519811
v 0.600389 4.468084 2.434442
v 0.664475 4.509051 2.466308
v 0.626697 4.456056 2.410311
v 0.641896 4.521471 2.487780
v 0.621874 4.367447 2.328253
v 0.644674 4.423803 2.407148
v 0.648124 4.394129 2.423734
v 0.619963 4.331138 2.343694
v 0.644674 4.423803 2.407148
v 0.604745 4.402824 2.331822
v 0.626697 4.456056 2.410311
v 0.621874 4.367447 2.328253
v 0.572749 4.369804 2.250910
v 0.621874 4.367447 2.328253
v 0.595905 4.334066 2.246823
v 0.604745 4.402824 2.331822
v 0.619963 4.331138 2.343694
v 0.595905 4.334066 2.246823
v 0.621874 4.367447 2.328253
v 0.599281 4.293592 2.261932
v 0.574220 4.413151 2.355794
v 0.600389 4.468084 2.434442
v 0.626697 4.456056 2.410311
v 0.604745 4.402824 2.331822
v 0.548482 4.399693 2.385006
v 0.600389 4.468084 2.434442
v 0.574220 4.413151 2.355794
v 0.581697 4.460550 2.464675
v 0.574220 4.413151 2.355794
v 0.540386 4.376425 2.276014
v 0.516002 4.357131 2.305719
v 0.548482 4.399693 2.385006
v 0.540386 4.376425 2.276014
v 0.604745 4.402824 2.331822
v 0.572749 4.369804 2.250910
v 0.574220 4.413151 2.355794
v 0.561986 4.328679 2.404573
v 0.630851 4.389833 2.458851
v 0.605963 4.405100 2.487865
v 0.593368 4.318017 2.376754
v 0.630851 4.389833 2.458851
v 0.593368 4.318017 2.376754
v 0.648124 4.394129 2.423734
v 0.619963 4.331138 2.343694
v 0.619963 4.331138 2.343694
v 0.572306 4.272762 2.294420
v 0.599281 4.293592 2.261932
v 0.593368 4.318017 2.376754
v 0.572306 4.272762 2.294420
v 0.593368 4.318017 2.376754
v 0.537350 4.277847 2.322306
v 0.561986 4.328679 2.404573
v 0.420208 4.283013 2.110736
v 0.480989 4.277350 2.161268
v 0.449760 4.270573 2.196634
v 0.386541 4.267572 2.137176
v 0.420208 4.283013 2.110736
v 0.490283 4.311758 2.127736
v 0.480989 4.277350 2.161268
v 0.425080 4.322220 2.083363
v 0.380215 4.332063 2.043999
v 0.425080 4.322220 2.083363
v 0.420208 4.283013 2.110736
v 0.375980 4.286965 2.059533
v 0.386541 4.267572 2.137176
v 0.375980 4.286965 2.059533
v 0.420208 4.283013 2.110736
v 0.331815 4.241323 2.078580
v 0.255616 4.368481 1.966911
v 0.317802 4.431819 1.917997
v 0.291264 4.392894 1.891972
v 0.284594 4.401022 1.977568
v 0.255616 4.368481 1.966911
v 0.247172 4.365774 2.038454
v 0.277134 4.388093 2.028533
v 0.284594 4.401022 1.977568
v 0.247172 4.365774 2.038454
v 0.233210 4.306141 1.963252
v 0.225933 4.308957 2.058424
v 0.255616 4.368481 1.966911
v 0.255616 4.368481 1.966911
v 0.279476 4.310901 1.869718
v 0.233210 4.306141 1.963252
v 0.291264 4.392894 1.891972
v 0.373361 4.292612 1.996247
v 0.380215 4.332063 2.043999
v 0.375980 4.286965 2.059533
v 0.379310 4.347292 1.998160
v 0.390490 4.311300 1.926200
v 0.379310 4.347292 1.998160
v 0.373361 4.292612 1.996247
v 0.398723 4.372853 1.942731
v 0.373361 4.292612 1.996247
v 0.356710 4.241746 1.901791
v 0.390490 4.311300 1.926200
v 0.348028 4.228425 1.996485
v 0.348028 4.228425 1.996485
v 0.375980 4.286965 2.059533
v 0.331815 4.241323 2.078580
v 0.373361 4.292612 1.996247
v 0.379310 4.347292 1.998160
v 0.364058 4.419082 1.937457
v 0.337773 4.388694 1.989959
v 0.398723 4.372853 1.942731
v 0.334374 4.371314 2.032024
v 0.379310 4.347292 1.998160
v 0.337773 4.388694 1.989959
v 0.380215 4.332063 2.043999
v 0.337773 4.388694 1.989959
v 0.277134 4.388093 2.028533
v 0.334374 4.371314 2.032024
v 0.284594 4.401022 1.977568
v 0.337773 4.388694 1.989959
v 0.317802 4.431819 1.917997
v 0.284594 4.401022 1.977568
v 0.364058 4.419082 1.937457
v 0.300416 4.171398 2.076623
v 0.348028 4.228425 1.996485
v 0.331815 4.241323 2.078580
v 0.331414 4.158501 2.011138
v 0.329495 4.163247 1.935832
v 0.348028 4.228425 1.996485
v 0.331414 4.158501 2.011138
v 0.356710 4.241746 1.901791
v 0.331414 4.158501 2.011138
v 0.319159 4.085708 2.033000
v 0.311834 4.090551 1.959581
v 0.329495 4.163247 1.935832
v 0.319159 4.085708 2.033000
v 0.300416 4.171398 2.076623
v 0.286882 4.095600 2.094813
v 0.331414 4.158501 2.011138
v 0.191154 4.225069 2.053600
v 0.275773 4.263253 2.095076
v 0.225933 4.308957 2.058424
v 0.239186 4.199715 2.089650
v 0.275773 4.263253 2.095076
v 0.300416 4.171398 2.076623
v 0.331815 4.241323 2.078580
v 0.239186 4.199715 2.089650
v 0.216992 4.120199 2.106338
v 0.300416 4.171398 2.076623
v 0.239186 4.199715 2.089650
v 0.286882 4.095600 2.094813
v 0.239186 4.199715 2.089650
v 0.158584 4.142286 2.069588
v 0.216992 4.120199 2.106338
v 0.191154 4.225069 2.053600
v 0.356710 4.241746 1.901791
v 0.291974 4.187860 1.893339
v 0.317889 4.263977 1.860750
v 0.329495 4.163247 1.935832
v 0.317889 4.263977 1.860750
v 0.241255 4.215437 1.899924
v 0.279476 4.310901 1.869718
v 0.291974 4.187860 1.893339
v 0.291974 4.187860 1.893339
v 0.202523 4.132268 1.915176
v 0.241255 4.215437 1.899924
v 0.262919 4.110154 1.913241
v 0.262919 4.110154 1.913241
v 0.329495 4.163247 1.935832
v 0.311834 4.090551 1.959581
v 0.291974 4.187860 1.893339
v 0.233210 4.306141 1.963252
v 0.241255 4.215437 1.899924
v 0.199746 4.229074 1.971851
v 0.279476 4.310901 1.869718
v 0.225933 4.308957 2.058424
v 0.199746 4.229074 1.971851
v 0.191154 4.225069 2.053600
v 0.233210 4.306141 1.963252
v 0.191154 4.225069 2.053600
v 0.160753 4.144644 1.986579
v 0.158584 4.142286 2.069588
v 0.199746 4.229074 1.971851
v 0.199746 4.229074 1.971851
v 0.202523 4.132268 1.915176
v 0.160753 4.144644 1.986579
v 0.241255 4.215437 1.899924
v 0.428329 4.404408 1.787171
v 0.414816 4.413692 1.874600
v 0.405505 4.354374 1.854715
v 0.437079 4.458866 1.804609
v 0.428329 4.404408 1.787171
v 0.373571 4.317891 1.824460
v 0.398012 4.374310 1.756707
v 0.405505 4.354374 1.854715
v 0.373571 4.317891 1.824460
v 0.390490 4.311300 1.926200
v 0.356710 4.241746 1.901791
v 0.405505 4.354374 1.854715
v 0.398723 4.372853 1.942731
v 0.390490 4.311300 1.926200
v 0.405505 4.354374 1.854715
v 0.414816 4.413692 1.874600
vn 0.2207 -0.3293 -0.9181
vn -0.3643 -0.5029 -0.7838
vn -0.3643 -0.5029 -0.7839
vn -0.3270 -0.6257 -0.7082
vn -0.3271 -0.6257 -0.7082
vn 0.2394 -0.4557 -0.8573
vn 0.2393 -0.4558 -0.8573
vn -0.1937 0.3488 -0.9170
vn -0.1938 0.3488 -0.9170
vn -0.1937 0.3489 -0.9169
vn -0.1471 0.3624 -0.9203
vn -0.7105 0.2279 -0.6657
vn -0.7105 0.2279 -0.6658
vn -0.6689 0.1526 -0.7275
vn 0.9254 0.3613 -0.1144
vn 0.9517 0.3063 -0.0196
vn 0.5196 0.4181 -0.7451
vn 0.5196 0.4182 -0.7451
vn 0.5355 0.4596 -0.7085
vn -0.9425 -0.2787 0.1843
vn -0.9840 -0.0390 0.1740
vn -0.9840 -0.0390 0.1739
vn -0.5610 -0.1751 0.8091
vn -0.5461 -0.3912 0.7408
vn -0.3084 0.0756 0.9482
vn -0.3084 0.0756 0.9483
vn -0.9109 0.3818 -0.1563
vn 0.0821 0.6813 -0.7273
vn 0.0821 0.6814 -0.7273
vn 0.0822 0.6813 -0.7273
vn 0.6502 0.4427 0.6175
vn 0.6502 0.4426 0.6175
vn 0.6480 0.7486 0.1404
vn 0.7708 0.6355 0.0450
vn 0.7707 0.6355 0.0450
vn 0.7707 0.6356 0.0449
vn 0.3579 0.7439 -0.5643
vn 0.2124 0.8681 -0.4487
vn -0.7033 -0.7091 -0.0506
vn -0.7033 -0.7091 -0.0507
vn -0.8354 -0.5457 0.0661
vn -0.8354 -0.5457 0.0660
vn -0.4042 -0.6613 0.6319
vn -0.4043 -0.6613 0.6318
vn -0.4043 -0.6613 0.6319
vn -0.2533 -0.8217 0.5105
vn -0.2533 -0.8217 0.5106
vn 0.3065 -0.4770 0.8238
vn 0.3064 -0.4770 0.8238
vn 0.3064 -0.4770 0.8237
vn 0.2135 -0.3956 0.8932
vn 0.2135 -0.3957 0.8932
vn 0.2136 -0.3956 0.8932
vn 0.5880 -0.0423 0.8077
vn 0.5880 -0.0425 0.8078
vn 0.5880 -0.0424 0.8077
vn 0.6080 -0.0495 0.7924
vn 0.6080 -0.0494 0.7924
vn 0.1265 -0.2705 0.9544
vn 0.0281 -0.1401 0.9897
vn 0.5849 0.0121 0.8110
vn 0.5849 0.0120 0.8110
vn 0.6009 -0.0641 0.7967
vn 0.6009 -0.0640 0.7967
vn 0.1320 -0.5870 0.7987
vn 0.1320 -0.5871 0.7987
vn 0.4179 -0.5152 0.7483
vn 0.6864 -0.0368 0.7262
vn 0.6864 -0.0368 0.7263
vn 0.6864 -0.0369 0.7262
vn 0.3408 0.1144 0.9332
vn 0.3408 0.1143 0.9331
vn 0.3481 0.9239 0.1590
vn 0.3482 0.9238 0.1590
vn 0.6105 0.7843 0.1106
vn 0.6105 0.7843 0.1107
vn 0.1515 0.8965 -0.4164
vn 0.1515 0.8964 -0.4165
vn 0.1515 0.8965 -0.4165
vn 0.0301 0.9969 -0.0730
vn 0.0301 0.9969 -0.0731
vn -0.7985 0.5041 -0.3291
vn -0.4480 0.5119 -0.7329
vn -0.6980 0.0363 -0.7152
vn -0.8682 -0.1546 -0.4716
vn -0.3897 0.5098 -0.7669
vn -0.3897 0.5098 -0.7670
vn -0.3047 0.4639 -0.8319
vn -0.3046 0.4639 -0.8318
vn -0.3046 0.4639 -0.8319
vn -0.6860 0.1209 -0.7175
vn -0.6911 0.0859 -0.7176
vn -0.6538 -0.5484 0.5213
vn -0.6538 -0.5484 0.5214
vn -0.5563 -0.5647 0.6096
vn -0.5562 -0.5648 0.6096
vn -0.6372 0.0836 0.7661
vn -0.6373 0.0836 0.7661
vn -0.7478 0.0565 0.6615
vn -0.3931 0.8088 0.4373
vn -0.3931 0.8089 0.4373
vn -0.2753 0.8864 0.3721
vn -0.2753 0.8865 0.3720
vn 0.0051 0.9974 0.0715
vn 0.0051 0.9974 0.0714
vn 0.0277 0.9948 0.0976
vn 0.0277 0.9948 0.0977
vn 0.7108 0.4725 -0.5211
vn 0.7129 0.4729 -0.5178
vn 0.7129 0.4728 -0.5178
vn 0.7725 -0.2004 -0.6026
vn 0.7725 -0.2000 -0.6027
vn 0.7547 -0.1910 -0.6276
vn 0.7547 -0.1911 -0.6276
vn 0.5005 -0.7240 -0.4747
vn 0.5224 -0.7334 -0.4350
vn 0.5225 -0.7333 -0.4350
vn 0.5225 -0.7333 -0.4351
vn 0.1077 -0.9881 -0.1099
vn 0.1076 -0.9881 -0.1098
vn 0.0689 -0.9876 -0.1412
vn -0.1495 0.0880 0.9848
vn -0.2161 0.2411 0.9461
vn 0.1524 0.4172 0.8960
vn 0.2333 0.2182 0.9476
vn 0.9283 0.3616 0.0866
vn 0.7293 0.6037 0.3219
vn 0.6786 0.3617 -0.6393
vn 0.6785 0.3617 -0.6393
vn 0.7412 0.2054 -0.6391
vn 0.7411 0.2054 -0.6392
vn -0.0528 -0.1234 -0.9910
vn -0.0528 -0.1233 -0.9910
vn 0.0006 -0.0588 -0.9983
vn 0.0007 -0.0588 -0.9983
vn -0.4730 -0.2632 -0.8408
vn -0.4688 -0.2615 -0.8437
vn -0.4687 -0.2615 -0.8437
vn -0.4080 0.4535 0.7924
vn -0.4081 0.4535 0.7924
vn -0.8882 0.3136 -0.3359
vn -0.8881 0.3136 -0.3360
vn -0.8881 0.3135 -0.3360
vn 0.1003 0.8058 -0.5837
vn 0.1004 0.8058 -0.5836
vn 0.1449 0.7231 0.6754
vn -0.1946 0.0743 -0.9781
vn -0.1458 0.0150 -0.9892
vn -0.5938 -0.1188 -0.7958
vn -0.5937 -0.1188 -0.7958
vn -0.6611 -0.0094 -0.7502
vn -0.9769 -0.0771 -0.1992
vn -0.9769 -0.0772 -0.1992
vn -0.9435 -0.2180 -0.2496
vn -0.7235 -0.1579 0.6720
vn -0.7237 -0.1579 0.6718
vn -0.7364 -0.0882 0.6708
vn -0.0792 -0.0272 0.9965
vn -0.1037 -0.0004 0.9946
vn 0.3294 0.1073 0.9381
vn 0.3294 0.1072 0.9381
vn 0.3870 0.0384 0.9213
vn -0.8787 -0.3466 -0.3284
vn -0.8787 -0.3466 -0.3283
vn -0.8787 -0.3465 -0.3284
vn -0.8902 -0.2847 -0.3556
vn -0.8902 -0.2847 -0.3557
vn -0.6730 0.0470 0.7381
vn -0.6730 0.0468 0.7381
vn -0.7234 -0.1586 0.6720
vn -0.7234 -0.1585 0.6720
vn -0.8985 0.3627 0.2473
vn -0.8985 0.3627 0.2472
vn -0.9656 0.2355 -0.1104
vn -0.9656 0.2355 -0.1103
vn -0.9656 0.2356 -0.1105
vn -0.7461 0.1277 0.6535
vn -0.8487 0.2700 0.4548
vn -0.8487 0.2699 0.4548
vn -0.3491 0.3177 0.8816
vn -0.3490 0.3178 0.8816
vn -0.1031 -0.0092 0.9946
vn 0.4012 -0.0570 0.9142
vn 0.3307 0.2049 0.9212
vn -0.2568 0.6743 -0.6924
vn -0.2568 0.6743 -0.6923
vn -0.1895 0.1232 -0.9741
vn -0.7033 0.2174 -0.6768
vn -0.7261 0.6794 -0.1055
vn -0.7262 0.6794 -0.1055
vn 0.9834 0.1813 -0.0085
vn 0.9570 0.2884 0.0312
vn 0.7349 0.2431 -0.6332
vn 0.7348 0.2431 -0.6332
vn 0.7349 0.2431 -0.6331
vn 0.7453 0.1899 -0.6392
vn 0.8594 0.2019 -0.4698
vn 0.8594 0.2019 -0.4697
vn 0.8823 0.0291 -0.4698
vn 0.8821 0.0301 -0.4700
vn 0.8822 0.0296 -0.4699
vn 0.9533 -0.0776 -0.2919
vn 0.9868 0.0667 -0.1475
vn 0.5055 0.8287 0.2405
vn 0.5055 0.8287 0.2404
vn -0.4076 0.8131 0.4157
vn -0.4077 0.8130 0.4157
vn -0.4076 0.8130 0.4157
vn -0.5553 -0.2382 -0.7968
vn -0.5553 -0.2381 -0.7969
vn 0.6008 0.2275 -0.7664
vn -0.1547 0.7533 0.6392
vn -0.1547 0.7534 0.6392
vn 0.3749 0.7755 0.5080
vn 0.3207 0.8306 0.4552
vn -0.2082 0.7259 0.6555
vn -0.8576 -0.3839 -0.3424
vn -0.8575 -0.3839 -0.3424
vn -0.9823 0.0512 0.1804
vn -0.9823 0.0512 0.1803
vn -0.9621 -0.1364 0.2362
vn -0.9621 -0.1365 0.2362
vn -0.8670 -0.4667 -0.1746
vn -0.8670 -0.4666 -0.1746
vn 0.7655 0.6316 0.1231
vn 0.7982 0.1956 -0.5697
vn 0.7982 0.1955 -0.5697
vn 0.8240 0.1352 -0.5502
vn 0.7694 0.6387 0.0079
vn 0.7694 0.6387 0.0080
vn 0.5719 -0.4257 -0.7012
vn 0.4352 -0.4654 -0.7707
vn 0.4351 -0.4654 -0.7707
vn 0.4351 -0.4655 -0.7707
vn -0.1639 -0.7575 -0.6319
vn -0.0283 -0.8196 -0.5722
vn -0.0284 -0.8196 -0.5722
vn 0.7571 0.4832 -0.4398
vn 0.7571 0.4832 -0.4397
vn 0.7570 0.4832 -0.4398
vn 0.7140 0.6713 -0.1986
vn 0.7140 0.6714 -0.1986
vn 0.7140 0.6713 -0.1987
vn 0.8106 0.1095 -0.5752
vn 0.8286 0.0811 -0.5539
vn -0.4851 0.6831 0.5460
vn -0.3617 0.6813 0.6364
vn -0.3617 0.6814 0.6364
vn 0.1423 0.9268 0.3475
vn 0.1423 0.9268 0.3476
vn -0.0426 0.9775 0.2066
vn -0.7726 -0.6127 0.1662
vn -0.8133 -0.5798 0.0492
vn -0.8768 -0.2045 0.4353
vn -0.8423 -0.2212 0.4915
vn -0.8423 -0.2211 0.4916
vn 0.9700 -0.1809 -0.1625
vn 0.9937 -0.0910 -0.0657
vn 0.9937 -0.0909 -0.0658
vn 0.7674 -0.0471 -0.6394
vn 0.7674 -0.0470 -0.6394
vn 0.7675 -0.0470 -0.6394
vn 0.7716 -0.1060 -0.6272
vn 0.7717 -0.1059 -0.6272
vn -0.8892 -0.4290 -0.1593
vn -0.8181 -0.5664 0.0996
vn -0.8181 -0.5664 0.0994
vn -0.9459 -0.1506 0.2873
vn -0.9905 -0.0602 0.1239
vn -0.9905 -0.0601 0.1239
vn 0.7008 -0.5354 -0.4714
vn 0.6675 -0.4468 -0.5957
vn 0.6675 -0.4467 -0.5957
vn 0.0503 -0.8633 -0.5021
vn 0.0502 -0.8633 -0.5021
vn 0.0600 -0.8527 -0.5189
vn 0.5994 -0.5802 -0.5515
vn 0.5993 -0.5802 -0.5515
vn 0.6713 -0.5860 -0.4539
vn 0.0412 -0.8048 -0.5921
vn -0.0189 -0.7683 -0.6398
vn -0.0190 -0.7683 -0.6398
vn 0.9242 0.3217 0.2059
vn 0.9242 0.3218 0.2059
vn 0.9723 0.1741 0.1559
vn 0.9723 0.1742 0.1559
vn 0.9712 -0.1624 -0.1742
vn 0.9583 -0.1624 -0.2353
vn 0.9583 -0.1624 -0.2352
vn -0.4644 0.6572 0.5936
vn -0.4968 0.6388 0.5874
vn -0.4970 0.6388 0.5873
vn -0.4969 0.6388 0.5873
vn 0.1391 0.6981 0.7024
vn 0.1482 0.7456 0.6497
vn 0.1481 0.7456 0.6497
vn -0.8976 -0.3661 -0.2455
vn -0.8900 -0.3558 -0.2852
vn -0.8900 -0.3557 -0.2851
vn -0.9978 0.0569 0.0336
vn -0.9896 0.0678 0.1269
vn 0.9273 0.3744 0.0022
vn 0.9273 0.3743 0.0022
vn 0.9275 0.3533 0.1224
vn 0.9275 0.3532 0.1224
vn 0.9046 -0.1357 -0.4041
vn 0.8404 -0.1603 -0.5178
vn 0.8404 -0.1603 -0.5177
vn -0.0812 0.7404 0.6673
vn -0.0812 0.7403 0.6673
vn -0.3019 0.6288 0.7165
vn -0.3019 0.6289 0.7165
vn 0.2772 0.6925 0.6661
vn 0.3743 0.7192 0.5854
vn 0.3743 0.7192 0.5853
vn -0.9209 -0.3761 -0.1028
vn -0.9209 -0.3760 -0.1028
vn -0.9040 -0.4093 -0.1238
vn -0.9507 0.0282 0.3088
vn -0.9330 0.1393 0.3319
vn -0.9330 0.1394 0.3319
vn 0.3360 -0.6054 -0.7216
vn 0.3360 -0.6053 -0.7216
vn 0.4567 -0.5603 -0.6911
vn 0.4567 -0.5602 -0.6911
vn -0.1329 -0.7387 -0.6608
vn -0.2087 -0.7634 -0.6113
vn 0.5205 -0.7355 -0.4337
vn 0.5205 -0.7355 -0.4338
vn 0.5205 -0.7356 -0.4336
vn 0.3878 -0.6965 -0.6037
vn -0.0441 -0.9031 -0.4272
vn 0.1525 -0.9815 -0.1157
vn 0.7095 0.4815 -0.5146
vn 0.8628 0.4349 -0.2577
vn 0.8628 0.4348 -0.2577
vn 0.7961 -0.1918 -0.5739
vn 0.7726 -0.2000 -0.6026
vn 0.7725 -0.1997 -0.6028
vn -0.0836 0.9573 0.2768
vn -0.0700 0.9295 0.3620
vn -0.0700 0.9296 0.3620
vn 0.2667 0.8956 0.3560
vn 0.2667 0.8956 0.3561
vn 0.0030 0.9973 0.0730
vn 0.0029 0.9973 0.0732
vn 0.0030 0.9973 0.0731
vn -0.4025 -0.8906 -0.2120
vn -0.4025 -0.8906 -0.2119
vn -0.5762 -0.8071 -0.1287
vn -0.1092 -0.9071 0.4064
vn -0.0806 -0.9675 0.2396
vn 0.7012 -0.4320 0.5672
vn 0.5865 -0.3793 0.7157
vn 0.5865 -0.3793 0.7156
vn 0.9139 0.1223 0.3870
vn 0.9139 0.1224 0.3870
vn 0.9240 0.1141 0.3649
vn 0.9240 0.1142 0.3649
vn 0.3039 0.7133 0.6316
vn 0.3039 0.7133 0.6315
vn 0.3934 0.8181 0.4195
vn -0.0420 0.9987 -0.0305
vn -0.0420 0.9987 -0.0304
vn -0.0365 0.9875 0.1532
vn -0.0364 0.9875 0.1532
vn -0.3678 -0.7347 -0.5700
vn -0.3679 -0.7347 -0.5700
vn -0.5050 -0.8042 -0.3133
vn -0.5051 -0.8042 -0.3133
vn -0.0842 -0.9908 0.1056
vn -0.0843 -0.9908 0.1056
vn -0.0208 -0.9932 -0.1149
vn -0.4277 0.7175 -0.5498
vn -0.4276 0.7176 -0.5498
vn -0.5408 0.6016 -0.5878
vn -0.5408 0.6017 -0.5878
vn -0.7408 0.0277 -0.6712
vn -0.7407 0.0277 -0.6712
vn -0.5881 0.1980 -0.7841
vn -0.5890 0.1985 -0.7833
vn -0.5881 0.1980 -0.7842
vn 0.6967 0.0874 0.7120
vn 0.6967 0.0873 0.7120
vn 0.5438 -0.0813 0.8353
vn 0.4791 -0.6793 0.5559
vn 0.4790 -0.6793 0.5559
vn 0.4790 -0.6793 0.5560
vn 0.5998 -0.5363 0.5938
vn 0.5998 -0.5362 0.5938
vn -0.2793 -0.0905 0.9559
vn -0.2793 -0.0902 0.9560
vn -0.2792 -0.0905 0.9559
vn -0.2346 -0.1069 0.9662
vn 0.2298 0.0532 0.9718
vn 0.2299 0.0532 0.9718
vn 0.1448 0.0169 0.9893
vn -0.8191 -0.1274 -0.5593
vn -0.8191 -0.1273 -0.5593
vn -0.8576 -0.1124 -0.5019
vn -0.8846 -0.2395 0.4001
vn -0.9537 -0.2102 0.2150
vn 0.6517 0.1634 0.7407
vn 0.6517 0.1633 0.7407
vn 0.6516 0.1633 0.7407
vn 0.6238 0.2560 0.7385
vn 0.8685 0.4480 -0.2120
vn 0.8685 0.4481 -0.2120
vn 0.8685 0.4480 -0.2121
vn 0.9356 0.2898 -0.2016
vn 0.9356 0.2898 -0.2015
vn 0.3915 0.2713 0.8793
vn 0.3915 0.2714 0.8793
vn -0.3828 0.0365 0.9231
vn -0.3827 0.0365 0.9231
vn -0.7961 0.2290 -0.5602
vn -0.7961 0.2290 -0.5601
vn -0.7961 0.2291 -0.5601
vn 0.6438 0.6759 -0.3587
vn 0.6438 0.6759 -0.3588
vn 0.7457 0.0684 0.6627
vn 0.7458 0.0684 0.6627
vn 0.6909 0.0608 0.7204
vn 0.9931 0.0467 -0.1079
vn 0.9931 0.0464 -0.1079
vn 0.9876 -0.1494 -0.0479
vn 0.9876 -0.1494 -0.0478
vn 0.4142 -0.2343 -0.8795
vn 0.5094 0.0480 -0.8592
vn 0.0493 0.0043 -0.9988
vn 0.0494 0.0043 -0.9988
vn -0.0876 -0.1925 -0.9774
vn -0.0877 -0.1925 -0.9774
vn -0.2709 0.3218 0.9072
vn -0.3091 0.1427 0.9403
vn -0.3090 0.1426 0.9403
vn -0.3089 0.1426 0.9403
vn -0.3090 0.1427 0.9403
vn 0.1643 0.1166 0.9795
vn 0.2292 0.2509 0.9405
vn 0.4488 0.2011 -0.8707
vn 0.3674 0.3006 -0.8802
vn 0.3674 0.3006 -0.8801
vn -0.1506 0.1450 -0.9779
vn -0.1505 0.1450 -0.9779
vn 0.0453 0.1261 -0.9910
vn 0.0454 0.1261 -0.9910
vn 0.7813 0.4564 0.4259
vn 0.7812 0.4564 0.4259
vn 0.7813 0.4563 0.4259
vn 0.7603 0.3157 0.5677
vn 0.7603 0.3157 0.5676
vn 0.9650 -0.2620 0.0121
vn 0.9816 -0.1802 0.0634
vn 0.4134 -0.7111 -0.5688
vn 0.4133 -0.7111 -0.5688
vn 0.2945 -0.6129 -0.7332
vn 0.2946 -0.6127 -0.7334
vn 0.2944 -0.6129 -0.7333
vn -0.0815 -0.4593 -0.8845
vn -0.0816 -0.4593 -0.8845
vn -0.0816 -0.4592 -0.8846
vn 0.2851 -0.5734 -0.7681
vn 0.2851 -0.5735 -0.7680
vn -0.1920 -0.0407 -0.9806
vn -0.1920 -0.0408 -0.9805
vn -0.7483 -0.0699 -0.6597
vn -0.7484 -0.0702 -0.6595
vn -0.7483 -0.0700 -0.6597
vn -0.9663 0.2546 0.0366
vn -0.6833 0.6472 -0.3378
vn -0.6833 0.6473 -0.3378
vn -0.8013 0.0255 -0.5978
vn -0.8013 0.0255 -0.5977
vn -0.8097 -0.0237 -0.5864
vn -0.8097 -0.0237 -0.5863
vn -0.9920 0.0511 0.1153
vn -0.9683 0.2380 0.0753
vn -0.9683 0.2380 0.0752
vn -0.7392 -0.6729 -0.0297
vn -0.6870 -0.6981 0.2017
vn -0.6870 -0.6981 0.2018
vn -0.8248 -0.1718 0.5386
vn -0.9213 -0.2048 0.3305
vn -0.5404 0.6016 0.5883
vn -0.5404 0.6015 0.5883
vn -0.4140 0.6552 0.6319
vn -0.2304 0.8552 0.4643
vn -0.2304 0.8551 0.4644
vn -0.1993 0.8108 0.5504
vn -0.4286 0.7185 0.5477
vn -0.4286 0.7186 0.5477
vn -0.4287 0.7185 0.5477
vn -0.3827 0.4756 0.7920
vn -0.3827 0.4756 0.7921
vn 0.2348 0.5742 0.7843
vn 0.2347 0.5742 0.7843
vn 0.1159 0.8261 0.5515
vn 0.1159 0.8261 0.5514
vn 0.5255 -0.6125 -0.5906
vn 0.5255 -0.6125 -0.5905
vn 0.4141 -0.6345 -0.6526
vn 0.4141 -0.6345 -0.6527
vn 0.0832 -0.8702 -0.4856
vn 0.0832 -0.8702 -0.4855
vn 0.1280 -0.8083 -0.5746
vn 0.1280 -0.8084 -0.5746
vn 0.4114 -0.6279 -0.6607
vn 0.4385 -0.6856 -0.5811
vn 0.0046 -0.9672 -0.2538
vn 0.0046 -0.9672 -0.2539
vn -0.0052 -0.9187 -0.3950
vn 0.5465 0.6371 -0.5436
vn 0.6933 0.5070 -0.5122
vn 0.7078 -0.1527 -0.6898
vn 0.7077 -0.1527 -0.6898
vn 0.7078 -0.1527 -0.6897
vn 0.6263 -0.0635 -0.7770
vn -0.3170 0.7198 0.6176
vn -0.3256 0.7816 0.5321
vn -0.3255 0.7816 0.5320
vn 0.0716 0.9800 0.1857
vn 0.0716 0.9800 0.1858
vn -0.0742 0.9404 0.3319
vn -0.0743 0.9404 0.3319
vn -0.0743 0.9404 0.3318
vn -0.6618 -0.6509 0.3719
vn -0.6453 -0.5881 0.4875
vn -0.7206 0.0006 0.6933
vn -0.7206 0.0005 0.6933
vn -0.7446 -0.0914 0.6613
vn -0.7446 -0.0914 0.6612
vn -0.6941 0.5754 0.4326
vn -0.6942 0.5753 0.4326
vn -0.6672 0.5748 0.4737
vn -0.6673 0.5748 0.4737
vn -0.1087 0.8289 0.5487
vn -0.0382 0.8473 0.5297
vn -0.0382 0.8474 0.5296
vn 0.8581 0.4833 0.1732
vn 0.8582 0.4833 0.1732
vn 0.8582 0.4833 0.1731
vn 0.8317 0.4575 0.3144
vn 0.8317 0.4576 0.3144
vn 0.9986 -0.0246 -0.0477
vn 0.9986 -0.0247 -0.0477
vn 0.9843 0.1154 -0.1338
vn 0.6652 -0.4093 -0.6245
vn 0.6665 -0.5173 -0.5368
vn 0.0664 -0.7539 -0.6536
vn -0.1703 -0.6764 -0.7166
vn 0.3067 -0.2860 0.9078
vn 0.1662 -0.1420 0.9758
vn 0.1662 -0.1419 0.9758
vn 0.5305 0.3855 0.7549
vn 0.6909 0.1664 0.7035
vn 0.6910 0.1664 0.7035
vn -0.6789 -0.7281 0.0948
vn -0.6788 -0.7281 0.0948
vn -0.7848 -0.6082 -0.1192
vn -0.3832 -0.6329 0.6727
vn -0.3833 -0.6329 0.6727
vn -0.3284 -0.7373 0.5904
vn -0.3283 -0.7373 0.5904
vn -0.3856 0.4413 -0.8103
vn -0.3856 0.4412 -0.8103
vn -0.2617 0.4777 -0.8387
vn -0.6098 0.0629 -0.7900
vn -0.7171 -0.0513 -0.6950
vn -0.7171 -0.0513 -0.6951
vn -0.7172 -0.0513 -0.6950
vn -0.3549 0.3357 0.8726
vn -0.3550 0.3356 0.8725
vn -0.6209 0.3677 -0.6923
vn -0.1287 0.7540 -0.6441
vn -0.1287 0.7541 -0.6441
vn 0.2871 0.9491 0.1295
vn 0.2871 0.9491 0.1294
vn -0.2546 0.8836 -0.3929
vn -0.2547 0.8836 -0.3929
vn -0.2682 0.7614 -0.5902
vn -0.2682 0.7613 -0.5902
vn -0.4521 0.2746 -0.8486
vn -0.5290 0.4945 -0.6897
vn -0.5287 0.4947 -0.6898
vn 0.6756 0.3952 0.6224
vn 0.5105 0.5185 0.6860
vn 0.5104 0.5186 0.6860
vn 0.2117 0.9570 0.1986
vn 0.2116 0.9570 0.1985
vn 0.2116 0.9570 0.1986
vn 0.4136 0.8617 0.2939
vn 0.1172 -0.7524 0.6483
vn 0.1171 -0.7524 0.6483
vn 0.3328 -0.7543 0.5659
vn 0.5266 -0.2558 0.8107
vn 0.5267 -0.2558 0.8107
vn 0.5267 -0.2557 0.8107
vn 0.5197 -0.1827 0.8346
vn 0.7145 0.6933 -0.0943
vn 0.5808 0.8126 0.0489
vn 0.5807 0.8126 0.0490
vn 0.5807 0.8126 0.0489
vn 0.1711 0.7750 -0.6084
vn 0.2779 0.7581 -0.5900
vn -0.6806 0.5060 -0.5299
vn -0.6806 0.5059 -0.5299
vn -0.6676 0.4662 -0.5805
vn -0.9424 -0.0515 -0.3306
vn -0.9420 -0.0359 -0.3337
vn -0.9420 -0.0358 -0.3337
vn 0.6763 0.7347 -0.0533
vn 0.6763 0.7347 -0.0532
vn 0.6764 0.7347 -0.0532
vn 0.7229 0.6643 -0.1899
vn 0.2126 0.8273 -0.5200
vn 0.1251 0.9195 -0.3726
vn -0.7236 -0.6799 0.1192
vn -0.7438 -0.6358 0.2062
vn -0.3196 -0.7662 0.5575
vn -0.2595 -0.8609 0.4377
vn -0.2595 -0.8608 0.4377
vn -0.5695 -0.3821 -0.7277
vn -0.5696 -0.3821 -0.7277
vn -0.5695 -0.3822 -0.7277
vn -0.3791 -0.6082 -0.6974
vn -0.3791 -0.6081 -0.6974
vn -0.1730 -0.9629 -0.2073
vn -0.1730 -0.9629 -0.2072
vn -0.4976 -0.8060 -0.3205
vn -0.4977 -0.8060 -0.3205
vn 0.9570 0.2900 0.0017
vn 0.7093 0.7012 0.0714
vn 0.7094 0.7012 0.0714
vn 0.7890 0.6127 -0.0465
vn 0.9257 0.2374 -0.2945
vn -0.9278 -0.3723 -0.0255
vn -0.9849 -0.1103 0.1332
vn -0.9870 -0.0649 -0.1473
vn -0.9870 -0.0648 -0.1473
vn -0.8768 -0.4804 0.0228
vn -0.8768 -0.4804 0.0229
vn -0.1863 0.9336 0.3061
vn -0.1862 0.9336 0.3061
vn -0.6039 0.7625 0.2322
vn -0.6073 0.6193 0.4977
vn -0.0663 0.8660 0.4957
vn -0.0664 0.8660 0.4956
vn -0.9692 -0.1804 -0.1675
vn -0.9676 -0.2381 -0.0836
vn -0.9676 -0.2381 -0.0837
vn -0.9390 -0.2375 0.2488
vn -0.9390 -0.2377 0.2487
vn -0.9390 -0.2377 0.2486
vn -0.9319 0.0066 0.3626
vn -0.3261 0.1715 0.9297
vn -0.2801 -0.1363 0.9503
vn -0.2800 -0.1363 0.9503
vn 0.4223 0.1616 0.8919
vn 0.4223 0.1617 0.8919
vn 0.3666 0.2988 0.8811
vn 0.2290 -0.1614 -0.9599
vn 0.4123 -0.2269 -0.8823
vn -0.4450 -0.4610 -0.7677
vn -0.4450 -0.4610 -0.7678
vn -0.5015 -0.3630 -0.7853
vn 0.9376 0.3449 0.0435
vn 0.9376 0.3450 0.0435
vn 0.9380 0.3465 0.0089
vn 0.9380 0.3465 0.0088
vn 0.9005 0.2101 -0.3807
vn 0.8642 0.2442 -0.4399
vn 0.8642 0.2442 -0.4400
vn 0.8641 0.2443 -0.4400
vn -0.8732 -0.4134 -0.2582
vn -0.7989 -0.5448 -0.2548
vn -0.9830 -0.1660 0.0781
vn -0.9831 -0.1658 0.0781
vn -0.9910 -0.1323 0.0183
vn 0.3651 -0.6410 -0.6751
vn 0.3651 -0.6410 -0.6752
vn 0.4148 -0.5201 -0.7467
vn 0.4148 -0.5201 -0.7466
vn 0.4147 -0.5201 -0.7467
vn -0.1466 -0.3212 -0.9356
vn -0.1765 -0.4466 -0.8772
vn 0.7800 0.1949 -0.5946
vn 0.7801 0.1949 -0.5946
vn 0.7800 0.1950 -0.5946
vn 0.2499 0.3536 -0.9014
vn 0.2953 0.3380 -0.8936
vn 0.2953 0.3381 -0.8936
vn 0.7412 0.1215 -0.6602
vn 0.7411 0.1213 -0.6603
vn 0.7412 0.1214 -0.6602
vn -0.4273 0.4391 -0.7903
vn -0.4274 0.4391 -0.7903
vn -0.9311 0.3479 -0.1095
vn -0.8935 0.4014 -0.2012
vn -0.4448 0.4813 -0.7553
vn 0.4732 -0.1980 0.8585
vn 0.4732 -0.1979 0.8584
vn 0.9603 -0.0820 0.2668
vn 0.9075 -0.3196 0.2726
vn 0.4553 -0.4133 0.7886
vn 0.0176 0.6828 -0.7304
vn 0.9376 0.3409 -0.0680
vn 0.9376 0.3410 -0.0680
vn 0.2197 0.0640 0.9735
vn 0.2197 0.0639 0.9735
vn -0.6859 0.4722 0.5537
vn -0.6859 0.4721 0.5537
vn -0.2694 0.7578 -0.5943
vn -0.7428 0.6690 -0.0273
vn -0.6248 0.7767 0.0796
vn -0.1303 0.8756 -0.4651
vn 0.3127 -0.6771 0.6661
vn 0.8004 -0.5818 0.1441
vn 0.6730 -0.7395 0.0151
vn 0.6730 -0.7395 0.0150
vn 0.1671 -0.8310 0.5306
vn 0.1672 -0.8310 0.5306
vn -0.6636 -0.0147 0.7480
vn -0.6635 -0.0148 0.7480
vn -0.3148 -0.3840 0.8680
vn -0.3149 -0.3839 0.8680
vn -0.4042 -0.4613 0.7898
vn -0.6823 -0.0210 0.7308
vn -0.6823 -0.0209 0.7308
vn -0.6583 0.0395 0.7517
vn -0.6584 0.0395 0.7517
vn -0.1284 -0.1366 0.9823
vn -0.2286 -0.2627 0.9374
vn -0.2286 -0.2626 0.9374
vn -0.6763 -0.0358 0.7358
vn -0.6763 -0.0359 0.7358
vn -0.7534 -0.0050 0.6575
vn -0.7534 -0.0051 0.6575
vn -0.5096 -0.4947 0.7040
vn -0.5095 -0.4947 0.7040
vn -0.2332 -0.5790 0.7813
vn -0.4227 0.1312 0.8967
vn -0.4228 0.1312 0.8967
vn -0.0715 0.9014 -0.4271
vn -0.5831 0.8106 0.0537
vn -0.5831 0.8106 0.0536
vn -0.3207 0.9386 0.1270
vn -0.3206 0.9386 0.1271
vn 0.0209 0.9971 -0.0734
vn 0.0209 0.9971 -0.0735
vn 0.7638 0.0040 -0.6454
vn 0.7639 0.0041 -0.6454
vn 0.5379 0.4902 -0.6859
vn 0.5379 0.4901 -0.6859
vn 0.8476 0.4678 -0.2505
vn 0.9015 -0.1937 -0.3871
vn 0.7558 0.0890 -0.6487
vn 0.7558 0.0890 -0.6488
vn 0.4026 0.4483 -0.7981
vn 0.4830 0.4905 -0.7253
vn 0.4830 0.4906 -0.7253
vn 0.7594 0.0539 -0.6484
vn 0.5645 0.0570 0.8235
vn 0.5645 0.0571 0.8235
vn 0.4703 -0.5874 0.6586
vn 0.5764 -0.5756 0.5801
vn 0.6832 0.0249 0.7298
vn 0.0320 0.9968 0.0727
vn 0.0321 0.9968 0.0727
vn 0.2774 0.8742 0.3984
vn 0.2774 0.8743 0.3984
vn 0.2774 0.8742 0.3985
vn 0.3850 0.7917 0.4744
vn 0.3850 0.7916 0.4744
vn 0.3849 0.7917 0.4744
vn 0.0069 0.9953 0.0967
vn 0.0069 0.9953 0.0966
vn -0.7197 -0.1675 -0.6738
vn -0.7196 -0.1670 -0.6740
vn -0.6389 0.5027 -0.5824
vn -0.6388 0.5027 -0.5823
vn -0.6364 0.5022 -0.5854
vn -0.6364 0.5023 -0.5854
vn -0.6992 -0.1589 -0.6970
vn -0.1401 -0.9826 -0.1217
vn -0.5105 -0.7105 -0.4843
vn -0.5104 -0.7106 -0.4842
vn -0.5104 -0.7105 -0.4843
vn -0.4844 -0.7022 -0.5218
vn -0.0986 -0.9839 -0.1492
vn -0.2185 0.4254 0.8783
vn -0.2184 0.4254 0.8783
vn 0.1354 0.2333 0.9629
vn 0.1354 0.2334 0.9629
vn 0.0588 0.0834 0.9948
vn -0.3126 0.2303 0.9215
vn -0.3126 0.2302 0.9216
vn -0.5980 0.3899 -0.7003
vn -0.7294 0.6359 0.2523
vn -0.9155 0.4023 -0.0014
vn -0.6669 0.2365 -0.7067
vn -0.6671 0.2365 -0.7064
vn 0.5389 -0.2856 -0.7925
vn 0.5389 -0.2855 -0.7925
vn 0.0918 -0.0609 -0.9939
vn 0.0919 -0.0608 -0.9939
vn 0.0918 -0.0605 -0.9939
vn 0.1414 -0.1276 -0.9817
vn 0.1415 -0.1277 -0.9817
vn 0.5350 -0.2837 -0.7958
vn -0.0087 0.8082 -0.5889
vn 0.9290 0.2734 -0.2492
vn 0.9291 0.2734 -0.2491
vn 0.9291 0.2734 -0.2492
vn 0.3503 0.4367 0.8286
vn -0.1766 0.7302 0.6601
vn -0.1765 0.7302 0.6601
vn 0.6610 -0.1465 -0.7359
vn 0.2399 0.0065 -0.9708
vn 0.2899 0.0636 -0.9549
vn 0.7285 -0.0401 -0.6839
vn 0.6487 -0.1882 0.7374
vn 0.6485 -0.1882 0.7375
vn 0.9525 -0.2598 -0.1591
vn 0.9871 -0.1205 -0.1054
vn 0.9871 -0.1205 -0.1055
vn 0.6646 -0.1191 0.7376
vn 0.6646 -0.1191 0.7377
vn -0.4122 0.1236 0.9027
vn -0.4121 0.1236 0.9027
vn 0.0084 -0.0028 1.0000
vn 0.0084 -0.0029 1.0000
vn -0.0173 -0.0286 0.9994
vn -0.4709 0.0573 0.8803
vn -0.4709 0.0574 0.8803
vn 0.6011 0.0187 0.7990
vn 0.9066 -0.3244 -0.2698
vn 0.9066 -0.3244 -0.2699
vn 0.8898 -0.3856 -0.2440
vn 0.8898 -0.3856 -0.2439
vn 0.6485 -0.1889 0.7375
vn 0.6484 -0.1888 0.7375
vn 0.6854 0.0960 0.7218
vn 0.6854 0.0961 0.7218
vn 0.6853 0.0961 0.7219
vn 0.9811 0.1925 -0.0174
vn 0.9811 0.1925 -0.0175
vn 0.8860 0.3233 0.3324
vn 0.8860 0.3232 0.3325
vn 0.8126 0.2333 0.5341
vn -0.4885 -0.0374 0.8717
vn -0.4886 -0.0374 0.8717
vn 0.0074 -0.0117 0.9999
vn 0.2772 0.3039 0.9115
vn -0.4075 0.2212 0.8860
vn -0.4076 0.2212 0.8860
vn 0.7735 0.1848 -0.6063
vn 0.7734 0.1848 -0.6063
vn 0.2866 0.1126 -0.9514
vn 0.2866 0.1127 -0.9514
vn 0.3510 0.6609 -0.6633
vn 0.7621 0.6465 -0.0345
vn 0.7621 0.6466 -0.0345
vn -0.6598 0.2739 -0.6997
vn -0.6598 0.2739 -0.6998
vn -0.9420 0.3303 -0.0595
vn -0.9692 0.2244 -0.1017
vn -0.9692 0.2245 -0.1018
vn -0.6719 0.2212 -0.7068
vn -0.9237 -0.0361 -0.3815
vn -0.9237 -0.0362 -0.3815
vn -0.8313 0.0675 -0.5517
vn -0.8313 0.0674 -0.5517
vn -0.8010 0.2386 -0.5491
vn -0.8010 0.2386 -0.5490
vn -0.9644 0.1098 -0.2407
vn -0.9644 0.1098 -0.2406
vn 0.6176 -0.2641 -0.7408
vn 0.6176 -0.2641 -0.7409
vn 0.4016 0.7952 0.4543
vn -0.4891 0.8506 0.1931
vn -0.4891 0.8506 0.1929
vn -0.5145 0.2521 -0.8196
vn -0.3257 0.8449 0.4243
vn -0.3870 0.7923 0.4716
vn -0.3871 0.7923 0.4716
vn 0.1262 0.7471 0.6526
vn 0.1261 0.7472 0.6526
vn 0.1766 0.7174 0.6739
vn 0.9283 -0.1782 0.3264
vn 0.9619 0.0082 0.2732
vn 0.8685 -0.4220 -0.2600
vn 0.8583 -0.5047 -0.0922
vn 0.8583 -0.5048 -0.0922
vn -0.7611 0.1703 -0.6259
vn -0.7611 0.1702 -0.6259
vn -0.7310 0.2293 -0.6428
vn -0.7310 0.2293 -0.6427
vn -0.7451 0.6650 0.0510
vn -0.7378 0.6720 -0.0640
vn -0.7378 0.6720 -0.0641
vn 0.1898 -0.7653 -0.6150
vn -0.3799 -0.4474 -0.8096
vn -0.3799 -0.4475 -0.8096
vn -0.5207 -0.4015 -0.7534
vn -0.5207 -0.4016 -0.7534
vn -0.5208 -0.4015 -0.7534
vn 0.0466 -0.8213 -0.5686
vn -0.7465 0.1439 -0.6496
vn -0.6616 0.7017 -0.2643
vn -0.6897 0.5151 -0.5088
vn -0.6897 0.5152 -0.5088
vn -0.6897 0.5151 -0.5089
vn -0.7677 0.1163 -0.6302
vn -0.7677 0.1164 -0.6302
vn -0.1338 0.9329 0.3344
vn -0.1338 0.9329 0.3343
vn 0.3291 0.6661 0.6694
vn 0.3291 0.6661 0.6693
vn 0.4605 0.6622 0.5911
vn 0.4606 0.6622 0.5911
vn 0.0658 0.9751 0.2118
vn 0.0657 0.9751 0.2118
vn 0.8215 -0.2420 0.5163
vn 0.7785 -0.6150 0.1252
vn 0.7785 -0.6150 0.1251
vn 0.7255 -0.6458 0.2377
vn 0.7811 -0.2570 0.5691
vn 0.7811 -0.2570 0.5690
vn -0.7043 -0.0146 -0.7098
vn -0.7044 -0.0145 -0.7097
vn -0.7043 -0.0146 -0.7097
vn -0.7044 -0.0146 -0.7097
vn -0.9859 -0.0472 -0.1602
vn -0.9859 -0.0472 -0.1603
vn -0.9859 -0.0471 -0.1604
vn -0.9571 -0.1383 -0.2545
vn -0.7121 -0.0733 -0.6982
vn -0.7124 -0.0732 -0.6980
vn -0.7123 -0.0732 -0.6980
vn 0.9067 -0.1915 0.3757
vn 0.9067 -0.1915 0.3758
vn 0.7791 -0.6017 0.1758
vn 0.7792 -0.6017 0.1757
vn 0.8805 -0.4681 -0.0748
vn 0.8805 -0.4680 -0.0748
vn 0.9706 -0.1035 0.2175
vn 0.9706 -0.1034 0.2175
vn -0.0402 -0.8613 -0.5064
vn -0.6268 -0.4181 -0.6575
vn -0.6756 -0.5050 -0.5371
vn -0.6757 -0.5050 -0.5371
vn -0.0478 -0.8504 -0.5240
vn -0.0479 -0.8504 -0.5240
vn -0.0200 -0.8035 -0.5950
vn -0.0201 -0.8034 -0.5950
vn -0.6501 -0.5568 -0.5170
vn -0.6502 -0.5568 -0.5170
vn -0.5691 -0.5544 -0.6073
vn -0.5691 -0.5544 -0.6072
vn 0.0459 -0.7697 -0.6367
vn -0.9564 -0.1198 -0.2663
vn -0.9741 0.2171 0.0630
vn -0.9741 0.2172 0.0630
vn -0.9245 0.3626 0.1177
vn -0.9245 0.3625 0.1177
vn -0.9377 -0.1205 -0.3258
vn -0.1745 0.7050 0.6874
vn -0.1744 0.7050 0.6874
vn 0.4665 0.6176 0.6333
vn 0.4666 0.6175 0.6332
vn 0.4664 0.6176 0.6333
vn 0.4343 0.6374 0.6365
vn 0.4343 0.6373 0.6365
vn 0.4342 0.6374 0.6365
vn -0.1764 0.7528 0.6342
vn -0.1763 0.7528 0.6342
vn 0.9916 0.0129 0.1286
vn 0.8965 -0.3953 -0.2000
vn 0.8966 -0.3952 -0.1999
vn 0.8999 -0.4058 -0.1597
vn 0.9750 0.0244 0.2207
vn -0.8671 -0.0965 -0.4887
vn -0.8671 -0.0966 -0.4887
vn -0.9185 0.3940 0.0342
vn -0.9185 0.3939 0.0344
vn -0.9059 0.4149 -0.0853
vn -0.9059 0.4148 -0.0853
vn -0.7935 -0.1242 -0.5958
vn -0.3086 0.7054 0.6381
vn -0.3085 0.7054 0.6381
vn 0.2597 0.6164 0.7434
vn 0.0498 0.7375 0.6735
vn 0.0498 0.7375 0.6736
vn 0.0499 0.7375 0.6736
vn -0.3963 0.7362 0.5486
vn 0.9173 -0.0131 0.3980
vn 0.9173 -0.0130 0.3980
vn 0.8927 -0.4490 -0.0380
vn 0.9090 -0.4165 -0.0155
vn 0.9023 0.0988 0.4195
vn 0.9024 0.0988 0.4195
vn 0.1626 -0.7452 -0.6467
vn 0.1625 -0.7452 -0.6467
vn -0.4131 -0.5410 -0.7326
vn -0.4130 -0.5411 -0.7326
vn -0.4127 -0.5408 -0.7329
vn -0.4130 -0.5410 -0.7326
vn -0.2921 -0.5915 -0.7516
vn -0.2921 -0.5915 -0.7515
vn -0.2923 -0.5916 -0.7514
vn 0.2321 -0.7731 -0.5902
vn 0.0447 -0.9051 -0.4229
vn 0.0447 -0.9050 -0.4230
vn -0.3589 -0.6801 -0.6393
vn -0.3589 -0.6800 -0.6393
vn -0.5087 -0.7129 -0.4827
vn -0.5087 -0.7130 -0.4825
vn -0.5087 -0.7129 -0.4826
vn -0.1839 -0.9741 -0.1318
vn -0.1838 -0.9741 -0.1318
vn -0.7455 -0.1578 -0.6475
vn -0.8144 0.4719 -0.3378
vn -0.6353 0.5112 -0.5788
vn -0.6354 0.5113 -0.5787
vn -0.6354 0.5112 -0.5788
vn -0.7197 -0.1670 -0.6738
vn -0.7198 -0.1672 -0.6738
vn -0.2597 0.9072 0.3309
vn 0.0760 0.9263 0.3690
vn 0.0760 0.9263 0.3689
vn 0.0990 0.9533 0.2855
vn 0.0990 0.9533 0.2854
vn 0.0989 0.9532 0.2855
vn 0.0340 0.9967 0.0744
vn 0.0340 0.9966 0.0746
vn 0.0340 0.9966 0.0748
vn 0.0340 0.9966 0.0745
vn 0.0299 -0.9102 0.4131
vn 0.0300 -0.9102 0.4131
vn 0.5498 -0.8320 -0.0749
vn 0.5498 -0.8319 -0.0750
vn 0.3812 -0.9079 -0.1745
vn 0.0147 -0.9696 0.2441
vn 0.0147 -0.9696 0.2442
vn -0.9403 0.1633 0.2985
vn -0.6681 -0.3516 0.6558
vn -0.7704 -0.3995 0.4970
vn -0.9486 0.1555 0.2755
vn 0.0887 0.9958 -0.0242
vn -0.3951 0.8355 0.3819
vn -0.3951 0.8355 0.3818
vn -0.3309 0.7273 0.6012
vn -0.3309 0.7273 0.6013
vn 0.0652 0.9853 0.1580
vn 0.0651 0.9853 0.1581
vn 0.0301 -0.9934 0.1111
vn 0.4967 -0.8263 -0.2655
vn 0.4967 -0.8264 -0.2655
vn 0.4966 -0.8264 -0.2654
vn 0.3877 -0.7514 -0.5339
vn 0.3877 -0.7514 -0.5340
vn -0.0121 -0.9934 -0.1145
vn -0.0121 -0.9933 -0.1145
vn 0.8018 -0.0064 -0.5976
vn 0.8018 -0.0063 -0.5976
vn 0.6203 0.5760 -0.5324
vn 0.5092 0.6969 -0.5050
vn 0.5093 0.6968 -0.5051
vn 0.6683 0.1702 -0.7242
vn 0.6683 0.1703 -0.7242
vn -0.5593 -0.6564 0.5064
vn -0.5592 -0.6564 0.5064
vn -0.5593 -0.6563 0.5064
vn -0.6239 -0.0554 0.7795
vn -0.6239 -0.0555 0.7795
vn -0.7568 0.1195 0.6426
vn -0.6767 -0.5081 0.5329
vn -0.3187 0.0653 0.9456
vn -0.3188 0.0653 0.9456
vn 0.1366 -0.1151 0.9839
vn 0.1827 -0.1007 0.9780
vn -0.2375 0.0254 0.9711
vn 0.8311 -0.2774 0.4820
vn 0.8957 -0.1512 -0.4182
vn 0.8957 -0.1512 -0.4183
vn 0.8623 -0.1645 -0.4790
vn 0.8622 -0.1645 -0.4791
vn 0.9187 -0.2515 0.3044
vn -0.8238 0.4854 -0.2928
vn -0.8238 0.4854 -0.2929
vn -0.6794 0.2848 0.6762
vn -0.6794 0.2848 0.6763
vn -0.7114 0.1934 0.6756
vn -0.7114 0.1935 0.6756
vn -0.7114 0.1934 0.6757
vn -0.8985 0.3303 -0.2891
vn 0.8551 0.1926 -0.4813
vn 0.8551 0.1925 -0.4814
vn 0.2943 0.0216 0.9555
vn 0.2944 0.0216 0.9555
vn -0.4611 0.2902 0.8386
vn -0.4611 0.2901 0.8386
vn -0.5764 0.7028 -0.4169
vn -0.5763 0.7028 -0.4170
vn -0.9753 0.0902 -0.2018
vn -0.9752 0.0902 -0.2019
vn -0.7530 0.0927 0.6515
vn -0.7530 0.0927 0.6514
vn -0.8017 0.1026 0.5888
vn -0.9842 -0.1059 -0.1420
vn -0.9842 -0.1058 -0.1420
vn 0.0462 0.0044 -0.9989
vn 0.0462 0.0043 -0.9989
vn 0.0463 0.0044 -0.9989
vn -0.4227 0.0685 -0.9037
vn -0.4226 0.0685 -0.9037
vn -0.3385 -0.2177 -0.9154
vn 0.1718 -0.1982 -0.9650
vn 0.1717 -0.1983 -0.9650
vn -0.2515 0.1258 0.9597
vn -0.2515 0.1257 0.9596
vn -0.2515 0.1258 0.9596
vn 0.2240 0.1309 0.9658
vn 0.2241 0.1309 0.9657
vn 0.1972 0.3115 0.9296
vn -0.3064 0.2628 0.9149
vn 0.2492 0.1361 -0.9588
vn 0.2493 0.1361 -0.9588
vn 0.2492 0.1362 -0.9588
vn -0.2683 0.3146 -0.9105
vn -0.2684 0.3146 -0.9105
vn -0.3546 0.2189 -0.9090
vn 0.0548 0.1259 -0.9905
vn -0.9724 -0.2192 -0.0804
vn -0.7963 0.3501 0.4933
vn -0.7974 0.4913 0.3505
vn -0.7974 0.4912 0.3505
vn -0.9901 -0.1366 -0.0308
vn -0.9901 -0.1366 -0.0307
vn 0.1451 -0.4643 -0.8737
vn -0.2500 -0.6009 -0.7592
vn -0.2501 -0.6009 -0.7592
vn -0.3882 -0.6934 -0.6071
vn -0.3883 -0.6934 -0.6071
vn -0.2356 -0.5619 -0.7929
vn -0.2356 -0.5620 -0.7929
vn 0.9687 0.2119 0.1290
vn 0.8039 -0.1042 -0.5856
vn 0.8039 -0.1042 -0.5855
vn 0.2825 -0.0512 -0.9579
vn 0.2825 -0.0513 -0.9579
vn 0.7402 0.6158 -0.2699
vn 0.9778 0.0076 0.2093
vn 0.8600 -0.0606 -0.5066
vn 0.8600 -0.0606 -0.5067
vn 0.8549 -0.0111 -0.5187
vn 0.8549 -0.0110 -0.5187
vn 0.9663 0.1953 0.1676
vn 0.7614 -0.2069 0.6144
vn 0.7614 -0.2068 0.6144
vn 0.6332 -0.7273 0.2648
vn 0.6332 -0.7273 0.2647
vn 0.7083 -0.7048 0.0394
vn 0.8758 -0.2445 0.4163
vn 0.2226 0.8451 0.4860
vn 0.2226 0.8452 0.4860
vn 0.3804 0.6376 0.6699
vn 0.3804 0.6376 0.6698
vn 0.5079 0.5784 0.6384
vn 0.5079 0.5784 0.6383
vn 0.1815 0.8024 0.5686
vn 0.1815 0.8024 0.5685
vn -0.2829 0.5856 0.7596
vn -0.2828 0.5857 0.7596
vn 0.3262 0.4600 0.8259
vn 0.3262 0.4599 0.8259
vn 0.3261 0.4599 0.8259
vn 0.4058 0.7001 0.5875
vn 0.4057 0.7001 0.5875
vn -0.1314 0.8316 0.5397
vn -0.1314 0.8316 0.5396
vn -0.1314 0.8315 0.5397
vn -0.0749 -0.8667 -0.4931
vn -0.0748 -0.8668 -0.4931
vn -0.3776 -0.6170 -0.6905
vn -0.3776 -0.6170 -0.6904
vn -0.4933 -0.5900 -0.6392
vn -0.4933 -0.5899 -0.6392
vn -0.1082 -0.8031 -0.5859
vn -0.1081 -0.8031 -0.5859
vn -0.0230 -0.9666 -0.2552
vn -0.0230 -0.9666 -0.2551
vn -0.4109 -0.6668 -0.6217
vn -0.4109 -0.6669 -0.6216
vn -0.3738 -0.6105 -0.6982
vn -0.3739 -0.6105 -0.6982
vn 0.0023 -0.9188 -0.3946
vn -0.6449 -0.1228 -0.7543
vn -0.6449 -0.1229 -0.7543
vn -0.6184 0.5359 -0.5748
vn -0.6183 0.5359 -0.5748
vn -0.4637 0.6594 -0.5918
vn -0.5517 -0.0375 -0.8332
vn -0.5517 -0.0374 -0.8332
vn -0.0457 0.9826 0.1801
vn 0.3075 0.7676 0.5623
vn 0.3075 0.7677 0.5623
vn 0.2881 0.7064 0.6465
vn 0.0837 0.9369 0.3394
vn 0.0837 0.9369 0.3395
vn 0.6507 -0.0297 0.7588
vn 0.6507 -0.0298 0.7588
vn 0.5695 -0.6149 0.5455
vn 0.5695 -0.6150 0.5455
vn 0.5941 -0.6786 0.4319
vn 0.5941 -0.6787 0.4319
vn 0.6735 -0.1227 0.7289
vn 0.6735 -0.1227 0.7290
vn 0.0923 0.8245 0.5583
vn 0.0924 0.8245 0.5583
vn 0.6438 0.5459 0.5363
vn 0.6745 0.5451 0.4979
vn 0.0249 0.8460 0.5327
vn 0.0249 0.8459 0.5327
vn -0.9896 0.0193 -0.1426
vn -0.9896 0.0192 -0.1427
vn -0.8369 0.4944 0.2348
vn -0.8486 0.5210 0.0917
vn -0.8486 0.5210 0.0916
vn -0.9610 0.1584 -0.2267
vn -0.0370 -0.7516 -0.6585
vn -0.6345 -0.4885 -0.5989
vn -0.6345 -0.4886 -0.5989
vn -0.6201 -0.3809 -0.6859
vn 0.2078 -0.6848 -0.6985
vn -0.5825 0.4101 0.7018
vn -0.2644 -0.1324 0.9553
vn -0.2645 -0.1324 0.9553
vn -0.4041 -0.2703 0.8739
vn -0.4040 -0.2703 0.8739
vn -0.7468 0.1982 0.6349
vn -0.7468 0.1982 0.6348
vn -0.7468 0.1981 0.6349
vn 0.2892 -0.6478 0.7048
vn 0.2892 -0.6477 0.7048
vn 0.7650 -0.6424 -0.0452
vn 0.7650 -0.6424 -0.0453
vn 0.6340 -0.7571 0.1574
vn 0.6340 -0.7571 0.1575
vn 0.2378 -0.7498 0.6174
vn 0.6845 0.0343 -0.7282
vn 0.6845 0.0344 -0.7282
vn 0.3611 0.4639 -0.8089
vn 0.4801 0.4222 -0.7690
vn 0.4801 0.4221 -0.7690
vn 0.7771 -0.0843 -0.6237
vn 0.2226 0.7463 -0.6273
vn 0.6996 0.3385 -0.6293
vn 0.6996 0.3386 -0.6293
vn 0.2847 0.3215 0.9031
vn 0.2846 0.3215 0.9031
vn -0.2561 0.9611 0.1035
vn -0.2560 0.9611 0.1035
vn 0.5425 0.2526 -0.8012
vn 0.3565 0.7476 -0.5604
vn 0.3296 0.8707 -0.3651
vn 0.3296 0.8707 -0.3650
vn 0.6135 0.4693 -0.6351
vn -0.1872 0.9658 0.1795
vn -0.1873 0.9658 0.1795
vn -0.5501 0.5420 0.6353
vn -0.7137 0.4259 0.5561
vn -0.4014 0.8797 0.2550
vn -0.4013 0.8797 0.2550
vn -0.6122 -0.2306 0.7563
vn -0.4181 -0.7377 0.5300
vn -0.4181 -0.7378 0.5300
vn -0.2114 -0.7451 0.6326
vn -0.6043 -0.1579 0.7809
vn -0.6044 -0.1579 0.7809
vn -0.0781 0.7805 -0.6203
vn -0.5464 0.8375 -0.0049
vn -0.6710 0.7239 -0.1604
vn -0.6710 0.7239 -0.1605
vn -0.1868 0.7684 -0.6122
vn 0.9664 -0.0937 -0.2395
vn 0.7397 0.4351 -0.5133
vn 0.7496 0.4743 -0.4617
vn 0.7496 0.4744 -0.4616
vn 0.9670 -0.0781 -0.2425
vn 0.9670 -0.0780 -0.2425
vn -0.1255 0.8347 -0.5362
vn -0.6716 0.6951 -0.2565
vn -0.6352 0.7636 -0.1159
vn -0.6352 0.7636 -0.1158
vn -0.0484 0.9233 -0.3809
vn 0.2310 -0.7783 0.5838
vn 0.6921 -0.6675 0.2748
vn 0.6783 -0.7108 0.1862
vn 0.6783 -0.7108 0.1861
vn 0.1785 -0.8705 0.4586
vn 0.1494 -0.9700 -0.1919
vn 0.1493 -0.9700 -0.1919
vn 0.4167 -0.6257 -0.6594
vn 0.4167 -0.6258 -0.6594
vn 0.6189 -0.4084 -0.6710
vn 0.6188 -0.4084 -0.6710
vn 0.6189 -0.4083 -0.6710
vn 0.4899 -0.8278 -0.2734
vn -0.7532 0.6467 -0.1201
vn -0.6813 0.7320 0.0050
vn -0.6814 0.7319 0.0050
vn -0.9392 0.3318 -0.0888
vn -0.9391 0.3318 -0.0888
vn -0.9391 0.3319 -0.0888
vn -0.8821 0.2774 -0.3808
vn -0.8821 0.2773 -0.3808
vn 0.9927 -0.1083 -0.0530
vn 0.9927 -0.1086 -0.0527
vn 0.9927 -0.1085 -0.0528
vn 0.9620 -0.1533 0.2261
vn 0.9087 -0.4129 0.0621
vn 0.9087 -0.4129 0.0622
vn 0.9087 -0.4128 0.0621
vn 0.8486 -0.5185 0.1052
vn 0.5838 0.5930 0.5546
vn 0.5839 0.5929 0.5546
vn 0.6120 0.7356 0.2903
vn 0.6120 0.7357 0.2902
vn 0.1972 0.9251 0.3244
vn 0.0570 0.8633 0.5015
vn 0.0569 0.8633 0.5015
vn 0.8996 -0.2781 0.3366
vn 0.8996 -0.2783 0.3364
vn 0.8996 -0.2783 0.3365
vn 0.9598 -0.2807 0.0083
vn 0.9598 -0.2807 0.0084
vn 0.9719 -0.2233 -0.0748
vn 0.8926 -0.0337 0.4497
vn 0.8925 -0.0337 0.4497
vn -0.4978 0.1820 0.8480
vn -0.4978 0.1819 0.8480
vn 0.1820 -0.1465 0.9723
vn 0.2433 0.1589 0.9568
vn -0.4353 0.3166 0.8428
vn 0.4953 -0.4817 -0.7229
vn 0.4954 -0.4818 -0.7228
vn 0.4954 -0.4817 -0.7229
vn -0.3360 -0.2104 -0.9181
vn -0.1435 -0.1532 -0.9777
vn 0.5575 -0.3864 -0.7348
vn -0.8500 0.2488 -0.4643
vn -0.8501 0.2487 -0.4643
vn -0.9184 0.3875 -0.0797
vn -0.9184 0.3875 -0.0798
vn -0.9214 0.3860 -0.0453
vn -0.9214 0.3860 -0.0452
vn -0.8068 0.2811 -0.5197
vn -0.8067 0.2812 -0.5198
vn -0.8067 0.2811 -0.5197
vn 0.9630 -0.2085 0.1710
vn 0.9628 -0.2091 0.1710
vn 0.7947 -0.5800 -0.1787
vn 0.7947 -0.5800 -0.1788
vn 0.8747 -0.4520 -0.1747
vn 0.9780 -0.1758 0.1123
s 1
usemtl Material.001
f 1//1 2//1 3//1
f 2//1 1//1 4//1
f 5//2 6//2 7//3
f 6//2 5//2 8//2
f 9//4 10//5 11//5
f 10//5 9//4 12//5
f 13//6 14//7 15//6
f 16//7 15//6 14//7
f 17//8 18//8 19//9
f 20//10 19//9 18//8
f 21//11 22//11 23//11
f 22//11 21//11 24//11
f 25//12 26//12 27//13
f 28//12 26//12 25//12
f 29//14 30//14 31//14
f 30//14 29//14 32//14
f 33//15 34//15 35//15
f 34//15 33//15 36//15
f 37//16 38//16 39//16
f 39//16 40//16 37//16
f 41//17 42//18 43//18
f 44//17 42//18 41//17
f 45//19 46//19 47//19
f 47//19 48//19 45//19
f 49//20 50//20 51//20
f 52//20 51//20 50//20
f 53//21 54//22 55//21
f 53//21 55//21 56//21
f 57//23 58//23 59//23
f 60//23 57//23 59//23
f 61//24 62//24 63//24
f 62//24 61//24 64//24
f 65//25 66//26 67//25
f 66//26 65//25 68//26
f 69//27 70//27 71//27
f 70//27 69//27 72//27
f 73//28 74//29 75//30
f 74//29 73//28 76//29
f 77//31 78//31 79//31
f 78//31 77//31 80//32
f 81//33 82//33 83//33
f 84//33 82//33 81//33
f 85//34 86//35 87//36
f 86//35 85//34 88//35
f 89//37 90//37 91//37
f 90//37 89//37 92//37
f 93//38 94//38 95//38
f 93//38 95//38 96//38
f 97//39 98//39 99//40
f 98//39 97//39 100//39
f 101//41 102//42 103//42
f 102//42 101//41 104//42
f 105//43 106//44 107//45
f 108//43 107//45 106//44
f 109//46 110//46 111//47
f 110//46 109//46 112//47
f 113//48 114//49 115//48
f 114//49 113//48 116//50
f 117//51 118//52 119//53
f 117//51 120//51 118//52
f 121//54 122//55 123//56
f 122//55 121//54 124//54
f 125//57 126//57 127//57
f 126//57 125//57 128//58
f 129//59 130//59 131//59
f 130//59 129//59 132//59
f 133//60 134//60 135//60
f 135//60 136//60 133//60
f 137//61 138//61 139//61
f 140//62 139//61 138//61
f 141//63 142//63 143//63
f 141//63 144//64 142//63
f 145//65 146//66 147//65
f 146//66 145//65 148//66
f 149//67 150//67 151//67
f 152//67 149//67 151//67
f 153//68 154//69 155//68
f 154//69 153//68 156//70
f 157//71 158//71 159//71
f 157//71 160//72 158//71
f 161//73 162//73 163//73
f 162//73 161//73 164//74
f 165//75 166//75 167//76
f 166//75 165//75 168//75
f 169//77 170//78 171//79
f 172//77 169//77 171//79
f 173//80 174//80 175//80
f 174//80 173//80 176//81
f 177//82 178//82 179//82
f 178//82 177//82 180//82
f 181//83 182//83 183//83
f 182//83 181//83 184//83
f 185//84 186//84 187//84
f 188//84 186//84 185//84
f 189//85 190//85 191//85
f 190//85 189//85 192//85
f 193//86 194//87 195//87
f 196//87 193//86 195//87
f 197//88 198//89 199//90
f 198//89 197//88 200//90
f 201//91 202//91 203//91
f 204//91 202//91 201//91
f 205//92 206//92 207//92
f 206//92 205//92 208//92
f 209//93 210//94 211//94
f 212//93 211//94 210//94
f 213//95 214//95 215//96
f 213//95 215//96 216//95
f 217//97 218//97 219//98
f 218//97 217//97 220//98
f 221//99 222//99 223//99
f 221//99 224//99 222//99
f 225//100 226//100 227//101
f 226//100 225//100 228//101
f 229//102 230//103 231//103
f 231//103 232//102 229//102
f 233//104 234//105 235//105
f 234//105 233//104 236//105
f 237//106 238//107 239//106
f 238//107 237//106 240//106
f 241//108 242//108 243//108
f 242//108 241//108 244//108
f 245//109 246//109 247//110
f 247//110 248//109 245//109
s 0
f 249//111 250//111 251//111
f 252//112 249//112 251//112
s 1
f 253//113 254//114 255//114
f 254//114 253//113 256//113
f 257//115 258//115 259//115
f 258//115 257//115 260//115
f 261//116 262//117 263//118
f 262//117 261//116 264//116
f 265//119 266//120 267//120
f 266//120 265//119 268//120
f 269//121 270//121 271//121
f 270//121 269//121 272//121
f 273//122 274//122 275//122
f 274//122 273//122 276//122
f 277//123 278//123 279//123
f 277//123 279//123 280//123
f 281//124 282//124 283//124
f 284//124 283//124 282//124
f 285//125 286//125 287//125
f 285//125 288//125 286//125
f 289//126 290//126 291//126
f 290//126 289//126 292//126
f 293//127 294//127 295//127
f 293//127 295//127 296//127
f 297//128 298//129 299//128
f 298//129 297//128 300//129
f 301//130 302//130 303//130
s 0
f 303//131 304//131 301//131
s 1
f 305//132 306//133 307//132
f 308//132 307//132 306//133
f 309//134 310//134 311//134
f 310//134 309//134 312//135
f 313//136 314//136 315//136
f 314//136 313//136 316//136
f 317//137 318//138 319//137
f 318//138 317//137 320//137
f 321//139 322//140 323//139
f 322//140 321//139 324//140
f 325//141 326//142 327//143
f 326//142 325//141 328//141
f 329//144 330//144 331//144
f 331//144 332//145 329//144
f 333//146 334//146 335//146
f 334//146 333//146 336//146
f 337//147 338//147 339//147
f 340//147 339//147 338//147
f 341//148 342//148 343//148
f 342//148 341//148 344//148
f 345//149 346//149 347//149
f 348//150 346//149 345//149
f 349//151 350//151 351//151
f 350//151 349//151 352//151
f 353//152 354//153 355//153
f 356//152 354//153 353//152
f 357//154 358//154 359//154
f 358//154 357//154 360//154
s 0
f 361//155 362//155 363//155
f 364//156 363//156 362//156
s 1
f 365//157 366//157 367//157
f 367//157 368//157 365//157
f 369//158 370//158 371//158
f 370//158 369//158 372//158
f 373//159 374//159 375//159
f 373//159 376//159 374//159
f 377//160 378//161 379//161
f 378//161 377//160 380//160
f 381//162 382//162 383//162
f 383//162 384//162 381//162
f 385//163 386//163 387//164
f 388//165 387//164 386//163
f 389//166 390//166 391//166
f 390//166 389//166 392//167
f 393//168 394//169 395//169
f 396//169 393//168 395//169
s 0
f 397//170 398//170 399//170
f 398//171 397//171 400//171
s 1
f 401//172 402//173 403//172
f 404//173 403//172 402//173
f 405//174 406//175 407//174
f 406//175 405//174 408//176
f 409//177 410//177 411//177
f 410//177 409//177 412//177
f 413//178 414//178 415//179
f 414//178 413//178 416//178
f 417//180 418//181 419//180
f 418//181 417//180 420//181
f 421//182 422//182 423//182
f 422//182 421//182 424//182
f 425//183 426//183 427//183
f 426//183 425//183 428//183
f 429//184 430//184 431//184
f 431//184 432//184 429//184
f 433//185 434//186 435//185
f 436//185 434//186 433//185
f 437//187 438//187 439//187
f 438//187 437//187 440//187
f 441//188 442//188 443//188
f 444//188 442//188 441//188
f 445//189 446//189 447//189
f 446//189 445//189 448//190
f 449//191 450//191 451//191
f 450//191 449//191 452//191
f 453//192 454//192 455//192
f 454//192 453//192 456//192
f 457//193 458//193 459//194
f 460//195 458//193 457//193
f 461//196 462//196 463//196
f 462//196 461//196 464//196
f 465//197 466//198 467//197
f 468//197 465//197 467//197
f 469//199 470//200 471//201
f 472//201 470//200 469//199
f 473//202 474//202 475//202
f 474//202 473//202 476//202
f 477//203 478//203 479//203
f 477//203 480//203 478//203
f 481//204 482//205 483//205
f 482//205 481//204 484//205
f 485//206 486//206 487//207
f 486//206 485//206 488//208
f 489//209 490//209 491//210
f 490//209 489//209 492//209
f 493//211 494//211 495//211
f 494//211 493//211 496//211
f 497//212 498//212 499//212
f 499//212 500//213 497//212
f 501//214 502//214 503//214
f 504//214 501//214 503//214
f 505//215 506//215 507//215
f 508//215 506//215 505//215
f 509//216 510//216 511//216
f 510//216 509//216 512//216
f 513//217 514//218 515//218
f 515//218 516//217 513//217
f 517//219 518//220 519//219
f 519//219 518//220 520//220
f 521//221 522//222 523//221
f 522//222 521//221 524//221
f 525//223 526//224 527//223
f 526//224 525//223 528//224
f 529//225 530//225 531//225
f 529//225 532//225 530//225
f 533//226 534//227 535//227
f 536//226 534//227 533//226
f 537//228 538//228 539//228
f 538//228 537//228 540//228
f 541//229 542//229 543//230
f 542//229 541//229 544//229
f 545//231 546//231 547//231
f 545//231 547//231 548//231
f 549//232 550//233 551//234
f 550//233 549//232 552//232
f 553//235 554//235 555//235
f 556//235 553//235 555//235
f 557//236 558//237 559//237
f 557//236 559//237 560//237
f 561//238 562//238 563//239
f 562//238 561//238 564//240
f 565//241 566//242 567//241
f 567//241 568//243 565//241
f 569//244 570//244 571//244
f 572//244 570//244 569//244
f 573//245 574//245 575//245
f 574//245 573//245 576//245
f 577//246 578//246 579//246
f 578//246 577//246 580//246
f 581//247 582//247 583//248
f 581//247 584//247 582//247
f 585//249 586//249 587//249
f 586//249 585//249 588//250
f 589//251 590//251 591//251
f 590//251 589//251 592//251
f 593//252 594//252 595//252
f 593//252 596//252 594//252
f 597//253 598//253 599//253
f 598//253 597//253 600//253
f 601//254 602//254 603//254
f 602//254 601//254 604//254
s 0
f 605//255 606//255 607//255
f 606//256 605//256 608//256
s 1
f 609//257 610//257 611//257
f 610//257 609//257 612//257
f 613//258 614//259 615//259
f 614//259 613//258 616//259
f 617//260 618//260 619//261
f 620//262 618//260 617//260
f 621//263 622//263 623//263
f 622//263 621//263 624//264
f 625//265 626//265 627//265
f 625//265 628//265 626//265
f 629//266 630//267 631//267
f 630//267 629//266 632//267
f 633//268 634//268 635//268
f 634//268 633//268 636//268
f 637//269 638//270 639//269
f 638//270 637//269 640//270
f 641//271 642//271 643//271
f 641//271 643//271 644//271
f 645//272 646//273 647//273
f 646//273 645//272 648//273
f 649//274 650//275 651//275
f 650//275 649//274 652//275
f 653//276 654//276 655//276
f 654//276 653//276 656//276
f 657//277 658//278 659//277
f 658//278 657//277 660//278
f 661//279 662//279 663//279
f 662//279 661//279 664//279
f 665//280 666//280 667//280
f 668//280 666//280 665//280
f 669//281 670//281 671//282
f 670//281 669//281 672//281
f 673//283 674//284 675//284
f 676//283 673//283 675//284
f 677//285 678//286 679//286
f 678//286 677//285 680//285
f 681//287 682//287 683//287
f 684//287 682//287 681//287
f 685//288 686//289 687//289
f 686//289 685//288 688//289
f 689//290 690//290 691//290
f 690//290 689//290 692//290
f 693//291 694//292 695//292
f 694//292 693//291 696//293
f 697//294 698//294 699//294
f 698//294 697//294 700//294
f 701//295 702//295 703//296
f 701//295 704//295 702//295
f 705//297 706//297 707//297
f 708//297 706//297 705//297
f 709//298 710//298 711//299
f 710//298 709//298 712//298
f 713//300 714//300 715//300
f 714//300 713//300 716//300
f 717//301 718//301 719//301
f 718//301 717//301 720//301
f 721//302 722//302 723//302
f 724//303 721//302 723//302
f 725//304 726//305 727//305
f 726//305 725//304 728//305
f 729//306 730//306 731//306
f 732//306 730//306 729//306
f 733//307 734//308 735//307
f 734//308 733//307 736//307
f 737//309 738//309 739//309
f 738//309 737//309 740//310
f 741//311 742//311 743//311
f 741//311 744//312 742//311
f 745//313 746//313 747//313
f 746//313 745//313 748//313
f 749//314 750//315 751//314
f 749//314 751//314 752//314
f 753//316 754//317 755//316
f 754//317 753//316 756//317
f 757//318 758//318 759//318
f 759//318 760//318 757//318
f 761//319 762//319 763//319
f 762//319 761//319 764//319
f 765//320 766//321 767//320
f 766//321 765//320 768//320
f 769//322 770//323 771//322
f 772//322 771//322 770//323
f 773//324 774//325 775//324
f 774//325 773//324 776//324
f 777//326 778//326 779//326
f 780//326 779//326 778//326
f 781//327 782//327 783//327
f 782//327 781//327 784//327
f 785//328 786//329 787//330
f 786//329 785//328 788//330
f 789//331 790//331 791//331
f 790//331 789//331 792//331
f 793//332 794//332 795//332
f 796//332 793//332 795//332
f 797//333 798//333 799//333
f 800//333 798//333 797//333
f 801//334 802//334 803//334
f 802//334 801//334 804//334
f 805//335 806//336 807//336
f 806//336 805//335 808//336
f 809//337 810//337 811//337
f 812//337 811//337 810//337
s 0
f 813//338 814//338 815//338
f 814//339 813//339 816//339
s 1
f 817//340 818//340 819//340
f 818//340 817//340 820//340
f 821//341 822//341 823//341
f 823//341 824//342 821//341
f 825//343 826//343 827//344
f 826//343 825//343 828//343
f 829//345 830//346 831//347
f 830//346 829//345 832//347
f 833//348 834//349 835//348
f 834//349 833//348 836//349
f 837//350 838//350 839//350
f 839//350 840//350 837//350
f 841//351 842//351 843//351
f 844//351 842//351 841//351
f 845//352 846//352 847//352
f 846//352 845//352 848//352
f 849//353 850//353 851//353
f 850//353 849//353 852//353
f 853//354 854//355 855//354
f 855//354 856//355 853//354
f 857//356 858//357 859//356
f 858//357 857//356 860//357
f 861//358 862//358 863//359
f 862//358 861//358 864//358
f 865//360 866//361 867//360
f 868//361 867//360 866//361
f 869//362 870//362 871//362
f 870//362 869//362 872//362
f 873//363 874//363 875//364
f 874//363 873//363 876//363
f 877//365 878//366 879//366
f 879//366 880//365 877//365
f 881//367 882//367 883//368
f 882//367 881//367 884//368
f 885//369 886//369 887//369
f 887//369 888//370 885//369
f 889//371 890//372 891//372
f 890//372 889//371 892//372
f 893//373 894//373 895//373
f 894//373 893//373 896//373
f 897//374 898//375 899//374
f 898//375 897//374 900//375
f 901//376 902//376 903//376
f 903//376 904//377 901//376
f 905//378 906//378 907//378
f 906//378 905//378 908//379
f 909//380 910//380 911//381
f 912//382 910//380 909//380
f 913//383 914//383 915//383
f 914//383 913//383 916//384
f 917//385 918//385 919//385
f 918//385 917//385 920//385
f 921//386 922//387 923//388
f 922//387 921//386 924//386
f 925//389 926//389 927//390
f 925//389 927//390 928//389
f 929//391 930//392 931//393
f 932//393 930//392 929//391
f 933//394 934//394 935//394
f 933//394 936//394 934//394
f 937//395 938//395 939//396
f 940//395 939//396 938//395
f 941//397 942//397 943//397
f 942//397 941//397 944//397
f 945//398 946//399 947//399
f 948//398 946//399 945//398
f 949//400 950//400 951//400
f 949//400 952//400 950//400
f 953//401 954//401 955//401
f 956//401 954//401 953//401
f 957//402 958//402 959//402
f 958//402 957//402 960//402
f 961//403 962//404 963//403
f 962//404 961//403 964//405
f 965//406 966//406 967//406
f 967//406 968//406 965//406
f 969//407 970//408 971//407
f 972//409 969//407 971//407
f 973//410 974//411 975//411
f 975//411 976//410 973//410
f 977//412 978//412 979//412
f 978//412 977//412 980//413
f 981//414 982//415 983//415
f 982//415 981//414 984//415
f 985//416 986//417 987//416
f 986//417 985//416 988//418
f 989//419 990//419 991//419
f 990//419 989//419 992//420
f 993//421 994//422 995//422
f 994//422 993//421 996//421
f 997//423 998//423 999//423
f 998//423 997//423 1000//423
f 1001//424 1002//424 1003//425
f 1002//424 1001//424 1004//424
f 1005//426 1006//427 1007//427
f 1007//427 1008//426 1005//426
f 1009//428 1010//428 1011//428
f 1010//428 1009//428 1012//428
f 1013//429 1014//429 1015//429
f 1014//429 1013//429 1016//429
f 1017//430 1018//431 1019//430
f 1018//431 1017//430 1020//431
f 1021//432 1022//433 1023//432
f 1021//432 1024//433 1022//433
f 1025//434 1026//434 1027//434
f 1028//434 1027//434 1026//434
f 1029//435 1030//436 1031//437
f 1030//436 1029//435 1032//438
f 1033//439 1034//439 1035//439
f 1036//439 1034//439 1033//439
f 1037//440 1038//440 1039//440
f 1038//440 1037//440 1040//440
f 1041//441 1042//441 1043//441
f 1042//441 1041//441 1044//441
f 1045//442 1046//443 1047//442
f 1045//442 1047//442 1048//443
f 1049//444 1050//444 1051//444
f 1050//444 1049//444 1052//445
f 1053//446 1054//447 1055//447
f 1055//447 1056//446 1053//446
f 1057//448 1058//449 1059//450
f 1060//449 1058//449 1057//448
f 1061//451 1062//452 1063//452
f 1063//452 1064//452 1061//451
f 1065//453 1066//453 1067//453
f 1066//453 1065//453 1068//453
f 1069//454 1070//454 1071//454
f 1069//454 1072//454 1070//454
f 1073//455 1074//455 1075//455
f 1074//455 1073//455 1076//456
f 1077//457 1078//458 1079//459
f 1077//457 1079//459 1080//457
f 1081//460 1082//461 1083//460
f 1082//461 1081//460 1084//462
f 1085//463 1086//463 1087//463
f 1088//464 1086//463 1085//463
f 1089//465 1090//465 1091//465
f 1090//465 1089//465 1092//466
f 1093//467 1094//468 1095//469
f 1093//467 1095//469 1096//467
f 1097//470 1098//470 1099//470
f 1100//470 1097//470 1099//470
f 1101//471 1102//472 1103//472
f 1104//471 1102//472 1101//471
f 1105//473 1106//474 1107//474
f 1106//474 1105//473 1108//474
f 1109//475 1110//475 1111//475
f 1110//475 1109//475 1112//476
f 1113//477 1114//477 1115//477
f 1116//477 1113//477 1115//477
f 1117//478 1118//479 1119//478
f 1118//479 1117//478 1120//479
f 1121//480 1122//480 1123//480
f 1121//480 1124//480 1122//480
f 1125//481 1126//481 1127//481
f 1126//481 1125//481 1128//482
f 1129//483 1130//483 1131//483
f 1130//483 1129//483 1132//483
f 1133//484 1134//484 1135//484
f 1134//484 1133//484 1136//484
f 1137//485 1138//485 1139//485
f 1138//485 1137//485 1140//486
f 1141//487 1142//487 1143//487
f 1143//487 1144//487 1141//487
f 1145//488 1146//489 1147//488
f 1146//489 1145//488 1148//489
f 1149//490 1150//490 1151//490
f 1152//490 1150//490 1149//490
f 1153//491 1154//492 1155//492
f 1154//492 1153//491 1156//493
f 1157//494 1158//494 1159//495
f 1158//494 1157//494 1160//494
f 1161//496 1162//496 1163//496
f 1162//496 1161//496 1164//497
f 1165//498 1166//499 1167//498
f 1166//499 1165//498 1168//499
f 1169//500 1170//500 1171//500
f 1170//500 1169//500 1172//501
f 1173//502 1174//503 1175//503
f 1174//503 1173//502 1176//503
f 1177//504 1178//505 1179//504
f 1178//505 1177//504 1180//505
f 1181//506 1182//507 1183//507
f 1182//507 1181//506 1184//507
f 1185//508 1186//508 1187//508
f 1186//508 1185//508 1188//508
f 1189//509 1190//509 1191//509
f 1190//509 1189//509 1192//509
f 1193//510 1194//511 1195//510
f 1196//510 1193//510 1195//510
f 1197//512 1198//512 1199//512
f 1197//512 1199//512 1200//512
f 1201//513 1202//513 1203//513
f 1202//513 1201//513 1204//513
f 1205//514 1206//514 1207//514
f 1207//514 1208//514 1205//514
f 1209//515 1210//515 1211//516
f 1210//515 1209//515 1212//517
f 1213//518 1214//518 1215//518
f 1214//518 1213//518 1216//518
f 1217//519 1218//519 1219//519
f 1218//519 1217//519 1220//519
f 1221//520 1222//521 1223//520
f 1223//520 1224//520 1221//520
f 1225//522 1226//522 1227//522
f 1226//522 1225//522 1228//523
f 1229//524 1230//525 1231//526
f 1230//525 1229//524 1232//525
f 1233//527 1234//527 1235//527
f 1235//527 1236//527 1233//527
f 1237//528 1238//528 1239//528
f 1238//528 1237//528 1240//528
f 1241//529 1242//530 1243//530
f 1242//530 1241//529 1244//530
f 1245//531 1246//532 1247//531
f 1245//531 1248//532 1246//532
f 1249//533 1250//534 1251//533
f 1250//534 1249//533 1252//534
f 1253//535 1254//536 1255//536
f 1256//536 1253//535 1255//536
f 1257//537 1258//537 1259//537
f 1258//537 1257//537 1260//537
f 1261//538 1262//538 1263//539
f 1261//538 1263//539 1264//538
f 1265//540 1266//541 1267//541
f 1266//541 1265//540 1268//542
f 1269//543 1270//543 1271//543
f 1270//543 1269//543 1272//544
f 1273//545 1274//545 1275//546
f 1276//545 1274//545 1273//545
f 1277//547 1278//547 1279//547
f 1278//547 1277//547 1280//547
f 1281//548 1282//548 1283//548
f 1284//548 1281//548 1283//548
f 1285//549 1286//549 1287//549
f 1286//549 1285//549 1288//549
f 1289//550 1290//550 1291//550
f 1292//550 1291//550 1290//550
f 1293//551 1294//551 1295//551
f 1294//551 1293//551 1296//551
f 1297//552 1298//552 1299//552
f 1298//552 1297//552 1300//552
f 1301//553 1302//554 1303//554
f 1302//554 1301//553 1304//553
f 1305//555 1306//555 1307//555
f 1308//555 1307//555 1306//555
f 1309//556 1310//556 1311//557
f 1310//556 1309//556 1312//556
f 1313//558 1314//559 1315//558
f 1314//559 1313//558 1316//559
f 1317//560 1318//560 1319//560
f 1317//560 1319//560 1320//560
f 1321//561 1322//562 1323//561
f 1324//562 1323//561 1322//562
f 1325//563 1326//564 1327//563
f 1326//564 1325//563 1328//564
f 1329//565 1330//565 1331//566
f 1332//565 1329//565 1331//566
f 1333//567 1334//567 1335//567
f 1333//567 1335//567 1336//567
f 1337//568 1338//568 1339//568
f 1338//568 1337//568 1340//568
f 1341//569 1342//570 1343//570
f 1342//570 1341//569 1344//571
f 1345//572 1346//572 1347//572
f 1347//572 1348//573 1345//572
f 1349//574 1350//574 1351//574
f 1350//574 1349//574 1352//574
f 1353//575 1354//576 1355//576
f 1354//576 1353//575 1356//575
f 1357//577 1358//578 1359//577
f 1358//578 1357//577 1360//578
f 1361//579 1362//579 1363//580
f 1362//579 1361//579 1364//579
f 1365//581 1366//581 1367//582
f 1367//582 1368//581 1365//581
f 1369//583 1370//583 1371//583
f 1370//583 1369//583 1372//583
f 1373//584 1374//585 1375//584
f 1376//584 1374//585 1373//584
f 1377//586 1378//586 1379//586
f 1377//586 1379//586 1380//586
f 1381//587 1382//588 1383//587
f 1381//587 1383//587 1384//587
f 1385//589 1386//590 1387//589
f 1386//590 1385//589 1388//591
f 1389//592 1390//592 1391//592
f 1389//592 1391//592 1392//592
f 1393//593 1394//594 1395//593
f 1393//593 1396//594 1394//594
f 1397//595 1398//595 1399//595
f 1398//595 1397//595 1400//595
f 1401//596 1402//597 1403//598
f 1404//596 1402//597 1401//596
f 1405//599 1406//599 1407//599
f 1406//599 1405//599 1408//599
f 1409//600 1410//600 1411//600
f 1412//600 1410//600 1409//600
f 1413//601 1414//602 1415//601
f 1414//602 1413//601 1416//603
f 1417//604 1418//604 1419//604
f 1420//604 1417//604 1419//604
f 1421//605 1422//605 1423//605
f 1422//605 1421//605 1424//605
f 1425//606 1426//607 1427//607
f 1427//607 1426//607 1428//607
f 1429//608 1430//608 1431//608
f 1430//608 1429//608 1432//608
f 1433//609 1434//609 1435//609
f 1436//609 1434//609 1433//609
f 1437//610 1438//610 1439//611
f 1438//610 1437//610 1440//610
f 1441//612 1442//613 1443//614
f 1442//613 1441//612 1444//612
f 1445//615 1446//615 1447//615
f 1446//615 1445//615 1448//615
f 1449//616 1450//616 1451//616
f 1452//616 1451//616 1450//616
f 1453//617 1454//617 1455//617
f 1454//617 1453//617 1456//617
f 1457//618 1458//618 1459//618
f 1458//618 1457//618 1460//618
f 1461//619 1462//619 1463//619
f 1461//619 1463//619 1464//619
f 1465//620 1466//620 1467//620
f 1466//620 1465//620 1468//620
f 1469//621 1470//621 1471//622
f 1469//621 1471//622 1472//622
f 1473//623 1474//624 1475//624
f 1474//624 1473//623 1476//625
f 1477//626 1478//626 1479//626
f 1479//626 1480//627 1477//626
f 1481//628 1482//628 1483//629
f 1484//628 1482//628 1481//628
f 1485//630 1486//630 1487//631
f 1486//630 1485//630 1488//630
f 1489//632 1490//632 1491//632
f 1490//632 1489//632 1492//632
f 1493//633 1494//633 1495//633
f 1495//633 1494//633 1496//634
f 1497//635 1498//635 1499//635
f 1499//635 1500//635 1497//635
f 1501//636 1502//636 1503//636
f 1504//636 1501//636 1503//636
f 1505//637 1506//637 1507//637
f 1508//637 1506//637 1505//637
f 1509//638 1510//638 1511//638
f 1510//638 1509//638 1512//638
f 1513//639 1514//640 1515//639
f 1515//639 1516//640 1513//639
f 1517//641 1518//642 1519//642
f 1518//642 1517//641 1520//641
f 1521//643 1522//643 1523//643
f 1524//644 1521//643 1523//643
f 1525//645 1526//645 1527//645
f 1526//645 1525//645 1528//645
f 1529//646 1530//646 1531//646
f 1530//646 1529//646 1532//646
f 1533//647 1534//648 1535//648
f 1536//647 1533//647 1535//648
f 1537//649 1538//649 1539//649
f 1540//649 1538//649 1537//649
f 1541//650 1542//651 1543//651
f 1542//651 1541//650 1544//651
f 1545//652 1546//653 1547//653
f 1546//653 1545//652 1548//654
f 1549//655 1550//655 1551//655
f 1550//655 1549//655 1552//655
f 1553//656 1554//656 1555//656
f 1554//656 1553//656 1556//656
f 1557//657 1558//658 1559//658
f 1558//658 1557//657 1560//657
f 1561//659 1562//660 1563//660
f 1562//660 1561//659 1564//660
f 1565//661 1566//661 1567//661
f 1565//661 1567//661 1568//661
f 1569//662 1570//662 1571//662
f 1572//662 1570//662 1569//662
f 1573//663 1574//663 1575//663
f 1574//663 1573//663 1576//663
f 1577//664 1578//665 1579//665
f 1578//665 1577//664 1580//665
f 1581//666 1582//666 1583//666
f 1582//666 1581//666 1584//666
f 1585//667 1586//667 1587//667
f 1586//667 1585//667 1588//668
f 1589//669 1590//669 1591//670
f 1590//669 1589//669 1592//669
f 1593//671 1594//671 1595//671
f 1594//671 1593//671 1596//671
f 1597//672 1598//673 1599//674
f 1599//674 1600//674 1597//672
f 1601//675 1602//675 1603//675
f 1602//675 1601//675 1604//675
f 1605//676 1606//676 1607//676
f 1606//676 1605//676 1608//676
f 1609//677 1610//677 1611//677
s 0
f 1610//678 1609//678 1612//678
s 1
f 1613//679 1614//679 1615//679
f 1614//679 1613//679 1616//679
f 1617//680 1618//681 1619//681
f 1618//681 1617//680 1620//681
f 1621//682 1622//683 1623//684
f 1621//682 1623//684 1624//682
f 1625//685 1626//685 1627//685
f 1628//685 1627//685 1626//685
f 1629//686 1630//686 1631//686
f 1629//686 1631//686 1632//686
f 1633//687 1634//688 1635//688
f 1635//688 1636//689 1633//687
f 1637//690 1638//690 1639//690
f 1640//690 1637//690 1639//690
f 1641//691 1642//691 1643//691
f 1641//691 1643//691 1644//692
f 1645//693 1646//693 1647//694
f 1646//693 1645//693 1648//695
f 1649//696 1650//696 1651//696
f 1649//696 1651//696 1652//697
f 1653//698 1654//698 1655//698
f 1656//698 1654//698 1653//698
f 1657//699 1658//699 1659//699
f 1658//699 1657//699 1660//699
f 1661//700 1662//700 1663//700
f 1662//700 1661//700 1664//700
f 1665//701 1666//701 1667//701
f 1665//701 1667//701 1668//702
f 1669//703 1670//703 1671//703
f 1672//703 1669//703 1671//703
f 1673//704 1674//704 1675//704
f 1675//704 1676//704 1673//704
f 1677//705 1678//705 1679//705
f 1678//705 1677//705 1680//705
f 1681//706 1682//706 1683//706
f 1682//706 1681//706 1684//706
f 1685//707 1686//708 1687//708
f 1686//708 1685//707 1688//708
f 1689//709 1690//709 1691//710
f 1690//709 1689//709 1692//710
f 1693//711 1694//711 1695//711
f 1694//711 1693//711 1696//712
f 1697//713 1698//713 1699//713
f 1698//713 1697//713 1700//713
f 1701//714 1702//714 1703//714
f 1702//714 1701//714 1704//714
f 1705//715 1706//715 1707//715
f 1707//715 1708//715 1705//715
f 1709//716 1710//716 1711//716
f 1712//716 1710//716 1709//716
f 1713//717 1714//717 1715//717
f 1713//717 1715//717 1716//717
f 1717//718 1718//718 1719//718
f 1720//718 1719//718 1718//718
f 1721//719 1722//719 1723//720
f 1722//719 1721//719 1724//719
f 1725//721 1726//722 1727//721
f 1726//722 1725//721 1728//721
f 1729//723 1730//723 1731//724
f 1730//723 1729//723 1732//723
f 1733//725 1734//725 1735//726
f 1734//725 1733//725 1736//725
f 1737//727 1738//727 1739//727
f 1738//727 1737//727 1740//727
f 1741//728 1742//729 1743//728
f 1744//729 1741//728 1743//728
f 1745//730 1746//731 1747//730
f 1746//731 1745//730 1748//731
f 1749//732 1750//732 1751//732
f 1750//732 1749//732 1752//732
f 1753//733 1754//734 1755//734
f 1754//734 1753//733 1756//734
f 1757//735 1758//735 1759//736
f 1760//735 1759//736 1758//735
f 1761//737 1762//737 1763//738
f 1762//737 1761//737 1764//737
f 1765//739 1766//739 1767//740
f 1768//739 1766//739 1765//739
f 1769//741 1770//741 1771//741
f 1770//741 1769//741 1772//741
f 1773//742 1774//742 1775//742
f 1774//742 1773//742 1776//743
f 1777//744 1778//744 1779//744
f 1778//744 1777//744 1780//744
f 1781//745 1782//746 1783//745
f 1782//746 1781//745 1784//745
f 1785//747 1786//747 1787//747
f 1786//747 1785//747 1788//748
f 1789//749 1790//750 1791//749
f 1790//750 1789//749 1792//750
f 1793//751 1794//752 1795//751
f 1796//751 1793//751 1795//751
f 1797//753 1798//753 1799//753
f 1798//753 1797//753 1800//754
f 1801//755 1802//755 1803//755
f 1803//755 1804//755 1801//755
f 1805//756 1806//756 1807//756
f 1806//756 1805//756 1808//756
f 1809//757 1810//757 1811//757
f 1811//757 1812//758 1809//757
f 1813//759 1814//759 1815//759
f 1814//759 1813//759 1816//759
f 1817//760 1818//760 1819//760
f 1818//760 1817//760 1820//761
f 1821//762 1822//762 1823//762
f 1822//762 1821//762 1824//762
f 1825//763 1826//763 1827//763
f 1826//763 1825//763 1828//764
f 1829//765 1830//765 1831//765
f 1832//765 1831//765 1830//765
f 1833//766 1834//766 1835//766
f 1833//766 1835//766 1836//766
f 1837//767 1838//767 1839//767
f 1838//767 1837//767 1840//767
f 1841//768 1842//769 1843//768
f 1842//769 1841//768 1844//768
f 1845//770 1846//770 1847//771
f 1846//770 1845//770 1848//772
f 1849//773 1850//773 1851//774
f 1850//773 1849//773 1852//775
f 1853//776 1854//776 1855//776
f 1856//777 1853//776 1855//776
s 0
f 1857//778 1858//778 1859//778
f 1858//779 1857//779 1860//779
s 1
f 1861//780 1862//781 1863//780
f 1862//781 1861//780 1864//780
f 1865//782 1866//783 1867//783
f 1866//783 1865//782 1868//783
f 1869//784 1870//784 1871//784
f 1870//784 1869//784 1872//784
f 1873//785 1874//785 1875//785
f 1874//785 1873//785 1876//785
f 1877//786 1878//787 1879//786
f 1878//787 1877//786 1880//788
f 1881//789 1882//789 1883//789
f 1883//789 1884//789 1881//789
f 1885//790 1886//790 1887//790
f 1886//790 1885//790 1888//790
f 1889//791 1890//791 1891//791
f 1889//791 1891//791 1892//792
f 1893//793 1894//794 1895//794
f 1894//794 1893//793 1896//794
f 1897//795 1898//795 1899//795
f 1897//795 1899//795 1900//795
f 1901//796 1902//797 1903//797
f 1904//797 1903//797 1902//797
f 1905//798 1906//798 1907//798
f 1906//798 1905//798 1908//798
f 1909//799 1910//799 1911//799
f 1912//799 1909//799 1911//799
f 1913//800 1914//800 1915//800
f 1914//800 1913//800 1916//800
s 0
f 1917//801 1918//801 1919//801
f 1920//802 1918//802 1917//802
s 1
f 1921//803 1922//803 1923//803
f 1923//803 1924//804 1921//803
f 1925//805 1926//806 1927//807
f 1928//805 1925//805 1927//807
f 1929//808 1930//809 1931//809
f 1929//808 1931//809 1932//808
f 1933//810 1934//810 1935//810
f 1934//810 1933//810 1936//810
f 1937//811 1938//811 1939//811
f 1938//811 1937//811 1940//811
f 1941//812 1942//813 1943//814
f 1941//812 1943//814 1944//812
f 1945//815 1946//815 1947//815
f 1946//815 1945//815 1948//815
f 1949//816 1950//817 1951//817
f 1950//817 1949//816 1952//816
f 1953//818 1954//818 1955//818
f 1953//818 1955//818 1956//818
f 1957//819 1958//819 1959//819
f 1958//819 1957//819 1960//819
f 1961//820 1962//820 1963//820
f 1963//820 1964//820 1961//820
f 1965//821 1966//821 1967//821
f 1966//821 1965//821 1968//821
s 0
f 1969//822 1970//822 1971//822
f 1970//823 1969//823 1972//823
s 1
f 1973//824 1974//824 1975//824
f 1974//824 1973//824 1976//824
f 1977//825 1978//825 1979//825
f 1979//825 1980//826 1977//825
f 1981//827 1982//827 1983//827
f 1984//828 1982//827 1981//827
f 1985//829 1986//830 1987//830
f 1986//830 1985//829 1988//829
f 1989//831 1990//831 1991//832
f 1990//831 1989//831 1992//831
f 1993//833 1994//833 1995//833
f 1994//833 1993//833 1996//833
f 1997//834 1998//834 1999//835
f 2000//834 1999//835 1998//834
f 2001//836 2002//836 2003//836
f 2002//836 2001//836 2004//836
f 2005//837 2006//838 2007//838
f 2006//838 2005//837 2008//838
f 2009//839 2010//840 2011//839
f 2011//839 2012//839 2009//839
s 0
f 2013//841 2014//841 2015//841
f 2014//842 2013//842 2016//842
s 1
f 2017//843 2018//844 2019//845
f 2018//844 2017//843 2020//843
f 2021//846 2022//846 2023//847
f 2022//846 2021//846 2024//846
f 2025//848 2026//849 2027//849
f 2025//848 2027//849 2028//848
f 2029//850 2030//850 2031//850
f 2030//850 2029//850 2032//850
f 2033//851 2034//852 2035//852
f 2034//852 2033//851 2036//852
f 2037//853 2038//853 2039//853
f 2040//853 2037//853 2039//853
f 2041//854 2042//854 2043//854
f 2042//854 2041//854 2044//854
f 2045//855 2046//856 2047//856
f 2048//856 2046//856 2045//855
f 2049//857 2050//858 2051//857
f 2049//857 2052//858 2050//858
f 2053//859 2054//859 2055//860
f 2054//859 2053//859 2056//859
f 2057//861 2058//861 2059//861
f 2059//861 2060//861 2057//861
f 2061//862 2062//863 2063//862
f 2062//863 2061//862 2064//863
f 2065//864 2066//865 2067//864
f 2066//865 2065//864 2068//864
f 2069//866 2070//866 2071//866
f 2072//866 2069//866 2071//866
f 2073//867 2074//868 2075//867
f 2074//868 2073//867 2076//867
f 2077//869 2078//869 2079//869
f 2078//869 2077//869 2080//869
f 2081//870 2082//871 2083//870
f 2082//871 2081//870 2084//871
f 2085//872 2086//873 2087//873
f 2085//872 2087//873 2088//872
f 2089//874 2090//875 2091//874
f 2090//875 2089//874 2092//874
f 2093//876 2094//877 2095//877
f 2094//877 2093//876 2096//876
f 2097//878 2098//879 2099//879
f 2098//879 2097//878 2100//878
f 2101//880 2102//880 2103//880
f 2102//880 2101//880 2104//880
f 2105//881 2106//882 2107//882
f 2106//882 2105//881 2108//882
f 2109//883 2110//883 2111//883
f 2110//883 2109//883 2112//883
f 2113//884 2114//884 2115//884
f 2116//884 2113//884 2115//884
f 2117//885 2118//886 2119//886
f 2118//886 2117//885 2120//886
f 2121//887 2122//888 2123//887
f 2122//888 2121//887 2124//887
f 2125//889 2126//889 2127//889
f 2126//889 2125//889 2128//889
f 2129//890 2130//890 2131//890
f 2132//890 2130//890 2129//890
f 2133//891 2134//891 2135//891
f 2135//891 2136//891 2133//891
f 2137//892 2138//892 2139//892
f 2139//892 2138//892 2140//892
f 2141//893 2142//894 2143//894
f 2142//894 2141//893 2144//893
f 2145//895 2146//896 2147//896
f 2146//896 2145//895 2148//895
f 2149//897 2150//898 2151//898
f 2151//898 2152//898 2149//897
f 2153//899 2154//899 2155//899
f 2156//899 2155//899 2154//899
f 2157//900 2158//900 2159//901
f 2158//900 2157//900 2160//900
f 2161//902 2162//902 2163//902
f 2162//902 2161//902 2164//902
f 2165//903 2166//903 2167//904
f 2166//903 2165//903 2168//903
f 2169//905 2170//906 2171//906
f 2170//906 2169//905 2172//907
f 2173//908 2174//908 2175//908
f 2176//908 2175//908 2174//908
f 2177//909 2178//909 2179//909
f 2179//909 2180//909 2177//909
f 2181//910 2182//910 2183//910
f 2184//910 2182//910 2181//910
f 2185//911 2186//912 2187//912
f 2186//912 2185//911 2188//913
f 2189//914 2190//914 2191//915
f 2190//914 2189//914 2192//914
f 2193//916 2194//917 2195//917
f 2194//917 2193//916 2196//916
f 2197//918 2198//919 2199//919
f 2198//919 2197//918 2200//918
f 2201//920 2202//921 2203//920
f 2201//920 2203//920 2204//920
f 2205//922 2206//923 2207//923
f 2206//923 2205//922 2208//923
f 2209//924 2210//924 2211//924
f 2210//924 2209//924 2212//924
f 2213//925 2214//925 2215//926
f 2214//925 2213//925 2216//925
f 2217//927 2218//927 2219//927
f 2218//927 2217//927 2220//927
s 0
f 2221//928 2222//928 2223//928
f 2222//929 2221//929 2224//929
s 1
f 2225//930 2226//931 2227//932
f 2226//931 2225//930 2228//933
f 2229//934 2230//935 2231//936
f 2232//935 2229//934 2231//936
f 2233//937 2234//937 2235//937
f 2234//937 2233//937 2236//937
f 2237//938 2238//939 2239//940
f 2238//939 2237//938 2240//940
f 2241//941 2242//942 2243//941
f 2244//941 2241//941 2243//941
f 2245//943 2246//944 2247//944
f 2246//944 2245//943 2248//944
f 2249//945 2250//946 2251//946
f 2250//946 2249//945 2252//946
f 2253//947 2254//948 2255//947
f 2253//947 2255//947 2256//947
f 2257//949 2258//949 2259//949
f 2258//949 2257//949 2260//949
f 2261//950 2262//950 2263//950
f 2262//950 2261//950 2264//950
f 2265//951 2266//952 2267//952
f 2265//951 2268//952 2266//952
f 2269//953 2270//953 2271//954
f 2272//953 2269//953 2271//954
f 2273//955 2274//956 2275//956
f 2275//956 2276//956 2273//955
f 2277//957 2278//958 2279//958
f 2278//958 2277//957 2280//958
f 2281//959 2282//960 2283//960
f 2282//960 2281//959 2284//959
f 2285//961 2286//961 2287//961
f 2286//961 2285//961 2288//961
f 2289//962 2290//962 2291//962
f 2291//962 2292//962 2289//962
f 2293//963 2294//964 2295//963
f 2294//964 2293//963 2296//964
f 2297//965 2298//965 2299//966
f 2298//965 2297//965 2300//965
f 2301//967 2302//967 2303//967
f 2302//967 2301//967 2304//967
f 2305//968 2306//969 2307//968
f 2306//969 2305//968 2308//968
f 2309//970 2310//971 2311//972
f 2310//971 2309//970 2312//972
f 2313//973 2314//973 2315//974
f 2314//973 2313//973 2316//975
f 2317//976 2318//976 2319//976
f 2320//977 2319//976 2318//976
f 2321//978 2322//978 2323//978
f 2322//978 2321//978 2324//978
f 2325//979 2326//980 2327//980
f 2326//980 2325//979 2328//980
f 2329//981 2330//981 2331//981
f 2330//981 2329//981 2332//981
f 2333//982 2334//982 2335//982
f 2336//982 2334//982 2333//982
f 2337//983 2338//984 2339//983
f 2339//983 2340//984 2337//983
f 2341//985 2342//985 2343//986
f 2342//985 2341//985 2344//985
f 2345//987 2346//988 2347//988
f 2346//988 2345//987 2348//988
f 2349//989 2350//989 2351//989
f 2350//989 2349//989 2352//989
f 2353//990 2354//991 2355//991
f 2354//991 2353//990 2356//990
f 2357//992 2358//992 2359//992
f 2358//992 2357//992 2360//992
f 2361//993 2362//994 2363//995
f 2362//994 2361//993 2364//993
f 2365//996 2366//996 2367//996
f 2368//996 2367//996 2366//996
f 2369//997 2370//998 2371//997
f 2370//998 2369//997 2372//997
f 2373//999 2374//999 2375//999
f 2374//999 2373//999 2376//999
f 2377//1000 2378//1000 2379//1000
f 2378//1000 2377//1000 2380//1000
f 2381//1001 2382//1002 2383//1002
f 2384//1001 2382//1002 2381//1001
f 2385//1003 2386//1004 2387//1004
f 2385//1003 2387//1004 2388//1003
f 2389//1005 2390//1006 2391//1007
f 2390//1006 2389//1005 2392//1008
f 2393//1009 2394//1010 2395//1009
f 2393//1009 2395//1009 2396//1011
f 2397//1012 2398//1012 2399//1012
f 2398//1012 2397//1012 2400//1012
f 2401//1013 2402//1014 2403//1013
f 2404//1013 2402//1014 2401//1013
f 2405//1015 2406//1016 2407//1015
f 2406//1016 2405//1015 2408//1016
f 2409//1017 2410//1017 2411//1018
f 2411//1018 2412//1019 2409//1017
f 2413//1020 2414//1020 2415//1020
f 2413//1020 2415//1020 2416//1021
f 2417//1022 2418//1022 2419//1022
f 2420//1022 2417//1022 2419//1022
f 2421//1023 2422//1023 2423//1023
f 2422//1023 2421//1023 2424//1023
f 2425//1024 2426//1025 2427//1026
f 2426//1025 2425//1024 2428//1024
s 0
f 2429//1027 2430//1027 2431//1027
s 1
f 2430//1028 2429//1028 2432//1028
f 2433//1029 2434//1029 2435//1029
f 2434//1029 2433//1029 2436//1029
f 2437//1030 2438//1030 2439//1030
f 2438//1030 2437//1030 2440//1031
f 2441//1032 2442//1033 2443//1032
f 2442//1033 2441//1032 2444//1034
f 2445//1035 2446//1036 2447//1037
f 2448//1038 2445//1035 2447//1037
f 2449//1039 2450//1039 2451//1040
f 2449//1039 2451//1040 2452//1039
f 2453//1041 2454//1042 2455//1042
f 2454//1042 2453//1041 2456//1041
f 2457//1043 2458//1043 2459//1043
f 2458//1043 2457//1043 2460//1043
f 2461//1044 2462//1044 2463//1045
f 2462//1044 2461//1044 2464//1044
f 2465//1046 2466//1046 2467//1046
f 2466//1046 2465//1046 2468//1046
f 2469//1047 2470//1047 2471//1047
f 2472//1047 2470//1047 2469//1047
f 2473//1048 2474//1048 2475//1048
f 2474//1048 2473//1048 2476//1048
f 2477//1049 2478//1049 2479//1049
f 2480//1049 2477//1049 2479//1049
f 2481//1050 2482//1050 2483//1050
f 2482//1050 2481//1050 2484//1050
f 2485//1051 2486//1052 2487//1051
f 2486//1052 2485//1051 2488//1052
f 2489//1053 2490//1054 2491//1054
f 2491//1054 2492//1053 2489//1053
f 2493//1055 2494//1056 2495//1056
f 2496//1055 2494//1056 2493//1055
f 2497//1057 2498//1057 2499//1057
f 2498//1057 2497//1057 2500//1057
f 2501//1058 2502//1059 2503//1060
f 2504//1058 2502//1059 2501//1058
f 2505//1061 2506//1061 2507//1061
f 2506//1061 2505//1061 2508//1062
f 2509//1063 2510//1063 2511//1064
f 2512//1063 2509//1063 2511//1064
f 2513//1065 2514//1065 2515//1065
f 2514//1065 2513//1065 2516//1066
f 2517//1067 2518//1067 2519//1067
f 2520//1067 2518//1067 2517//1067
f 2521//1068 2522//1069 2523//1069
f 2522//1069 2521//1068 2524//1068
f 2525//1070 2526//1070 2527//1071
f 2528//1071 2525//1070 2527//1071
f 2529//1072 2530//1073 2531//1072
f 2531//1072 2532//1074 2529//1072
f 2533//1075 2534//1076 2535//1076
f 2534//1076 2533//1075 2536//1076
f 2537//1077 2538//1077 2539//1077
f 2540//1077 2537//1077 2539//1077
f 2541//1078 2542//1078 2543//1078
f 2544//1078 2543//1078 2542//1078
f 2545//1079 2546//1080 2547//1079
f 2546//1080 2545//1079 2548//1080
f 2549//1081 2550//1081 2551//1081
f 2552//1081 2550//1081 2549//1081
f 2553//1082 2554//1082 2555//1082
f 2555//1082 2556//1082 2553//1082
f 2557//1083 2558//1083 2559//1083
f 2558//1083 2557//1083 2560//1083
f 2561//1084 2562//1084 2563//1084
f 2563//1084 2564//1084 2561//1084
f 2565//1085 2566//1086 2567//1085
f 2568//1085 2565//1085 2567//1085
f 2569//1087 2570//1088 2571//1088
f 2571//1088 2572//1087 2569//1087
f 2573//1089 2574//1089 2575//1089
f 2574//1089 2573//1089 2576//1089
f 2577//1090 2578//1091 2579//1090
f 2577//1090 2579//1090 2580//1090
f 2581//1092 2582//1092 2583//1092
f 2584//1093 2583//1092 2582//1092
f 2585//1094 2586//1095 2587//1095
f 2586//1095 2585//1094 2588//1096
f 2589//1097 2590//1097 2591//1097
f 2592//1097 2590//1097 2589//1097
f 2593//1098 2594//1098 2595//1098
f 2594//1098 2593//1098 2596//1099
f 2597//1100 2598//1101 2599//1100
f 2598//1101 2597//1100 2600//1100
f 2601//1102 2602//1103 2603//1102
f 2602//1103 2601//1102 2604//1102
f 2605//1104 2606//1105 2607//1104
f 2606//1105 2605//1104 2608//1105
f 2609//1106 2610//1106 2611//1106
f 2610//1106 2609//1106 2612//1107
f 2613//1108 2614//1108 2615//1108
f 2616//1109 2615//1108 2614//1108
f 2617//1110 2618//1110 2619//1110
f 2618//1110 2617//1110 2620//1110
f 2621//1111 2622//1111 2623//1112
f 2624//1112 2622//1111 2621//1111
f 2625//1113 2626//1114 2627//1114
f 2626//1114 2625//1113 2628//1115
f 2629//1116 2630//1117 2631//1117
f 2632//1116 2629//1116 2631//1117
f 2633//1118 2634//1118 2635//1118
f 2634//1118 2633//1118 2636//1118
f 2637//1119 2638//1120 2639//1119
f 2640//1119 2639//1119 2638//1120
f 2641//1121 2642//1121 2643//1122
f 2642//1121 2641//1121 2644//1123
f 2645//1124 2646//1124 2647//1125
f 2646//1124 2645//1124 2648//1125
f 2649//1126 2650//1126 2651//1126
f 2649//1126 2651//1126 2652//1126
f 2653//1127 2654//1127 2655//1127
f 2654//1127 2653//1127 2656//1127
f 2657//1128 2658//1129 2659//1129
f 2659//1129 2660//1130 2657//1128
f 2661//1131 2662//1131 2663//1132
f 2664//1131 2663//1132 2662//1131
f 2665//1133 2666//1133 2667//1133
f 2666//1133 2665//1133 2668//1133
f 2669//1134 2670//1134 2671//1134
f 2670//1134 2669//1134 2672//1134
f 2673//1135 2674//1135 2675//1135
f 2674//1135 2673//1135 2676//1135
f 2677//1136 2678//1136 2679//1136
f 2679//1136 2678//1136 2680//1136
f 2681//1137 2682//1138 2683//1138
f 2682//1138 2681//1137 2684//1138
f 2685//1139 2686//1140 2687//1140
f 2687//1140 2686//1140 2688//1139
f 2689//1141 2690//1141 2691//1141
f 2690//1141 2689//1141 2692//1141
f 2693//1142 2694//1142 2695//1142
f 2696//1143 2695//1142 2694//1142
f 2697//1144 2698//1144 2699//1145
f 2698//1144 2697//1144 2700//1144
f 2701//1146 2702//1146 2703//1146
f 2701//1146 2703//1146 2704//1147
f 2705//1148 2706//1148 2707//1148
f 2706//1148 2705//1148 2708//1148
f 2709//1149 2710//1149 2711//1150
f 2712//1149 2710//1149 2709//1149
f 2713//1151 2714//1151 2715//1151
f 2714//1151 2713//1151 2716//1152
f 2717//1153 2718//1153 2719//1153
f 2720//1153 2717//1153 2719//1153
f 2721//1154 2722//1154 2723//1154
f 2722//1154 2721//1154 2724//1154
f 2725//1155 2726//1155 2727//1156
f 2726//1155 2725//1155 2728//1156
f 2729//1157 2730//1157 2731//1158
f 2730//1157 2729//1157 2732//1157
f 2733//1159 2734//1159 2735//1159
f 2734//1159 2733//1159 2736//1159
f 2737//1160 2738//1160 2739//1160
f 2738//1160 2737//1160 2740//1161
f 2741//1162 2742//1162 2743//1163
f 2742//1162 2741//1162 2744//1162
f 2745//1164 2746//1164 2747//1164
f 2746//1164 2745//1164 2748//1164
f 2749//1165 2750//1165 2751//1165
f 2749//1165 2751//1165 2752//1165
f 2753//1166 2754//1167 2755//1167
f 2754//1167 2753//1166 2756//1166
f 2757//1168 2758//1169 2759//1169
f 2758//1169 2757//1168 2760//1169
f 2761//1170 2762//1170 2763//1171
f 2762//1170 2761//1170 2764//1170
f 2765//1172 2766//1172 2767//1173
f 2768//1173 2765//1172 2767//1173
f 2769//1174 2770//1175 2771//1174
f 2769//1174 2771//1174 2772//1174
f 2773//1176 2774//1177 2775//1176
f 2774//1177 2773//1176 2776//1178
f 2777//1179 2778//1179 2779//1179
f 2778//1179 2777//1179 2780//1180
f 2781//1181 2782//1181 2783//1182
f 2782//1181 2781//1181 2784//1183
f 2785//1184 2786//1184 2787//1185
f 2786//1184 2785//1184 2788//1184
f 2789//1186 2790//1187 2791//1186
f 2790//1187 2789//1186 2792//1186
f 2793//1188 2794//1189 2795//1188
f 2795//1188 2796//1188 2793//1188
f 2797//1190 2798//1190 2799//1191
f 2798//1190 2797//1190 2800//1190
f 2801//1192 2802//1193 2803//1192
f 2802//1193 2801//1192 2804//1193
f 2805//1194 2806//1194 2807//1194
f 2806//1194 2805//1194 2808//1195
f 2809//1196 2810//1196 2811//1196
f 2810//1196 2809//1196 2812//1197
f 2813//1198 2814//1198 2815//1198
f 2816//1198 2814//1198 2813//1198
f 2817//1199 2818//1199 2819//1200
f 2818//1199 2817//1199 2820//1199
f 2821//1201 2822//1202 2823//1201
f 2822//1202 2821//1201 2824//1202
f 2825//1203 2826//1203 2827//1203
f 2825//1203 2827//1203 2828//1203
f 2829//1204 2830//1204 2831//1205
f 2830//1204 2829//1204 2832//1204
f 2833//1206 2834//1206 2835//1206
f 2834//1206 2833//1206 2836//1206
f 2837//1207 2838//1207 2839//1208
f 2838//1207 2837//1207 2840//1207
f 2841//1209 2842//1209 2843//1209
f 2842//1209 2841//1209 2844//1209
f 2845//1210 2846//1210 2847//1210
f 2848//1211 2845//1210 2847//1210
f 2849//1212 2850//1213 2851//1213
f 2850//1213 2849//1212 2852//1212
f 2853//1214 2854//1215 2855//1214
f 2854//1215 2853//1214 2856//1215
f 2857//1216 2858//1216 2859//1216
f 2858//1216 2857//1216 2860//1217
f 2861//1218 2862//1218 2863//1218
f 2861//1218 2864//1219 2862//1218
f 2865//1220 2866//1220 2867//1221
f 2866//1220 2865//1220 2868//1220
f 2869//1222 2870//1222 2871//1222
f 2872//1222 2871//1222 2870//1222
f 2873//1223 2874//1223 2875//1223
f 2874//1223 2873//1223 2876//1223
f 2877//1224 2878//1224 2879//1225
f 2880//1224 2879//1225 2878//1224
f 2881//1226 2882//1227 2883//1227
f 2883//1227 2884//1226 2881//1226
f 2885//1228 2886//1228 2887//1228
f 2886//1228 2885//1228 2888//1228
f 2889//1229 2890//1230 2891//1230
f 2890//1230 2889//1229 2892//1229
f 2893//1231 2894//1231 2895//1231
f 2894//1231 2893//1231 2896//1231
f 2897//1232 2898//1232 2899//1232
f 2897//1232 2899//1232 2900//1232
f 2901//1233 2902//1234 2903//1233
f 2902//1234 2901//1233 2904//1234
f 2905//1235 2906//1235 2907//1235
f 2905//1235 2908//1235 2906//1235
f 2909//1236 2910//1236 2911//1236
f 2910//1236 2909//1236 2912//1236
f 2913//1237 2914//1237 2915//1237
f 2913//1237 2915//1237 2916//1237
f 2917//1238 2918//1239 2919//1238
f 2918//1239 2917//1238 2920//1239
f 2921//1240 2922//1241 2923//1241
f 2921//1240 2923//1241 2924//1240
f 2925//1242 2926//1242 2927//1243
f 2926//1242 2925//1242 2928//1244
f 2929//1245 2930//1246 2931//1246
f 2929//1245 2931//1246 2932//1246
f 2933//1247 2934//1247 2935//1248
f 2936//1248 2933//1247 2935//1248
f 2937//1249 2938//1250 2939//1250
f 2938//1250 2937//1249 2940//1249
f 2941//1251 2942//1251 2943//1251
f 2942//1251 2941//1251 2944//1251
f 2945//1252 2946//1252 2947//1253
f 2947//1253 2948//1252 2945//1252
f 2949//1254 2950//1254 2951//1254
f 2952//1254 2951//1254 2950//1254
f 2953//1255 2954//1256 2955//1255
f 2954//1256 2953//1255 2956//1256
f 2957//1257 2958//1257 2959//1257
f 2958//1257 2957//1257 2960//1257
f 2961//1258 2962//1258 2963//1258
f 2962//1258 2961//1258 2964//1258
f 2965//1259 2966//1259 2967//1260
f 2966//1259 2965//1259 2968//1259
f 2969//1261 2970//1261 2971//1262
f 2970//1261 2969//1261 2972//1261
f 2973//1263 2974//1264 2975//1264
f 2974//1264 2973//1263 2976//1263
f 2977//1265 2978//1265 2979//1265
f 2978//1265 2977//1265 2980//1265
f 2981//1266 2982//1266 2983//1266
f 2984//1266 2983//1266 2982//1266
f 2985//1267 2986//1267 2987//1268
f 2986//1267 2985//1267 2988//1267
f 2989//1269 2990//1269 2991//1269
f 2991//1269 2992//1269 2989//1269
f 2993//1270 2994//1270 2995//1270
f 2994//1270 2993//1270 2996//1271
f 2997//1272 2998//1272 2999//1272
f 3000//1272 2999//1272 2998//1272
f 3001//1273 3002//1273 3003//1273
f 3002//1273 3001//1273 3004//1273
f 3005//1274 3006//1274 3007//1274
f 3008//1275 3007//1274 3006//1274
f 3009//1276 3010//1276 3011//1276
f 3011//1276 3012//1276 3009//1276
f 3013//1277 3014//1277 3015//1278
f 3014//1277 3013//1277 3016//1277
f 3017//1279 3018//1279 3019//1279
f 3019//1279 3020//1279 3017//1279
f 3021//1280 3022//1281 3023//1280
f 3022//1281 3021//1280 3024//1281
f 3025//1282 3026//1282 3027//1282
f 3026//1282 3025//1282 3028//1282
f 3029//1283 3030//1283 3031//1283
f 3030//1283 3029//1283 3032//1283
f 3033//1284 3034//1284 3035//1285
f 3035//1285 3036//1284 3033//1284
f 3037//1286 3038//1286 3039//1286
f 3038//1286 3037//1286 3040//1286
f 3041//1287 3042//1287 3043//1287
f 3043//1287 3044//1287 3041//1287
f 3045//1288 3046//1288 3047//1288
f 3046//1288 3045//1288 3048//1288
f 3049//1289 3050//1289 3051//1290
f 3049//1289 3052//1289 3050//1289
f 3053//1291 3054//1292 3055//1292
f 3054//1292 3053//1291 3056//1292
f 3057//1293 3058//1293 3059//1293
f 3057//1293 3059//1293 3060//1293
f 3061//1294 3062//1294 3063//1294
f 3062//1294 3061//1294 3064//1294
f 3065//1295 3066//1296 3067//1296
f 3067//1296 3068//1295 3065//1295
f 3069//1297 3070//1297 3071//1297
f 3070//1297 3069//1297 3072//1297
f 3073//1298 3074//1298 3075//1298
f 3074//1298 3073//1298 3076//1298
f 3077//1299 3078//1299 3079//1299
f 3080//1299 3079//1299 3078//1299
f 3081//1300 3082//1301 3083//1301
f 3082//1301 3081//1300 3084//1301
f 3085//1302 3086//1302 3087//1302
f 3088//1302 3087//1302 3086//1302
f 3089//1303 3090//1304 3091//1303
f 3089//1303 3091//1303 3092//1303
f 3093//1305 3094//1305 3095//1306
f 3096//1305 3094//1305 3093//1305
f 3097//1307 3098//1308 3099//1307
f 3097//1307 3099//1307 3100//1309
f 3101//1310 3102//1310 3103//1310
f 3102//1310 3101//1310 3104//1310
f 3105//1311 3106//1311 3107//1311
f 3106//1311 3105//1311 3108//1311
f 3109//1312 3110//1312 3111//1312
f 3111//1312 3112//1313 3109//1312
f 3113//1314 3114//1315 3115//1316
f 3114//1315 3113//1314 3116//1315
f 3117//1317 3118//1318 3119//1318
f 3120//1318 3118//1318 3117//1317
f 3121//1319 3122//1320 3123//1321
f 3122//1320 3121//1319 3124//1321
f 3125//1322 3126//1322 3127//1322
f 3126//1322 3125//1322 3128//1322
f 3129//1323 3130//1323 3131//1324
f 3129//1323 3132//1325 3130//1323
f 3133//1326 3134//1326 3135//1326
f 3134//1326 3133//1326 3136//1326
f 3137//1327 3138//1327 3139//1327
f 3138//1327 3137//1327 3140//1328
f 3141//1329 3142//1330 3143//1329
f 3142//1330 3141//1329 3144//1330
f 3145//1331 3146//1331 3147//1331
f 3148//1331 3146//1331 3145//1331
f 3149//1332 3150//1332 3151//1332
f 3150//1332 3149//1332 3152//1333
f 3153//1334 3154//1335 3155//1335
f 3154//1335 3153//1334 3156//1336
f 3157//1337 3158//1338 3159//1338
f 3158//1338 3157//1337 3160//1337
f 3161//1339 3162//1339 3163//1339
f 3164//1339 3161//1339 3163//1339
f 3165//1340 3166//1341 3167//1340
f 3166//1341 3165//1340 3168//1340
f 3169//1342 3170//1343 3171//1342
f 3170//1343 3169//1342 3172//1342
f 3173//1344 3174//1344 3175//1344
f 3174//1344 3173//1344 3176//1344
f 3177//1345 3178//1345 3179//1345
f 3178//1345 3177//1345 3180//1345
f 3181//1346 3182//1346 3183//1346
f 3184//1346 3182//1346 3181//1346
f 3185//1347 3186//1348 3187//1349
f 3185//1347 3188//1349 3186//1348
f 3189//1350 3190//1350 3191//1350
f 3190//1350 3189//1350 3192//1350
f 3193//1351 3194//1351 3195//1351
f 3193//1351 3196//1351 3194//1351
f 3197//1352 3198//1352 3199//1352
f 3198//1352 3197//1352 3200//1352
f 3201//1353 3202//1353 3203//1353
f 3202//1353 3201//1353 3204//1354
f 3205//1355 3206//1356 3207//1356
f 3205//1355 3208//1355 3206//1356
f 3209//1357 3210//1357 3211//1358
f 3210//1357 3209//1357 3212//1357
f 3213//1359 3214//1360 3215//1361
f 3214//1360 3213//1359 3216//1360
s 0
f 3217//1362 3218//1362 3219//1362
s 1
f 3218//1363 3217//1363 3220//1363
f 3221//1364 3222//1365 3223//1365
f 3222//1365 3221//1364 3224//1365
f 3225//1366 3226//1366 3227//1366
f 3226//1366 3225//1366 3228//1366
f 3229//1367 3230//1367 3231//1367
f 3229//1367 3231//1367 3232//1367
o Stag
v -0.040145 3.239238 2.675415
v -0.144490 3.217850 2.768330
v -0.137949 3.248336 2.672310
v -0.045833 3.212303 2.782102
v -0.090391 3.466655 2.978591
v -0.186511 3.468035 2.951589
v -0.107881 3.448701 2.999002
v -0.191420 3.440189 2.986347
v -0.224992 3.404626 2.916927
v -0.191420 3.440189 2.986347
v -0.186511 3.468035 2.951589
v -0.329191 0.368869 -1.512119
v -0.296968 0.368709 -1.686172
v -0.309431 0.481663 -1.664326
v -0.498586 0.362321 -1.574786
v -0.470922 0.486026 -1.659894
v -0.490873 0.370290 -1.685238
v -0.311384 0.355916 1.149183
v -0.286152 0.331901 1.020223
v -0.308267 0.449698 1.046429
v -0.408283 2.935418 1.914633
v -0.305466 2.963840 2.099114
v -0.373380 3.073424 2.010818
v -0.337140 2.769968 2.026477
v -0.052482 3.173573 2.903450
v -0.108986 3.211073 2.949980
v -0.136497 3.175406 2.899407
v -0.054259 3.203901 2.954701
v -0.107881 3.448701 2.999002
v -0.049813 3.470102 2.984730
v -0.090391 3.466655 2.978591
v -0.053107 3.432585 3.036366
v -0.348072 3.795053 2.498311
v -0.353068 3.818004 2.501215
v -0.354371 3.804916 2.481271
v -0.353068 3.818004 2.501215
v -0.348072 3.795053 2.498311
v -0.352307 3.811452 2.526777
v -0.321254 3.735008 2.606084
v -0.317629 3.695536 2.594119
v -0.303094 3.725868 2.633359
v -0.331913 3.713300 2.577390
v -0.360507 3.783536 2.443483
v -0.373156 3.825553 2.433622
v -0.360363 3.791757 2.412348
v -0.370458 3.807954 2.458874
v -0.370343 3.838120 2.546390
v -0.368484 3.832024 2.497932
v -0.366854 3.818510 2.541343
v -0.371691 3.856405 2.487496
v -0.340557 3.732758 2.341610
v -0.351912 3.746903 2.430093
v -0.360363 3.791757 2.412348
v -0.351149 3.805423 2.338563
v -0.373156 3.825553 2.433622
v -0.349476 3.928522 2.434349
v -0.344173 3.874979 2.337279
v -0.371691 3.856405 2.487496
v -0.330524 3.605196 2.499826
v -0.348799 3.716584 2.466096
v -0.335894 3.666742 2.388353
v -0.345001 3.692058 2.525170
v -0.351912 3.746903 2.430093
v -0.348799 3.716584 2.466096
v -0.354811 3.750964 2.456775
v -0.352448 3.729087 2.483294
v -0.335842 3.776819 2.591146
v -0.370343 3.838120 2.546390
v -0.366854 3.818510 2.541343
v -0.326085 3.784085 2.613007
v -0.331913 3.713300 2.577390
v -0.345001 3.692058 2.525170
v -0.317629 3.695536 2.594119
v -0.349874 3.711086 2.526827
v -0.345001 3.692058 2.525170
v -0.352448 3.729087 2.483294
v -0.348799 3.716584 2.466096
v -0.349874 3.711086 2.526827
v -0.371691 3.856405 2.487496
v -0.370458 3.807954 2.458874
v -0.368484 3.832024 2.497932
v -0.373156 3.825553 2.433622
v -0.351912 3.746903 2.430093
v -0.354811 3.750964 2.456775
v -0.360507 3.783536 2.443483
v -0.360363 3.791757 2.412348
v -0.326085 3.784085 2.613007
v -0.321254 3.735008 2.606084
v -0.303094 3.725868 2.633359
v -0.335842 3.776819 2.591146
v -0.288629 3.776963 2.656404
v -0.303094 3.725868 2.633359
v -0.260186 3.716624 2.682384
v -0.326085 3.784085 2.613007
v -0.357977 3.878495 2.555690
v -0.371691 3.856405 2.487496
v -0.370343 3.838120 2.546390
v -0.349476 3.928522 2.434349
v -0.373156 3.825553 2.433622
v -0.351149 3.805423 2.338563
v -0.360363 3.791757 2.412348
v -0.344173 3.874979 2.337279
v -0.269270 3.649774 2.644967
v -0.303094 3.725868 2.633359
v -0.317629 3.695536 2.594119
v -0.260186 3.716624 2.682384
v -0.335894 3.666742 2.388353
v -0.348799 3.716584 2.466096
v -0.351912 3.746903 2.430093
v -0.340557 3.732758 2.341610
v -0.326085 3.784085 2.613007
v -0.357977 3.878495 2.555690
v -0.370343 3.838120 2.546390
v -0.288629 3.776963 2.656404
v -0.317629 3.695536 2.594119
v -0.330524 3.605196 2.499826
v -0.269270 3.649774 2.644967
v -0.345001 3.692058 2.525170
v -0.303786 3.380101 2.194351
v -0.218331 3.223835 2.320483
v -0.329487 3.370111 2.242983
v -0.362107 1.805284 -0.784179
v -0.215256 1.836430 -1.086346
v -0.191305 2.034922 -0.899769
v -0.288785 2.033728 -0.689143
v -0.183576 1.922098 -0.569699
v -0.191305 2.034922 -0.899769
v -0.044032 2.001405 -0.943325
v -0.288785 2.033728 -0.689143
v -0.000000 1.850588 0.568683
v -0.259583 1.871900 0.744253
v -0.279776 1.886386 0.570405
v -0.000000 1.875060 0.734111
v -0.000000 1.875060 0.734111
v -0.255417 1.866245 0.856264
v -0.259583 1.871900 0.744253
v -0.000000 1.887402 0.862264
v -0.401907 3.914472 2.188581
v -0.437898 3.865697 2.144532
v -0.381805 3.872403 2.183256
v -0.442793 3.931051 2.162766
v -0.499037 3.978388 2.141032
v -0.442955 3.967071 2.201583
v -0.496978 4.041457 2.191608
v -0.442793 3.931051 2.162766
v -0.442955 3.967071 2.201583
v -0.442793 3.931051 2.162766
v -0.401907 3.914472 2.188581
v -0.571932 4.102143 2.180074
v -0.643714 4.125069 2.158107
v -0.640941 4.075738 2.130157
v -0.556697 4.020631 2.132605
v -0.496978 4.041457 2.191608
v -0.571932 4.102143 2.180074
v -0.556697 4.020631 2.132605
v -0.499037 3.978388 2.141032
v -0.499037 3.978388 2.141032
v -0.556697 4.020631 2.132605
v -0.559008 3.902837 2.110547
v -0.500654 3.882869 2.110372
v -0.500654 3.882869 2.110372
v -0.559008 3.902837 2.110547
v -0.565330 3.873842 2.111146
v -0.504279 3.840986 2.106121
v -0.640941 4.075738 2.130157
v -0.703796 4.117225 2.133174
v -0.695874 4.094947 2.124255
v -0.634138 3.984767 2.130508
v -0.643714 4.125069 2.158107
v -0.696138 4.138620 2.144047
v -0.703796 4.117225 2.133174
v -0.640941 4.075738 2.130157
v -0.556697 4.020631 2.132605
v -0.640941 4.075738 2.130157
v -0.634138 3.984767 2.130508
v -0.559008 3.902837 2.110547
v -0.703796 4.117225 2.133174
v -0.721751 4.106961 2.114129
v -0.695874 4.094947 2.124255
v -0.728534 4.131019 2.125827
v -0.695874 4.094947 2.124255
v -0.648392 3.966161 2.119228
v -0.634138 3.984767 2.130508
v -0.721751 4.106961 2.114129
v -0.442793 3.931051 2.162766
v -0.500654 3.882869 2.110372
v -0.437898 3.865697 2.144532
v -0.499037 3.978388 2.141032
v -0.643714 4.125069 2.158107
v -0.593924 4.112092 2.190395
v -0.647040 4.133751 2.160236
v -0.571932 4.102143 2.180074
v -0.703796 4.117225 2.133174
v -0.711777 4.147691 2.143126
v -0.728534 4.131019 2.125827
v -0.696138 4.138620 2.144047
v -0.437898 3.865697 2.144532
v -0.504279 3.840986 2.106121
v -0.423085 3.843004 2.122656
v -0.500654 3.882869 2.110372
v -0.648392 3.966161 2.119228
v -0.559008 3.902837 2.110547
v -0.634138 3.984767 2.130508
v -0.565330 3.873842 2.111146
v -0.696138 4.138620 2.144047
v -0.643714 4.125069 2.158107
v -0.647040 4.133751 2.160236
v -0.711777 4.147691 2.143126
v -0.423085 3.843004 2.122656
v -0.335921 3.816537 2.143260
v -0.381805 3.872403 2.183256
v -0.437898 3.865697 2.144532
v -0.026137 3.178068 2.353700
v -0.218331 3.223835 2.320483
v -0.023510 3.135725 2.291882
v -0.230457 3.198238 2.253163
v -0.218331 3.223835 2.320483
v -0.303786 3.380101 2.194351
v -0.230457 3.198238 2.253163
v 0.011607 3.814112 1.857345
v -0.185296 3.869874 2.032535
v 0.006405 3.972856 2.039742
v -0.198920 3.740689 1.877138
v -0.276731 3.642637 1.921604
v -0.332602 3.587887 2.114815
v -0.253423 3.762200 2.054150
v -0.346442 3.421752 1.998504
v -0.346442 3.421752 1.998504
v -0.303786 3.380101 2.194351
v -0.332602 3.587887 2.114815
v -0.339246 3.229072 2.096619
v -0.198920 3.740689 1.877138
v -0.253423 3.762200 2.054150
v -0.185296 3.869874 2.032535
v -0.276731 3.642637 1.921604
v -0.382313 0.300391 1.019304
v -0.391965 0.219958 1.063423
v -0.437901 0.242245 1.099868
v -0.449638 0.333752 1.023279
v -0.382313 0.300391 1.019304
v -0.332986 0.233984 1.073153
v -0.391965 0.219958 1.063423
v -0.340912 0.297682 1.016990
v -0.446256 0.109275 1.127566
v -0.390137 0.089499 1.116174
v -0.432511 0.094135 1.146993
v -0.394768 0.103377 1.090160
v -0.320086 0.093068 1.119667
v -0.394768 0.103377 1.090160
v -0.309651 0.107584 1.090428
v -0.390137 0.089499 1.116174
v -0.357829 0.224648 1.265741
v -0.429005 0.174302 1.234429
v -0.359879 0.186032 1.255094
v -0.418334 0.144832 1.229040
v -0.461031 0.132037 1.200094
v -0.418334 0.144832 1.229040
v -0.429005 0.174302 1.234429
v -0.444671 0.112443 1.206813
v -0.301636 0.139584 1.230178
v -0.276179 0.129190 1.204722
v -0.287217 0.167932 1.235840
v -0.292539 0.110074 1.210605
v -0.437901 0.242245 1.099868
v -0.461031 0.132037 1.200094
v -0.450973 0.266805 1.150752
v -0.446256 0.109275 1.127566
v -0.286034 0.236279 1.098010
v -0.276179 0.129190 1.204722
v -0.309651 0.107584 1.090428
v -0.332986 0.233984 1.073153
v -0.309651 0.107584 1.090428
v -0.391965 0.219958 1.063423
v -0.332986 0.233984 1.073153
v -0.394768 0.103377 1.090160
v -0.422222 0.280959 1.201164
v -0.429005 0.174302 1.234429
v -0.357829 0.224648 1.265741
v -0.358734 0.285822 1.217016
v -0.391965 0.219958 1.063423
v -0.394768 0.103377 1.090160
v -0.446256 0.109275 1.127566
v -0.437901 0.242245 1.099868
v -0.359879 0.186032 1.255094
v -0.287217 0.167932 1.235840
v -0.357829 0.224648 1.265741
v -0.301636 0.139584 1.230178
v -0.461031 0.132037 1.200094
v -0.432511 0.094135 1.146993
v -0.444671 0.112443 1.206813
v -0.446256 0.109275 1.127566
v -0.309651 0.107584 1.090428
v -0.276179 0.129190 1.204722
v -0.320086 0.093068 1.119667
v -0.292539 0.110074 1.210605
v -0.286034 0.236279 1.098010
v -0.340912 0.297682 1.016990
v -0.286152 0.331901 1.020223
v -0.332986 0.233984 1.073153
v -0.454554 0.361006 1.124614
v -0.437901 0.242245 1.099868
v -0.450973 0.266805 1.150752
v -0.449638 0.333752 1.023279
v -0.357401 0.355535 1.198895
v -0.358734 0.285822 1.217016
v -0.315805 0.272187 1.173318
v -0.311384 0.355916 1.149183
v -0.286034 0.236279 1.098010
v -0.286152 0.331901 1.020223
v -0.311384 0.355916 1.149183
v -0.315805 0.272187 1.173318
v -0.420965 0.355781 1.182831
v -0.450973 0.266805 1.150752
v -0.422222 0.280959 1.201164
v -0.454554 0.361006 1.124614
v -0.450973 0.266805 1.150752
v -0.429005 0.174302 1.234429
v -0.422222 0.280959 1.201164
v -0.461031 0.132037 1.200094
v -0.287217 0.167932 1.235840
v -0.286034 0.236279 1.098010
v -0.315805 0.272187 1.173318
v -0.276179 0.129190 1.204722
v -0.357829 0.224648 1.265741
v -0.315805 0.272187 1.173318
v -0.358734 0.285822 1.217016
v -0.287217 0.167932 1.235840
v -0.341491 0.382505 0.979615
v -0.385946 0.445180 1.000402
v -0.321736 0.451794 1.001328
v -0.382813 0.382571 0.989170
v -0.308267 0.449698 1.046429
v -0.341491 0.382505 0.979615
v -0.321736 0.451794 1.001328
v -0.286152 0.331901 1.020223
v -0.432814 0.451299 1.038826
v -0.449638 0.333752 1.023279
v -0.454554 0.361006 1.124614
v -0.420965 0.355781 1.182831
v -0.422222 0.280959 1.201164
v -0.358734 0.285822 1.217016
v -0.357401 0.355535 1.198895
v -0.382813 0.382571 0.989170
v -0.432814 0.451299 1.038826
v -0.385946 0.445180 1.000402
v -0.449638 0.333752 1.023279
v -0.411321 0.337408 -1.690974
v -0.425564 0.234715 -1.627435
v -0.479985 0.256959 -1.590776
v -0.490873 0.370290 -1.685238
v -0.362224 0.334941 -1.693122
v -0.355583 0.233840 -1.636150
v -0.425564 0.234715 -1.627435
v -0.411321 0.337408 -1.690974
v -0.000000 2.577614 -1.705103
v -0.000000 2.566449 -1.739095
v -0.000000 2.548382 -1.737410
v -0.026571 2.594359 -1.705325
v -0.046216 2.599258 -1.729545
v -0.000000 2.566449 -1.739095
v -0.026571 2.594359 -1.705325
v -0.026571 2.594359 -1.705325
v -0.000000 2.716627 -1.673496
v -0.040972 2.723845 -1.678569
v -0.000000 2.577614 -1.705103
v -0.040972 2.723845 -1.678569
v -0.046216 2.599258 -1.729545
v -0.026571 2.594359 -1.705325
v -0.062070 2.759727 -1.718275
v -0.040972 2.723845 -1.678569
v -0.000000 2.782164 -1.635214
v -0.078523 2.814249 -1.642069
v -0.000000 2.716627 -1.673496
v -0.062070 2.759727 -1.718275
v -0.078523 2.814249 -1.642069
v -0.111794 2.878041 -1.670562
v -0.040972 2.723845 -1.678569
v -0.204867 3.463109 1.605955
v -0.301888 3.494799 1.800462
v -0.200949 3.578503 1.717921
v -0.317242 3.378170 1.698759
v -0.020776 2.877054 2.194318
v -0.337140 2.769968 2.026477
v -0.010829 2.641171 2.130616
v -0.305466 2.963840 2.099114
v -0.317242 3.378170 1.698759
v -0.391808 3.284150 1.901847
v -0.301888 3.494799 1.800462
v -0.406854 3.153989 1.801657
v -0.406854 3.153989 1.801657
v -0.373380 3.073424 2.010818
v -0.391808 3.284150 1.901847
v -0.408283 2.935418 1.914633
v -0.198920 3.740689 1.877138
v 0.015867 3.627283 1.661954
v -0.200949 3.578503 1.717921
v 0.011607 3.814112 1.857345
v -0.148829 3.231175 2.975060
v -0.209361 3.345175 3.018773
v -0.199520 3.259974 2.938046
v -0.230832 3.324078 2.835097
v -0.224169 3.294957 2.812384
v -0.180804 3.236814 2.924420
v -0.199520 3.259974 2.938046
v -0.148829 3.231175 2.975060
v -0.180804 3.236814 2.924420
v -0.139510 3.215288 2.947271
v -0.199520 3.259974 2.938046
v -0.196798 3.274670 2.675074
v -0.144490 3.217850 2.768330
v -0.197075 3.245228 2.774238
v -0.137949 3.248336 2.672310
v -0.228865 1.711600 1.107278
v -0.239171 1.561146 1.097189
v -0.277606 1.573264 0.917351
v -0.276187 1.702729 0.886965
v -0.340575 1.618768 1.345366
v -0.234226 1.768064 1.377035
v -0.337028 1.796159 1.433721
v -0.249349 1.589080 1.311211
v -0.249349 1.589080 1.311211
v -0.228865 1.711600 1.107278
v -0.234226 1.768064 1.377035
v -0.239171 1.561146 1.097189
v -0.000000 2.831312 -1.619298
v -0.078164 2.813876 -1.617756
v -0.000000 2.782164 -1.635214
v -0.000000 2.689966 -1.632107
v -0.078164 2.813876 -1.617756
v -0.000000 2.831312 -1.619298
v -0.069600 2.693465 -1.637629
v -0.078164 2.813876 -1.617756
v -0.111794 2.878041 -1.670562
v -0.078523 2.814249 -1.642069
v -0.126629 2.913573 -1.599242
v -0.490220 0.109275 -1.581648
v -0.423648 0.089499 -1.593114
v -0.473915 0.094134 -1.562094
v -0.429141 0.103376 -1.619299
v -0.340549 0.093068 -1.589599
v -0.429141 0.103376 -1.619299
v -0.328170 0.107584 -1.619030
v -0.423648 0.089499 -1.593114
v -0.385377 0.235781 -1.406465
v -0.469730 0.185461 -1.438074
v -0.387755 0.197194 -1.417315
v -0.457097 0.155994 -1.443540
v -0.507748 0.132037 -1.508644
v -0.457097 0.155994 -1.443540
v -0.469730 0.185461 -1.438074
v -0.488340 0.112443 -1.501881
v -0.318661 0.150746 -1.442394
v -0.288462 0.129190 -1.503986
v -0.301575 0.179088 -1.436693
v -0.307869 0.110074 -1.498064
v -0.479985 0.256959 -1.590776
v -0.507748 0.132037 -1.508644
v -0.495586 0.266606 -1.558227
v -0.490220 0.109275 -1.581648
v -0.299916 0.251038 -1.592490
v -0.288462 0.129190 -1.503986
v -0.328170 0.107584 -1.619030
v -0.355583 0.233840 -1.636150
v -0.355583 0.233840 -1.636150
v -0.328170 0.107584 -1.619030
v -0.429141 0.103376 -1.619299
v -0.425564 0.234715 -1.627435
v -0.461609 0.291977 -1.471437
v -0.469730 0.185461 -1.438074
v -0.385377 0.235781 -1.406465
v -0.386396 0.296852 -1.455295
v -0.425564 0.234715 -1.627435
v -0.429141 0.103376 -1.619299
v -0.490220 0.109275 -1.581648
v -0.479985 0.256959 -1.590776
v -0.387755 0.197194 -1.417315
v -0.301575 0.179088 -1.436693
v -0.385377 0.235781 -1.406465
v -0.318661 0.150746 -1.442394
v -0.507748 0.132037 -1.508644
v -0.473915 0.094134 -1.562094
v -0.488340 0.112443 -1.501881
v -0.490220 0.109275 -1.581648
v -0.328170 0.107584 -1.619030
v -0.288462 0.129190 -1.503986
v -0.340549 0.093068 -1.589599
v -0.307869 0.110074 -1.498064
v -0.236902 1.165018 -1.619507
v -0.305044 0.797976 -1.574021
v -0.280315 0.876456 -1.662529
v -0.217752 1.177500 -1.704053
v -0.344188 0.836355 -1.507543
v -0.236902 1.165018 -1.619507
v -0.358309 1.149037 -1.466160
v -0.305044 0.797976 -1.574021
v -0.299916 0.251038 -1.592490
v -0.362224 0.334941 -1.693122
v -0.296968 0.368709 -1.686172
v -0.355583 0.233840 -1.636150
v -0.498586 0.362321 -1.574786
v -0.479985 0.256959 -1.590776
v -0.495586 0.266606 -1.558227
v -0.490873 0.370290 -1.685238
v -0.386396 0.296852 -1.455295
v -0.329191 0.368869 -1.512119
v -0.384566 0.368682 -1.462827
v -0.335392 0.283226 -1.499273
v -0.329191 0.368869 -1.512119
v -0.335392 0.283226 -1.499273
v -0.299916 0.251038 -1.592490
v -0.296968 0.368709 -1.686172
v -0.498586 0.362321 -1.574786
v -0.495586 0.266606 -1.558227
v -0.461609 0.291977 -1.471437
v -0.459757 0.368824 -1.479825
v -0.495586 0.266606 -1.558227
v -0.469730 0.185461 -1.438074
v -0.461609 0.291977 -1.471437
v -0.507748 0.132037 -1.508644
v -0.288462 0.129190 -1.503986
v -0.335392 0.283226 -1.499273
v -0.301575 0.179088 -1.436693
v -0.299916 0.251038 -1.592490
v -0.385377 0.235781 -1.406465
v -0.335392 0.283226 -1.499273
v -0.386396 0.296852 -1.455295
v -0.301575 0.179088 -1.436693
v -0.361674 0.440860 -1.735514
v -0.413894 0.485844 -1.702918
v -0.338430 0.490877 -1.712940
v -0.410838 0.440148 -1.726547
v -0.309431 0.481663 -1.664326
v -0.361674 0.440860 -1.735514
v -0.338430 0.490877 -1.712940
v -0.296968 0.368709 -1.686172
v -0.361674 0.440860 -1.735514
v -0.362224 0.334941 -1.693122
v -0.411321 0.337408 -1.690974
v -0.410838 0.440148 -1.726547
v -0.459757 0.368824 -1.479825
v -0.461609 0.291977 -1.471437
v -0.386396 0.296852 -1.455295
v -0.384566 0.368682 -1.462827
v -0.470922 0.486026 -1.659894
v -0.410838 0.440148 -1.726547
v -0.490873 0.370290 -1.685238
v -0.413894 0.485844 -1.702918
v -0.231891 1.344161 -1.581886
v -0.358309 1.149037 -1.466160
v -0.236902 1.165018 -1.619507
v -0.353451 1.308998 -1.388103
v -0.231891 1.344161 -1.581886
v -0.236902 1.165018 -1.619507
v -0.217752 1.177500 -1.704053
v -0.181986 1.383363 -1.683004
v -0.224327 1.459851 -1.522008
v -0.353451 1.308998 -1.388103
v -0.231891 1.344161 -1.581886
v -0.350337 1.409471 -1.326626
v -0.216031 1.487372 -1.635090
v -0.231891 1.344161 -1.581886
v -0.181986 1.383363 -1.683004
v -0.224327 1.459851 -1.522008
v -0.185310 1.682398 -1.472848
v -0.216031 1.487372 -1.635090
v -0.212190 1.726218 -1.551226
v -0.202264 1.633853 -1.334085
v -0.350337 1.409471 -1.326626
v -0.224327 1.459851 -1.522008
v -0.355671 1.579800 -1.169888
v -0.123414 1.907779 -1.387315
v -0.212190 1.726218 -1.551226
v -0.169914 1.952353 -1.471018
v -0.185310 1.682398 -1.472848
v -0.215256 1.836430 -1.086346
v -0.355671 1.579800 -1.169888
v -0.202264 1.633853 -1.334085
v -0.362107 1.805284 -0.784179
v -0.185310 1.682398 -1.472848
v -0.224327 1.459851 -1.522008
v -0.216031 1.487372 -1.635090
v -0.202264 1.633853 -1.334085
v -0.052546 2.231236 -1.360629
v -0.215256 1.836430 -1.086346
v -0.123414 1.907779 -1.387315
v -0.191305 2.034922 -0.899769
v -0.061132 2.400770 -1.546823
v -0.169914 1.952353 -1.471018
v -0.366378 2.035976 -1.449149
v -0.428925 2.459161 -1.474525
v -0.123414 1.907779 -1.387315
v -0.202264 1.633853 -1.334085
v -0.185310 1.682398 -1.472848
v -0.215256 1.836430 -1.086346
v -0.218750 1.902071 1.456589
v -0.208433 1.897990 1.227603
v 0.000000 1.926046 1.245654
v 0.000000 1.973469 1.564872
v -0.255417 1.866245 0.856264
v -0.228865 1.711600 1.107278
v -0.276187 1.702729 0.886965
v -0.208433 1.897990 1.227603
v -0.296299 1.253520 1.195907
v -0.239171 1.561146 1.097189
v -0.249349 1.589080 1.311211
v -0.261683 1.232879 1.098810
v -0.340575 1.618768 1.345366
v -0.296299 1.253520 1.195907
v -0.249349 1.589080 1.311211
v -0.239171 1.561146 1.097189
v -0.261683 1.232879 1.098810
v -0.273218 1.323188 0.958735
v -0.277606 1.573264 0.917351
v -0.337028 1.796159 1.433721
v -0.218750 1.902071 1.456589
v -0.347516 1.982062 1.536615
v -0.234226 1.768064 1.377035
v -0.208433 1.897990 1.227603
v -0.234226 1.768064 1.377035
v -0.228865 1.711600 1.107278
v -0.218750 1.902071 1.456589
v -0.208433 1.897990 1.227603
v -0.255417 1.866245 0.856264
v -0.000000 1.887402 0.862264
v 0.000000 1.926046 1.245654
v 0.000000 2.016630 1.650111
v -0.218750 1.902071 1.456589
v 0.000000 1.973469 1.564872
v -0.347516 1.982062 1.536615
v -0.224169 3.294957 2.812384
v -0.197075 3.245228 2.774238
v -0.158061 3.198536 2.894625
v -0.180804 3.236814 2.924420
v -0.045833 3.212303 2.782102
v -0.136497 3.175406 2.899407
v -0.144490 3.217850 2.768330
v -0.052482 3.173573 2.903450
v -0.144490 3.217850 2.768330
v -0.158061 3.198536 2.894625
v -0.197075 3.245228 2.774238
v -0.136497 3.175406 2.899407
v -0.139510 3.215288 2.947271
v -0.180804 3.236814 2.924420
v -0.158061 3.198536 2.894625
v -0.136497 3.175406 2.899407
v -0.139510 3.215288 2.947271
v -0.136497 3.175406 2.899407
v -0.108986 3.211073 2.949980
v -0.224992 3.404626 2.916927
v -0.199520 3.259974 2.938046
v -0.209361 3.345175 3.018773
v -0.230832 3.324078 2.835097
v -0.191420 3.440189 2.986347
v -0.224992 3.404626 2.916927
v -0.209361 3.345175 3.018773
v -0.032681 3.224151 2.512079
v -0.136670 3.260209 2.581582
v -0.168679 3.249035 2.497043
v -0.035947 3.247050 2.591103
v -0.168679 3.249035 2.497043
v -0.215142 3.300436 2.587973
v -0.297321 3.320466 2.472961
v -0.136670 3.260209 2.581582
v -0.200758 3.228522 2.431610
v -0.297321 3.320466 2.472961
v -0.342890 3.313318 2.378184
v -0.168679 3.249035 2.497043
v -0.032681 3.224151 2.512079
v -0.168679 3.249035 2.497043
v -0.029979 3.205163 2.446710
v -0.200758 3.228522 2.431610
v -0.136670 3.260209 2.581582
v -0.196798 3.274670 2.675074
v -0.215142 3.300436 2.587973
v -0.137949 3.248336 2.672310
v -0.137949 3.248336 2.672310
v -0.136670 3.260209 2.581582
v -0.035947 3.247050 2.591103
v -0.040145 3.239238 2.675415
v -0.026137 3.178068 2.353700
v -0.200758 3.228522 2.431610
v -0.218331 3.223835 2.320483
v -0.029979 3.205163 2.446710
v -0.342890 3.313318 2.378184
v -0.329487 3.370111 2.242983
v -0.218331 3.223835 2.320483
v -0.200758 3.228522 2.431610
v -0.230457 3.198238 2.253163
v -0.303786 3.380101 2.194351
v -0.339246 3.229072 2.096619
v -0.276129 3.100048 2.166911
v -0.276129 3.100048 2.166911
v -0.023510 3.135725 2.291882
v -0.230457 3.198238 2.253163
v -0.022462 2.999602 2.236935
v -0.200949 3.578503 1.717921
v 0.016576 3.512628 1.548331
v -0.204867 3.463109 1.605955
v 0.015867 3.627283 1.661954
v -0.391808 3.284150 1.901847
v -0.339246 3.229072 2.096619
v -0.346442 3.421752 1.998504
v -0.373380 3.073424 2.010818
v -0.301888 3.494799 1.800462
v -0.346442 3.421752 1.998504
v -0.276731 3.642637 1.921604
v -0.391808 3.284150 1.901847
v -0.406854 3.153989 1.801657
v -0.317242 3.378170 1.698759
v -0.342512 3.283466 1.576735
v -0.433435 3.003316 1.663065
v -0.433435 3.003316 1.663065
v -0.408283 2.935418 1.914633
v -0.406854 3.153989 1.801657
v -0.438161 2.731945 1.772556
v -0.022462 2.999602 2.236935
v -0.305466 2.963840 2.099114
v -0.020776 2.877054 2.194318
v -0.276129 3.100048 2.166911
v -0.373380 3.073424 2.010818
v -0.276129 3.100048 2.166911
v -0.339246 3.229072 2.096619
v -0.305466 2.963840 2.099114
v -0.337140 2.769968 2.026477
v -0.408283 2.935418 1.914633
v -0.438161 2.731945 1.772556
v -0.352190 2.533390 1.936990
v -0.352190 2.533390 1.936990
v -0.010829 2.641171 2.130616
v -0.337140 2.769968 2.026477
v -0.004066 2.409545 2.030649
v -0.532859 2.775706 1.491257
v -0.438161 2.731945 1.772556
v -0.433435 3.003316 1.663065
v -0.500901 2.500053 1.682664
v -0.433435 3.003316 1.663065
v -0.379232 3.158652 1.395010
v -0.532859 2.775706 1.491257
v -0.342512 3.283466 1.576735
v -0.532859 2.775706 1.491257
v -0.531646 2.313206 1.555639
v -0.500901 2.500053 1.682664
v -0.004066 2.409545 2.030649
v -0.352190 2.533390 1.936990
v -0.368432 2.282022 1.807515
v -0.001520 2.213934 1.868239
v -0.500901 2.500053 1.682664
v -0.352190 2.533390 1.936990
v -0.438161 2.731945 1.772556
v -0.368432 2.282022 1.807515
v -0.368432 2.282022 1.807515
v -0.500901 2.500053 1.682664
v -0.531646 2.313206 1.555639
v -0.347516 1.982062 1.536615
v -0.347516 1.982062 1.536615
v -0.001520 2.213934 1.868239
v -0.368432 2.282022 1.807515
v 0.000000 2.016630 1.650111
v -0.200949 3.578503 1.717921
v -0.276731 3.642637 1.921604
v -0.198920 3.740689 1.877138
v -0.301888 3.494799 1.800462
v 0.016310 3.426145 1.431159
v -0.228975 3.374904 1.480795
v 0.016576 3.512628 1.548331
v -0.204867 3.463109 1.605955
v -0.342512 3.283466 1.576735
v -0.204867 3.463109 1.605955
v -0.228975 3.374904 1.480795
v -0.317242 3.378170 1.698759
v -0.228975 3.374904 1.480795
v -0.379232 3.158652 1.395010
v -0.342512 3.283466 1.576735
v -0.237201 3.258868 1.335254
v 0.010962 3.304230 1.275717
v -0.237201 3.258868 1.335254
v 0.016310 3.426145 1.431159
v -0.228975 3.374904 1.480795
v -0.227760 2.689703 -1.619352
v -0.169928 2.916297 -1.599270
v -0.069600 2.693465 -1.637629
v -0.286536 2.878937 -1.586524
v -0.061132 2.400770 -1.546823
v -0.227760 2.689703 -1.619352
v -0.000000 2.472939 -1.598239
v -0.069600 2.693465 -1.637629
v -0.428925 2.459161 -1.474525
v -0.227760 2.689703 -1.619352
v -0.061132 2.400770 -1.546823
v -0.420464 2.675707 -1.522970
v -0.069600 2.693465 -1.637629
v -0.169928 2.916297 -1.599270
v -0.078164 2.813876 -1.617756
v -0.126629 2.913573 -1.599242
v -0.000000 2.472939 -1.598239
v -0.069600 2.693465 -1.637629
v -0.000000 2.482921 -1.608376
v -0.000000 2.689966 -1.632107
v -0.052546 2.231236 -1.360629
v -0.123414 1.907779 -1.387315
v -0.169914 1.952353 -1.471018
v -0.061132 2.400770 -1.546823
v -0.227760 2.689703 -1.619352
v -0.395963 2.814058 -1.526101
v -0.286536 2.878937 -1.586524
v -0.420464 2.675707 -1.522970
v -0.061132 2.400770 -1.546823
v 0.001323 2.210989 -1.364508
v -0.052546 2.231236 -1.360629
v 0.000747 2.379873 -1.549201
v 0.000747 2.379873 -1.549201
v -0.061132 2.400770 -1.546823
v -0.000000 2.472939 -1.598239
v -0.000000 2.482921 -1.608376
v 0.000747 2.379873 -1.549201
v -0.000000 2.472939 -1.598239
v 0.000800 2.373696 -1.547830
v 0.000800 2.373696 -1.547830
v 0.001323 2.210989 -1.364508
v 0.000747 2.379873 -1.549201
v 0.001332 2.194145 -1.365548
v 0.001332 2.194145 -1.365548
v 0.003892 2.015424 -0.994580
v 0.001323 2.210989 -1.364508
v -0.044032 2.001405 -0.943325
v -0.044032 2.001405 -0.943325
v -0.052546 2.231236 -1.360629
v 0.001323 2.210989 -1.364508
v -0.191305 2.034922 -0.899769
v -0.281122 1.829626 0.245485
v -0.309659 1.822067 -0.050804
v 0.000154 1.787228 -0.056657
v -0.000000 1.800909 0.241390
v -0.000000 1.850588 0.568683
v -0.281122 1.829626 0.245485
v -0.000000 1.800909 0.241390
v -0.279776 1.886386 0.570405
v -0.183576 1.922098 -0.569699
v 0.000953 1.815042 -0.389186
v -0.249165 1.860970 -0.351513
v 0.002774 1.877294 -0.654510
v 0.000154 1.787228 -0.056657
v -0.309659 1.822067 -0.050804
v -0.249165 1.860970 -0.351513
v 0.000953 1.815042 -0.389186
v 0.003892 2.015424 -0.994580
v 0.002774 1.877294 -0.654510
v -0.044032 2.001405 -0.943325
v -0.183576 1.922098 -0.569699
v -0.040145 3.239238 2.675415
v 0.053835 3.213470 2.777798
v -0.045833 3.212303 2.782102
v 0.057815 3.244013 2.681655
v 0.089195 3.461945 2.964751
v 0.005633 3.446194 3.004421
v 0.089541 3.433984 2.999760
v -0.009026 3.464858 2.982476
v 0.127971 3.396831 2.933778
v 0.089195 3.461945 2.964751
v 0.089541 3.433984 2.999760
v 0.331669 0.483872 -1.515140
v 0.312605 0.591558 -1.671804
v 0.299241 0.478468 -1.689244
v 0.500872 0.474787 -1.577862
v 0.493197 0.479090 -1.688831
v 0.474125 0.595245 -1.667902
v 0.311387 0.355915 1.149190
v 0.308269 0.449697 1.046437
v 0.286153 0.331900 1.020231
v 0.271437 2.952739 2.123113
v 0.390692 2.921928 1.943791
v 0.349700 3.058979 2.042042
v 0.309541 2.760210 2.047571
v 0.000932 3.208646 2.955228
v -0.052482 3.173573 2.903450
v 0.031535 3.171695 2.907429
v -0.054259 3.203901 2.954701
v -0.049813 3.470102 2.984730
v -0.053107 3.432585 3.036366
v 0.005633 3.446194 3.004421
v -0.009026 3.464858 2.982476
v 0.307430 3.780576 2.529604
v 0.315751 3.790116 2.513263
v 0.313132 3.803290 2.533019
v 0.313132 3.803290 2.533019
v 0.309653 3.796831 2.558379
v 0.307430 3.780576 2.529604
v 0.267853 3.721997 2.634208
v 0.263648 3.682698 2.621869
v 0.280229 3.699780 2.606613
v 0.246793 3.713724 2.659611
v 0.339878 3.809805 2.467662
v 0.324509 3.768407 2.476186
v 0.327693 3.776560 2.445195
v 0.334016 3.792396 2.492506
v 0.329394 3.816610 2.531249
v 0.326897 3.822720 2.579677
v 0.323044 3.803273 2.574280
v 0.334651 3.840804 2.521217
v 0.312133 3.718343 2.372770
v 0.327693 3.776560 2.445195
v 0.315623 3.732160 2.461962
v 0.326157 3.790463 2.370898
v 0.320796 3.913718 2.466348
v 0.339878 3.809805 2.467662
v 0.322406 3.860257 2.369102
v 0.334651 3.840804 2.521217
v 0.281471 3.591680 2.529042
v 0.300136 3.652695 2.418717
v 0.307764 3.702083 2.497441
v 0.297281 3.677872 2.555833
v 0.307764 3.702083 2.497441
v 0.315623 3.732160 2.461962
v 0.316145 3.736145 2.488806
v 0.310305 3.714450 2.514934
v 0.285624 3.763093 2.620815
v 0.326897 3.822720 2.579677
v 0.274160 3.770827 2.641663
v 0.323044 3.803273 2.574280
v 0.297281 3.677872 2.555833
v 0.280229 3.699780 2.606613
v 0.263648 3.682698 2.621869
v 0.302807 3.696670 2.557986
v 0.297281 3.677872 2.555833
v 0.307764 3.702083 2.497441
v 0.310305 3.714450 2.514934
v 0.302807 3.696670 2.557986
v 0.334651 3.840804 2.521217
v 0.334016 3.792396 2.492506
v 0.339878 3.809805 2.467662
v 0.329394 3.816610 2.531249
v 0.315623 3.732160 2.461962
v 0.324509 3.768407 2.476186
v 0.316145 3.736145 2.488806
v 0.327693 3.776560 2.445195
v 0.274160 3.770827 2.641663
v 0.246793 3.713724 2.659611
v 0.267853 3.721997 2.634208
v 0.285624 3.763093 2.620815
v 0.232464 3.765454 2.681280
v 0.199048 3.706481 2.704309
v 0.246793 3.713724 2.659611
v 0.274160 3.770827 2.641663
v 0.334651 3.840804 2.521217
v 0.315493 3.863620 2.587841
v 0.326897 3.822720 2.579677
v 0.320796 3.913718 2.466348
v 0.326157 3.790463 2.370898
v 0.339878 3.809805 2.467662
v 0.327693 3.776560 2.445195
v 0.322406 3.860257 2.369102
v 0.246793 3.713724 2.659611
v 0.208699 3.639217 2.667784
v 0.263648 3.682698 2.621869
v 0.199048 3.706481 2.704309
v 0.307764 3.702083 2.497441
v 0.300136 3.652695 2.418717
v 0.315623 3.732160 2.461962
v 0.312133 3.718343 2.372770
v 0.315493 3.863620 2.587841
v 0.232464 3.765454 2.681280
v 0.274160 3.770827 2.641663
v 0.326897 3.822720 2.579677
v 0.263648 3.682698 2.621869
v 0.281471 3.591680 2.529042
v 0.297281 3.677872 2.555833
v 0.208699 3.639217 2.667784
v 0.274051 3.367339 2.221937
v 0.294540 3.356328 2.272774
v 0.170174 3.215255 2.339031
v 0.372874 1.813112 -0.793424
v 0.199751 2.041276 -0.895663
v 0.224914 1.869275 -1.090481
v 0.296061 2.036180 -0.685171
v 0.199751 2.041276 -0.895663
v 0.188174 1.921817 -0.569109
v 0.050991 2.004878 -0.941508
v 0.296061 2.036180 -0.685171
v -0.000000 1.850588 0.568683
v 0.259583 1.871900 0.744254
v -0.000000 1.875060 0.734111
v 0.279775 1.886385 0.570406
v -0.000000 1.875060 0.734111
v 0.255417 1.866244 0.856265
v -0.000000 1.887402 0.862264
v 0.259583 1.871900 0.744254
v 0.395720 3.896855 2.226659
v 0.374382 3.855702 2.219356
v 0.433558 3.846450 2.186136
v 0.439568 3.911564 2.204891
v 0.437620 3.947622 2.243622
v 0.499656 3.956332 2.188710
v 0.495572 4.019536 2.238993
v 0.439568 3.911564 2.204891
v 0.437620 3.947622 2.243622
v 0.395720 3.896855 2.226659
v 0.439568 3.911564 2.204891
v 0.648371 4.096532 2.219791
v 0.573883 4.076836 2.234776
v 0.646101 4.047312 2.191601
v 0.559662 3.995974 2.185899
v 0.559662 3.995974 2.185899
v 0.573883 4.076836 2.234776
v 0.495572 4.019536 2.238993
v 0.499656 3.956332 2.188710
v 0.558871 3.878147 2.163914
v 0.499656 3.956332 2.188710
v 0.499977 3.860769 2.158142
v 0.559662 3.995974 2.185899
v 0.499977 3.860769 2.158142
v 0.563824 3.848903 2.165052
v 0.558871 3.878147 2.163914
v 0.502141 3.818758 2.154168
v 0.710150 4.085996 2.200677
v 0.646101 4.047312 2.191601
v 0.702139 4.064070 2.190997
v 0.635295 3.956731 2.191111
v 0.648371 4.096532 2.219791
v 0.710150 4.085996 2.200677
v 0.702441 4.107730 2.210815
v 0.646101 4.047312 2.191601
v 0.646101 4.047312 2.191601
v 0.559662 3.995974 2.185899
v 0.635295 3.956731 2.191111
v 0.558871 3.878147 2.163914
v 0.729367 4.074911 2.183406
v 0.710150 4.085996 2.200677
v 0.702139 4.064070 2.190997
v 0.736058 4.098671 2.195747
v 0.649725 3.937490 2.181201
v 0.702139 4.064070 2.190997
v 0.635295 3.956731 2.191111
v 0.729367 4.074911 2.183406
v 0.439568 3.911564 2.204891
v 0.433558 3.846450 2.186136
v 0.499977 3.860769 2.158142
v 0.499656 3.956332 2.188710
v 0.651859 4.105064 2.222246
v 0.595210 4.085828 2.247164
v 0.648371 4.096532 2.219791
v 0.573883 4.076836 2.234776
v 0.718482 4.116102 2.211407
v 0.710150 4.085996 2.200677
v 0.736058 4.098671 2.195747
v 0.702441 4.107730 2.210815
v 0.502141 3.818758 2.154168
v 0.433558 3.846450 2.186136
v 0.419910 3.824386 2.162901
v 0.499977 3.860769 2.158142
v 0.649725 3.937490 2.181201
v 0.558871 3.878147 2.163914
v 0.563824 3.848903 2.165052
v 0.635295 3.956731 2.191111
v 0.718482 4.116102 2.211407
v 0.651859 4.105064 2.222246
v 0.702441 4.107730 2.210815
v 0.648371 4.096532 2.219791
v 0.419910 3.824386 2.162901
v 0.374382 3.855702 2.219356
v 0.330099 3.801828 2.175056
v 0.433558 3.846450 2.186136
v 0.170174 3.215255 2.339031
v -0.026137 3.178068 2.353700
v -0.023510 3.135725 2.291882
v 0.187699 3.189044 2.273035
v 0.170174 3.215255 2.339031
v 0.187699 3.189044 2.273035
v 0.274051 3.367339 2.221937
v 0.011607 3.814112 1.857345
v 0.193198 3.861514 2.050604
v 0.215852 3.731529 1.896940
v 0.006405 3.972856 2.039742
v 0.319435 3.573486 2.145943
v 0.284681 3.630238 1.948406
v 0.254148 3.750990 2.078382
v 0.336955 3.406659 2.031129
v 0.274051 3.367339 2.221937
v 0.336955 3.406659 2.031129
v 0.319435 3.573486 2.145943
v 0.312112 3.214766 2.127542
v 0.254148 3.750990 2.078382
v 0.215852 3.731529 1.896940
v 0.193198 3.861514 2.050604
v 0.284681 3.630238 1.948406
v 0.391965 0.219958 1.063423
v 0.382314 0.300391 1.019309
v 0.437902 0.242245 1.099869
v 0.449639 0.333752 1.023286
v 0.332986 0.233984 1.073153
v 0.382314 0.300391 1.019309
v 0.391965 0.219958 1.063423
v 0.340913 0.297681 1.016995
v 0.446256 0.109275 1.127566
v 0.390137 0.089499 1.116174
v 0.394768 0.103377 1.090160
v 0.432511 0.094135 1.146993
v 0.394768 0.103377 1.090160
v 0.320087 0.093068 1.119667
v 0.309651 0.107584 1.090428
v 0.390137 0.089499 1.116174
v 0.429005 0.174302 1.234430
v 0.357829 0.224648 1.265741
v 0.359879 0.186032 1.255094
v 0.418334 0.144832 1.229040
v 0.461031 0.132037 1.200094
v 0.429005 0.174302 1.234430
v 0.418334 0.144832 1.229040
v 0.444671 0.112443 1.206813
v 0.276179 0.129190 1.204722
v 0.301636 0.139584 1.230178
v 0.287217 0.167932 1.235840
v 0.292539 0.110074 1.210605
v 0.437902 0.242245 1.099869
v 0.461031 0.132037 1.200094
v 0.446256 0.109275 1.127566
v 0.450974 0.266805 1.150753
v 0.286035 0.236279 1.098011
v 0.309651 0.107584 1.090428
v 0.276179 0.129190 1.204722
v 0.332986 0.233984 1.073153
v 0.309651 0.107584 1.090428
v 0.391965 0.219958 1.063423
v 0.394768 0.103377 1.090160
v 0.332986 0.233984 1.073153
v 0.429005 0.174302 1.234430
v 0.422222 0.280960 1.201165
v 0.357829 0.224648 1.265741
v 0.358734 0.285822 1.217017
v 0.391965 0.219958 1.063423
v 0.446256 0.109275 1.127566
v 0.394768 0.103377 1.090160
v 0.437902 0.242245 1.099869
v 0.287217 0.167932 1.235840
v 0.359879 0.186032 1.255094
v 0.357829 0.224648 1.265741
v 0.301636 0.139584 1.230178
v 0.461031 0.132037 1.200094
v 0.432511 0.094135 1.146993
v 0.446256 0.109275 1.127566
v 0.444671 0.112443 1.206813
v 0.276179 0.129190 1.204722
v 0.320087 0.093068 1.119667
v 0.292539 0.110074 1.210605
v 0.309651 0.107584 1.090428
v 0.286035 0.236279 1.098011
v 0.340913 0.297681 1.016995
v 0.332986 0.233984 1.073153
v 0.286153 0.331900 1.020231
v 0.454556 0.361006 1.124621
v 0.437902 0.242245 1.099869
v 0.449639 0.333752 1.023286
v 0.450974 0.266805 1.150753
v 0.357403 0.355535 1.198902
v 0.315806 0.272187 1.173319
v 0.358734 0.285822 1.217017
v 0.311387 0.355915 1.149190
v 0.311387 0.355915 1.149190
v 0.286035 0.236279 1.098011
v 0.315806 0.272187 1.173319
v 0.286153 0.331900 1.020231
v 0.450974 0.266805 1.150753
v 0.420967 0.355782 1.182838
v 0.422222 0.280960 1.201165
v 0.454556 0.361006 1.124621
v 0.461031 0.132037 1.200094
v 0.450974 0.266805 1.150753
v 0.429005 0.174302 1.234430
v 0.422222 0.280960 1.201165
v 0.287217 0.167932 1.235840
v 0.286035 0.236279 1.098011
v 0.276179 0.129190 1.204722
v 0.315806 0.272187 1.173319
v 0.357829 0.224648 1.265741
v 0.315806 0.272187 1.173319
v 0.287217 0.167932 1.235840
v 0.358734 0.285822 1.217017
v 0.341492 0.382504 0.979623
v 0.385948 0.445179 1.000410
v 0.382815 0.382570 0.989177
v 0.321738 0.451793 1.001336
v 0.286153 0.331900 1.020231
v 0.308269 0.449697 1.046437
v 0.341492 0.382504 0.979623
v 0.321738 0.451793 1.001336
v 0.432816 0.451298 1.038834
v 0.454556 0.361006 1.124621
v 0.449639 0.333752 1.023286
v 0.420967 0.355782 1.182838
v 0.358734 0.285822 1.217017
v 0.422222 0.280960 1.201165
v 0.357403 0.355535 1.198902
v 0.382815 0.382570 0.989177
v 0.432816 0.451298 1.038834
v 0.449639 0.333752 1.023286
v 0.385948 0.445179 1.000410
v 0.425730 0.348299 -1.627353
v 0.413342 0.446732 -1.693184
v 0.480265 0.370537 -1.590770
v 0.493197 0.479090 -1.688831
v 0.364193 0.444499 -1.695120
v 0.425730 0.348299 -1.627353
v 0.355762 0.347408 -1.636043
v 0.413342 0.446732 -1.693184
v -0.000000 2.577614 -1.705103
v -0.000000 2.566449 -1.739095
v 0.026570 2.594359 -1.705325
v -0.000000 2.548382 -1.737410
v 0.046216 2.599258 -1.729545
v 0.026570 2.594359 -1.705325
v -0.000000 2.566449 -1.739095
v 0.026570 2.594359 -1.705325
v -0.000000 2.716627 -1.673496
v -0.000000 2.577614 -1.705103
v 0.040972 2.723845 -1.678569
v 0.040972 2.723845 -1.678569
v 0.046216 2.599258 -1.729545
v 0.062070 2.759727 -1.718275
v 0.026570 2.594359 -1.705325
v 0.040972 2.723845 -1.678569
v -0.000000 2.782164 -1.635214
v -0.000000 2.716627 -1.673496
v 0.078523 2.814249 -1.642069
v 0.078523 2.814249 -1.642069
v 0.062070 2.759727 -1.718275
v 0.111794 2.878041 -1.670562
v 0.040972 2.723845 -1.678569
v 0.231191 3.454700 1.624131
v 0.224729 3.569490 1.737402
v 0.314211 3.481650 1.828885
v 0.332810 3.365155 1.726890
v -0.020776 2.877054 2.194318
v 0.309541 2.760210 2.047571
v 0.271437 2.952739 2.123113
v -0.010829 2.641171 2.130616
v 0.385488 3.267827 1.937133
v 0.332810 3.365155 1.726890
v 0.314211 3.481650 1.828885
v 0.404292 3.137950 1.836327
v 0.404292 3.137950 1.836327
v 0.385488 3.267827 1.937133
v 0.349700 3.058979 2.042042
v 0.390692 2.921928 1.943791
v 0.215852 3.731529 1.896940
v 0.224729 3.569490 1.737402
v 0.015867 3.627283 1.661954
v 0.011607 3.814112 1.857345
v 0.039053 3.227025 2.984029
v 0.094257 3.253485 2.952071
v 0.100110 3.338339 3.033548
v 0.138022 3.315931 2.852706
v 0.075921 3.231144 2.936676
v 0.132276 3.287085 2.829400
v 0.094257 3.253485 2.952071
v 0.039053 3.227025 2.984029
v 0.075921 3.231144 2.936676
v 0.094257 3.253485 2.952071
v 0.031731 3.211506 2.955446
v 0.117236 3.267734 2.690066
v 0.053835 3.213470 2.777798
v 0.057815 3.244013 2.681655
v 0.106773 3.238517 2.788744
v 0.228865 1.711599 1.107280
v 0.277605 1.573262 0.917353
v 0.239172 1.561144 1.097191
v 0.276187 1.702728 0.886967
v 0.340577 1.618768 1.345367
v 0.234227 1.768064 1.377037
v 0.249350 1.589079 1.311213
v 0.337030 1.796159 1.433722
v 0.249350 1.589079 1.311213
v 0.228865 1.711599 1.107280
v 0.239172 1.561144 1.097191
v 0.234227 1.768064 1.377037
v -0.000000 2.782164 -1.635214
v 0.078523 2.814249 -1.642069
v -0.000000 2.831312 -1.619298
v -0.000000 2.689966 -1.632107
v 0.078164 2.813876 -1.617755
v 0.069600 2.693465 -1.637629
v -0.000000 2.831312 -1.619298
v 0.078164 2.813876 -1.617755
v 0.111794 2.878041 -1.670562
v 0.126629 2.913573 -1.599242
v 0.078523 2.814249 -1.642069
v 0.490220 0.223105 -1.581648
v 0.423648 0.203329 -1.593115
v 0.429141 0.217207 -1.619300
v 0.473915 0.207965 -1.562094
v 0.429141 0.217207 -1.619300
v 0.340548 0.206898 -1.589600
v 0.328170 0.221415 -1.619031
v 0.423648 0.203329 -1.593115
v 0.469778 0.299367 -1.438021
v 0.385541 0.349932 -1.406412
v 0.387755 0.311025 -1.417316
v 0.457097 0.269825 -1.443540
v 0.507747 0.245867 -1.508645
v 0.469778 0.299367 -1.438021
v 0.457097 0.269825 -1.443540
v 0.488340 0.226274 -1.501881
v 0.288462 0.243021 -1.503986
v 0.318661 0.264577 -1.442395
v 0.301575 0.292919 -1.436694
v 0.307869 0.223904 -1.498064
v 0.480265 0.370537 -1.590770
v 0.507747 0.245867 -1.508645
v 0.490220 0.223105 -1.581648
v 0.495935 0.380296 -1.558280
v 0.300129 0.364761 -1.592425
v 0.328170 0.221415 -1.619031
v 0.288462 0.243021 -1.503986
v 0.355762 0.347408 -1.636043
v 0.355762 0.347408 -1.636043
v 0.429141 0.217207 -1.619300
v 0.328170 0.221415 -1.619031
v 0.425730 0.348299 -1.627353
v 0.469778 0.299367 -1.438021
v 0.462141 0.406254 -1.471686
v 0.385541 0.349932 -1.406412
v 0.386931 0.411305 -1.455541
v 0.425730 0.348299 -1.627353
v 0.490220 0.223105 -1.581648
v 0.429141 0.217207 -1.619300
v 0.480265 0.370537 -1.590770
v 0.301575 0.292919 -1.436694
v 0.387755 0.311025 -1.417316
v 0.385541 0.349932 -1.406412
v 0.318661 0.264577 -1.442395
v 0.507747 0.245867 -1.508645
v 0.473915 0.207965 -1.562094
v 0.490220 0.223105 -1.581648
v 0.488340 0.226274 -1.501881
v 0.288462 0.243021 -1.503986
v 0.328170 0.221415 -1.619031
v 0.340548 0.206898 -1.589600
v 0.307869 0.223904 -1.498064
v 0.310041 0.910876 -1.592702
v 0.243936 1.273442 -1.655138
v 0.285488 0.986313 -1.683865
v 0.224532 1.284837 -1.738660
v 0.349544 0.951374 -1.527710
v 0.243936 1.273442 -1.655138
v 0.310041 0.910876 -1.592702
v 0.365909 1.256584 -1.504820
v 0.300129 0.364761 -1.592425
v 0.364193 0.444499 -1.695120
v 0.355762 0.347408 -1.636043
v 0.299241 0.478468 -1.689244
v 0.480265 0.370537 -1.590770
v 0.500872 0.474787 -1.577862
v 0.495935 0.380296 -1.558280
v 0.493197 0.479090 -1.688831
v 0.386931 0.411305 -1.455541
v 0.331669 0.483872 -1.515140
v 0.335737 0.397317 -1.499357
v 0.386941 0.484707 -1.465728
v 0.331669 0.483872 -1.515140
v 0.300129 0.364761 -1.592425
v 0.335737 0.397317 -1.499357
v 0.299241 0.478468 -1.689244
v 0.500872 0.474787 -1.577862
v 0.462141 0.406254 -1.471686
v 0.495935 0.380296 -1.558280
v 0.462102 0.484095 -1.482857
v 0.507747 0.245867 -1.508645
v 0.495935 0.380296 -1.558280
v 0.469778 0.299367 -1.438021
v 0.462141 0.406254 -1.471686
v 0.335737 0.397317 -1.499357
v 0.288462 0.243021 -1.503986
v 0.301575 0.292919 -1.436694
v 0.300129 0.364761 -1.592425
v 0.385541 0.349932 -1.406412
v 0.335737 0.397317 -1.499357
v 0.301575 0.292919 -1.436694
v 0.386931 0.411305 -1.455541
v 0.364375 0.548213 -1.741434
v 0.416990 0.593839 -1.710761
v 0.413562 0.547550 -1.732571
v 0.341528 0.598903 -1.720780
v 0.312605 0.591558 -1.671804
v 0.341528 0.598903 -1.720780
v 0.364375 0.548213 -1.741434
v 0.299241 0.478468 -1.689244
v 0.364375 0.548213 -1.741434
v 0.413342 0.446732 -1.693184
v 0.364193 0.444499 -1.695120
v 0.413562 0.547550 -1.732571
v 0.462102 0.484095 -1.482857
v 0.386931 0.411305 -1.455541
v 0.462141 0.406254 -1.471686
v 0.386941 0.484707 -1.465728
v 0.413562 0.547550 -1.732571
v 0.474125 0.595245 -1.667902
v 0.493197 0.479090 -1.688831
v 0.416990 0.593839 -1.710761
v 0.365909 1.256584 -1.504820
v 0.240366 1.434852 -1.627451
v 0.243936 1.273442 -1.655138
v 0.362722 1.387091 -1.437238
v 0.240366 1.434852 -1.627451
v 0.224532 1.284837 -1.738660
v 0.243936 1.273442 -1.655138
v 0.190015 1.481003 -1.725378
v 0.362722 1.387091 -1.437238
v 0.232958 1.539547 -1.559976
v 0.240366 1.434852 -1.627451
v 0.359879 1.473481 -1.370099
v 0.240366 1.434852 -1.627451
v 0.224138 1.576772 -1.670369
v 0.190015 1.481003 -1.725378
v 0.232958 1.539547 -1.559976
v 0.193518 1.753951 -1.489975
v 0.219943 1.804927 -1.564063
v 0.224138 1.576772 -1.670369
v 0.359879 1.473481 -1.370099
v 0.211194 1.692825 -1.356370
v 0.232958 1.539547 -1.559976
v 0.365444 1.624301 -1.198485
v 0.193518 1.753951 -1.489975
v 0.130583 1.963662 -1.384071
v 0.219943 1.804927 -1.564063
v 0.176625 2.011854 -1.464248
v 0.365444 1.624301 -1.198485
v 0.224914 1.869275 -1.090481
v 0.211194 1.692825 -1.356370
v 0.372874 1.813112 -0.793424
v 0.232958 1.539547 -1.559976
v 0.193518 1.753951 -1.489975
v 0.224138 1.576772 -1.670369
v 0.211194 1.692825 -1.356370
v 0.224914 1.869275 -1.090481
v 0.055339 2.238821 -1.356435
v 0.130583 1.963662 -1.384071
v 0.199751 2.041276 -0.895663
v 0.176625 2.011854 -1.464248
v 0.062003 2.407540 -1.542237
v 0.373307 2.091418 -1.437034
v 0.431816 2.473550 -1.464996
v 0.211194 1.692825 -1.356370
v 0.130583 1.963662 -1.384071
v 0.193518 1.753951 -1.489975
v 0.224914 1.869275 -1.090481
v 0.218751 1.902071 1.456589
v 0.000000 1.926046 1.245654
v 0.208433 1.897989 1.227604
v 0.000000 1.973469 1.564872
v 0.255417 1.866244 0.856265
v 0.276187 1.702728 0.886967
v 0.228865 1.711599 1.107280
v 0.208433 1.897989 1.227604
v 0.296300 1.253519 1.195909
v 0.239172 1.561144 1.097191
v 0.261684 1.232879 1.098813
v 0.249350 1.589079 1.311213
v 0.340577 1.618768 1.345367
v 0.249350 1.589079 1.311213
v 0.296300 1.253519 1.195909
v 0.261684 1.232879 1.098813
v 0.239172 1.561144 1.097191
v 0.273219 1.323186 0.958738
v 0.277605 1.573262 0.917353
v 0.337030 1.796159 1.433722
v 0.218751 1.902071 1.456589
v 0.234227 1.768064 1.377037
v 0.347517 1.982062 1.536615
v 0.208433 1.897989 1.227604
v 0.228865 1.711599 1.107280
v 0.234227 1.768064 1.377037
v 0.218751 1.902071 1.456589
v 0.208433 1.897989 1.227604
v -0.000000 1.887402 0.862264
v 0.255417 1.866244 0.856265
v 0.000000 1.926046 1.245654
v 0.218751 1.902071 1.456589
v 0.000000 2.016630 1.650111
v 0.000000 1.973469 1.564872
v 0.347517 1.982062 1.536615
v 0.132276 3.287085 2.829400
v 0.054455 3.193842 2.904771
v 0.106773 3.238517 2.788744
v 0.075921 3.231144 2.936676
v -0.045833 3.212303 2.782102
v 0.031535 3.171695 2.907429
v -0.052482 3.173573 2.903450
v 0.053835 3.213470 2.777798
v 0.053835 3.213470 2.777798
v 0.106773 3.238517 2.788744
v 0.054455 3.193842 2.904771
v 0.031535 3.171695 2.907429
v 0.031731 3.211506 2.955446
v 0.054455 3.193842 2.904771
v 0.075921 3.231144 2.936676
v 0.031535 3.171695 2.907429
v 0.031731 3.211506 2.955446
v 0.000932 3.208646 2.955228
v 0.031535 3.171695 2.907429
v 0.127971 3.396831 2.933778
v 0.094257 3.253485 2.952071
v 0.138022 3.315931 2.852706
v 0.100110 3.338339 3.033548
v 0.089541 3.433984 2.999760
v 0.100110 3.338339 3.033548
v 0.127971 3.396831 2.933778
v 0.065706 3.255740 2.591243
v -0.032681 3.224151 2.512079
v 0.105095 3.242988 2.510113
v -0.035947 3.247050 2.591103
v 0.105095 3.242988 2.510113
v 0.238467 3.308631 2.498539
v 0.144908 3.292484 2.605162
v 0.065706 3.255740 2.591243
v 0.238467 3.308631 2.498539
v 0.142323 3.220944 2.447989
v 0.292493 3.299285 2.408517
v 0.105095 3.242988 2.510113
v 0.105095 3.242988 2.510113
v -0.029979 3.205163 2.446710
v 0.142323 3.220944 2.447989
v -0.032681 3.224151 2.512079
v 0.117236 3.267734 2.690066
v 0.065706 3.255740 2.591243
v 0.144908 3.292484 2.605162
v 0.057815 3.244013 2.681655
v 0.057815 3.244013 2.681655
v -0.035947 3.247050 2.591103
v 0.065706 3.255740 2.591243
v -0.040145 3.239238 2.675415
v 0.142323 3.220944 2.447989
v -0.026137 3.178068 2.353700
v 0.170174 3.215255 2.339031
v -0.029979 3.205163 2.446710
v 0.292493 3.299285 2.408517
v 0.142323 3.220944 2.447989
v 0.170174 3.215255 2.339031
v 0.294540 3.356328 2.272774
v 0.187699 3.189044 2.273035
v 0.312112 3.214766 2.127542
v 0.274051 3.367339 2.221937
v 0.239065 3.089343 2.190050
v 0.239065 3.089343 2.190050
v -0.023510 3.135725 2.291882
v -0.022462 2.999602 2.236935
v 0.187699 3.189044 2.273035
v 0.015867 3.627283 1.661954
v 0.224729 3.569490 1.737402
v 0.016576 3.512628 1.548331
v 0.231191 3.454700 1.624131
v 0.385488 3.267827 1.937133
v 0.336955 3.406659 2.031129
v 0.312112 3.214766 2.127542
v 0.349700 3.058979 2.042042
v 0.336955 3.406659 2.031129
v 0.314211 3.481650 1.828885
v 0.284681 3.630238 1.948406
v 0.385488 3.267827 1.937133
v 0.404292 3.137950 1.836327
v 0.360991 3.271693 1.602183
v 0.332810 3.365155 1.726890
v 0.436036 2.990752 1.690220
v 0.390692 2.921928 1.943791
v 0.436036 2.990752 1.690220
v 0.404292 3.137950 1.836327
v 0.433318 2.726403 1.784534
v -0.022462 2.999602 2.236935
v 0.271437 2.952739 2.123113
v 0.239065 3.089343 2.190050
v -0.020776 2.877054 2.194318
v 0.239065 3.089343 2.190050
v 0.349700 3.058979 2.042042
v 0.312112 3.214766 2.127542
v 0.271437 2.952739 2.123113
v 0.309541 2.760210 2.047571
v 0.433318 2.726403 1.784534
v 0.390692 2.921928 1.943791
v 0.342492 2.529704 1.944957
v 0.342492 2.529704 1.944957
v -0.010829 2.641171 2.130616
v -0.004066 2.409545 2.030649
v 0.309541 2.760210 2.047571
v 0.535065 2.771516 1.500312
v 0.436036 2.990752 1.690220
v 0.433318 2.726403 1.784534
v 0.498839 2.497297 1.688621
v 0.436036 2.990752 1.690220
v 0.393468 3.152022 1.409339
v 0.360991 3.271693 1.602183
v 0.535065 2.771516 1.500312
v 0.535065 2.771516 1.500312
v 0.498839 2.497297 1.688621
v 0.531647 2.313206 1.555638
v 0.368432 2.282022 1.807515
v -0.004066 2.409545 2.030649
v -0.001520 2.213934 1.868239
v 0.342492 2.529704 1.944957
v 0.342492 2.529704 1.944957
v 0.498839 2.497297 1.688621
v 0.433318 2.726403 1.784534
v 0.368432 2.282022 1.807515
v 0.368432 2.282022 1.807515
v 0.531647 2.313206 1.555638
v 0.498839 2.497297 1.688621
v 0.347517 1.982062 1.536615
v 0.347517 1.982062 1.536615
v -0.001520 2.213934 1.868239
v 0.000000 2.016630 1.650111
v 0.368432 2.282022 1.807515
v 0.224729 3.569490 1.737402
v 0.215852 3.731529 1.896940
v 0.284681 3.630238 1.948406
v 0.314211 3.481650 1.828885
v 0.256274 3.367179 1.497494
v 0.016310 3.426145 1.431159
v 0.016576 3.512628 1.548331
v 0.231191 3.454700 1.624131
v 0.231191 3.454700 1.624131
v 0.360991 3.271693 1.602183
v 0.256274 3.367179 1.497494
v 0.332810 3.365155 1.726890
v 0.256274 3.367179 1.497494
v 0.393468 3.152022 1.409339
v 0.256433 3.254383 1.344949
v 0.360991 3.271693 1.602183
v 0.256433 3.254383 1.344949
v 0.016310 3.426145 1.431159
v 0.256274 3.367179 1.497494
v 0.010962 3.304230 1.275717
v 0.227804 2.690001 -1.619253
v 0.069600 2.693465 -1.637629
v 0.169928 2.916297 -1.599270
v 0.286252 2.879367 -1.586419
v 0.227804 2.690001 -1.619253
v -0.000000 2.472939 -1.598239
v 0.069600 2.693465 -1.637629
v 0.062003 2.407540 -1.542237
v 0.227804 2.690001 -1.619253
v 0.431816 2.473550 -1.464996
v 0.062003 2.407540 -1.542237
v 0.420801 2.678660 -1.522298
v 0.169928 2.916297 -1.599270
v 0.078164 2.813876 -1.617755
v 0.126629 2.913573 -1.599242
v 0.069600 2.693465 -1.637629
v 0.069600 2.693465 -1.637629
v -0.000000 2.472939 -1.598239
v -0.000000 2.482921 -1.608376
v -0.000000 2.689966 -1.632107
v 0.130583 1.963662 -1.384071
v 0.055339 2.238821 -1.356435
v 0.176625 2.011854 -1.464248
v 0.062003 2.407540 -1.542237
v 0.395269 2.816508 -1.525493
v 0.227804 2.690001 -1.619253
v 0.286252 2.879367 -1.586419
v 0.420801 2.678660 -1.522298
v 0.062003 2.407540 -1.542237
v 0.001323 2.210989 -1.364508
v 0.000747 2.379873 -1.549201
v 0.055339 2.238821 -1.356435
v 0.000747 2.379873 -1.549201
v -0.000000 2.472939 -1.598239
v 0.062003 2.407540 -1.542237
v 0.001332 2.194145 -1.365548
v 0.050991 2.004878 -0.941508
v 0.003892 2.015424 -0.994580
v 0.055339 2.238821 -1.356435
v 0.050991 2.004878 -0.941508
v 0.001323 2.210989 -1.364508
v 0.199751 2.041276 -0.895663
v 0.281122 1.829626 0.245485
v 0.000154 1.787228 -0.056657
v 0.310260 1.822465 -0.050663
v -0.000000 1.800909 0.241390
v 0.281122 1.829626 0.245485
v -0.000000 1.850588 0.568683
v -0.000000 1.800909 0.241390
v 0.279775 1.886385 0.570406
v 0.188174 1.921817 -0.569109
v 0.000953 1.815042 -0.389186
v 0.002774 1.877294 -0.654510
v 0.251272 1.860226 -0.351446
v 0.251272 1.860226 -0.351446
v 0.000154 1.787228 -0.056657
v 0.000953 1.815042 -0.389186
v 0.310260 1.822465 -0.050663
v 0.002774 1.877294 -0.654510
v 0.003892 2.015424 -0.994580
v 0.050991 2.004878 -0.941508
v 0.188174 1.921817 -0.569109
v -0.454554 0.361006 1.124614
v -0.441461 0.472982 1.116725
v -0.432814 0.451299 1.038826
v -0.531646 2.313206 1.555639
v -0.532859 2.775706 1.491257
v -0.532894 2.677041 1.282281
v -0.328749 3.612823 2.364836
v -0.330524 3.605196 2.499826
v -0.335894 3.666742 2.388353
v -0.320946 3.535272 2.491358
v -0.235303 3.761711 2.724418
v -0.260186 3.716624 2.682384
v -0.222951 3.722507 2.738395
v -0.288629 3.776963 2.656404
v -0.349136 3.825840 2.292843
v -0.340557 3.732758 2.341610
v -0.351149 3.805423 2.338563
v -0.336114 3.696518 2.250190
v -0.336114 3.696518 2.250190
v -0.328749 3.612823 2.364836
v -0.340557 3.732758 2.341610
v -0.335894 3.666742 2.388353
v -0.216031 1.487372 -1.635090
v -0.238324 1.524678 -1.713011
v -0.212190 1.726218 -1.551226
v -0.296299 1.253520 1.195907
v -0.340575 1.618768 1.345366
v -0.362685 1.261022 1.219394
v -0.381805 3.872403 2.183256
v -0.394429 3.895860 2.219081
v -0.401907 3.914472 2.188581
v -0.351408 3.848311 2.216995
v -0.496978 4.041457 2.191608
v -0.520794 4.051939 2.217372
v -0.571932 4.102143 2.180074
v -0.558897 4.124785 2.150513
v -0.607434 4.108463 2.094851
v -0.629952 4.141334 2.131717
v -0.523111 4.082044 2.100670
v -0.571932 4.102143 2.180074
v -0.520794 4.051939 2.217372
v -0.539382 4.075871 2.222134
v -0.593924 4.112092 2.190395
v -0.558897 4.124785 2.150513
v -0.539382 4.075871 2.222134
v -0.492096 4.098473 2.173767
v -0.593924 4.112092 2.190395
v -0.527923 3.914925 2.072024
v -0.504279 3.840986 2.106121
v -0.565330 3.873842 2.111146
v -0.456914 3.901152 2.063091
v -0.527923 3.914925 2.072024
v -0.450811 4.047629 2.106914
v -0.456914 3.901152 2.063091
v -0.523111 4.082044 2.100670
v -0.492096 4.098473 2.173767
v -0.523111 4.082044 2.100670
v -0.558897 4.124785 2.150513
v -0.450811 4.047629 2.106914
v -0.335921 3.816537 2.143260
v -0.351408 3.848311 2.216995
v -0.381805 3.872403 2.183256
v -0.496978 4.041457 2.191608
v -0.462603 3.975039 2.235027
v -0.520794 4.051939 2.217372
v -0.442955 3.967071 2.201583
v -0.394429 3.895860 2.219081
v -0.410468 3.935925 2.225284
v -0.401907 3.914472 2.188581
v -0.442955 3.967071 2.201583
v -0.462603 3.975039 2.235027
v -0.410468 3.935925 2.225284
v -0.454636 4.003749 2.245463
v -0.462603 3.975039 2.235027
v -0.371795 3.931895 2.237970
v -0.371795 3.931895 2.237970
v -0.394429 3.895860 2.219081
v -0.351408 3.848311 2.216995
v -0.410468 3.935925 2.225284
v -0.647040 4.133751 2.160236
v -0.675084 4.153350 2.123406
v -0.711777 4.147691 2.143126
v -0.629952 4.141334 2.131717
v -0.648392 3.966161 2.119228
v -0.690233 4.103514 2.105555
v -0.605751 3.984905 2.091983
v -0.721751 4.106961 2.114129
v -0.685853 4.131971 2.110472
v -0.690233 4.103514 2.105555
v -0.721751 4.106961 2.114129
v -0.728534 4.131019 2.125827
v -0.685853 4.131971 2.110472
v -0.728534 4.131019 2.125827
v -0.711777 4.147691 2.143126
v -0.675084 4.153350 2.123406
v -0.454636 4.003749 2.245463
v -0.539382 4.075871 2.222134
v -0.520794 4.051939 2.217372
v -0.462603 3.975039 2.235027
v -0.368278 3.960623 2.124162
v -0.456914 3.901152 2.063091
v -0.450811 4.047629 2.106914
v -0.382998 3.905259 2.109168
v -0.454636 4.003749 2.245463
v -0.492096 4.098473 2.173767
v -0.539382 4.075871 2.222134
v -0.391964 4.035686 2.187679
v -0.690233 4.103514 2.105555
v -0.607434 4.108463 2.094851
v -0.605751 3.984905 2.091983
v -0.685853 4.131971 2.110472
v -0.629952 4.141334 2.131717
v -0.685853 4.131971 2.110472
v -0.675084 4.153350 2.123406
v -0.607434 4.108463 2.094851
v -0.629952 4.141334 2.131717
v -0.593924 4.112092 2.190395
v -0.558897 4.124785 2.150513
v -0.647040 4.133751 2.160236
v -0.605751 3.984905 2.091983
v -0.523111 4.082044 2.100670
v -0.527923 3.914925 2.072024
v -0.607434 4.108463 2.094851
v -0.423085 3.843004 2.122656
v -0.504279 3.840986 2.106121
v -0.456914 3.901152 2.063091
v -0.382998 3.905259 2.109168
v -0.565330 3.873842 2.111146
v -0.648392 3.966161 2.119228
v -0.605751 3.984905 2.091983
v -0.527923 3.914925 2.072024
v -0.368278 3.960623 2.124162
v -0.327523 3.994849 2.198155
v -0.320166 3.924026 2.148832
v -0.391964 4.035686 2.187679
v -0.320166 3.924026 2.148832
v -0.382998 3.905259 2.109168
v -0.368278 3.960623 2.124162
v -0.391964 4.035686 2.187679
v -0.371795 3.931895 2.237970
v -0.327523 3.994849 2.198155
v -0.454636 4.003749 2.245463
v -0.391964 4.035686 2.187679
v -0.450811 4.047629 2.106914
v -0.492096 4.098473 2.173767
v -0.368278 3.960623 2.124162
v -0.335921 3.816537 2.143260
v -0.423085 3.843004 2.122656
v -0.382998 3.905259 2.109168
v -0.320166 3.924026 2.148832
v -0.233662 3.932107 2.139514
v -0.335921 3.816537 2.143260
v -0.320166 3.924026 2.148832
v -0.324425 3.783831 2.127265
v -0.301929 3.980215 2.241831
v -0.327523 3.994849 2.198155
v -0.371795 3.931895 2.237970
v -0.336974 3.921667 2.282735
v -0.351947 3.818918 2.246703
v -0.336974 3.921667 2.282735
v -0.351408 3.848311 2.216995
v -0.371795 3.931895 2.237970
v -0.320166 3.924026 2.148832
v -0.254560 3.994405 2.194782
v -0.233662 3.932107 2.139514
v -0.327523 3.994849 2.198155
v -0.268285 4.032239 2.409679
v -0.301929 3.980215 2.241831
v -0.345726 3.980548 2.406318
v -0.336974 3.921667 2.282735
v -0.001978 4.085963 2.267663
v -0.254560 3.994405 2.194782
v -0.301929 3.980215 2.241831
v 0.001806 4.060881 2.176796
v -0.335921 3.816537 2.143260
v -0.351947 3.818918 2.246703
v -0.351408 3.848311 2.216995
v -0.324425 3.783831 2.127265
v -0.351947 3.818918 2.246703
v -0.349136 3.825840 2.292843
v -0.336974 3.921667 2.282735
v -0.336114 3.696518 2.250190
v -0.245989 3.629440 2.673044
v -0.238646 3.447117 2.641255
v -0.220412 3.570898 2.714781
v -0.320946 3.535272 2.491358
v -0.245989 3.629440 2.673044
v -0.197090 3.651900 2.777443
v -0.222951 3.722507 2.738395
v -0.220412 3.570898 2.714781
v -0.253423 3.762200 2.054150
v -0.324425 3.783831 2.127265
v -0.233662 3.932107 2.139514
v -0.297321 3.320466 2.472961
v -0.229784 3.387892 2.617302
v -0.327775 3.443442 2.474758
v -0.215142 3.300436 2.587973
v -0.215142 3.300436 2.587973
v -0.218016 3.344470 2.703090
v -0.229784 3.387892 2.617302
v -0.196798 3.274670 2.675074
v -0.346642 3.486904 2.369365
v -0.329487 3.370111 2.242983
v -0.342890 3.313318 2.378184
v -0.350131 3.633556 2.142697
v -0.342890 3.313318 2.378184
v -0.327775 3.443442 2.474758
v -0.346642 3.486904 2.369365
v -0.297321 3.320466 2.472961
v -0.328749 3.612823 2.364836
v -0.350131 3.633556 2.142697
v -0.346642 3.486904 2.369365
v -0.336114 3.696518 2.250190
v -0.233662 3.932107 2.139514
v -0.185296 3.869874 2.032535
v -0.253423 3.762200 2.054150
v -0.332602 3.587887 2.114815
v -0.329487 3.370111 2.242983
v -0.350131 3.633556 2.142697
v -0.303786 3.380101 2.194351
v -0.350131 3.633556 2.142697
v -0.253423 3.762200 2.054150
v -0.332602 3.587887 2.114815
v -0.324425 3.783831 2.127265
v -0.254560 3.994405 2.194782
v -0.327523 3.994849 2.198155
v -0.301929 3.980215 2.241831
v -0.408636 0.466401 1.169696
v -0.420965 0.355781 1.182831
v -0.357401 0.355535 1.198895
v -0.355627 0.466182 1.185724
v -0.355627 0.466182 1.185724
v -0.357401 0.355535 1.198895
v -0.311384 0.355916 1.149183
v -0.301899 0.466656 1.132713
v -0.341491 0.382505 0.979615
v -0.340912 0.297682 1.016990
v -0.382313 0.300391 1.019304
v -0.382813 0.382571 0.989170
v -0.454554 0.361006 1.124614
v -0.408636 0.466401 1.169696
v -0.441461 0.472982 1.116725
v -0.420965 0.355781 1.182831
v -0.301899 0.466656 1.132713
v -0.311384 0.355916 1.149183
v -0.308267 0.449698 1.046429
v -0.000000 2.566449 -1.739095
v -0.046216 2.599258 -1.729545
v -0.019870 2.598575 -1.756116
v -0.000000 2.584520 -1.770559
v -0.000000 2.566449 -1.739095
v -0.019870 2.598575 -1.756116
v -0.000000 2.548382 -1.737410
v -0.000000 2.799830 -1.757937
v -0.000000 2.584520 -1.770559
v -0.019870 2.598575 -1.756116
v -0.031582 2.783075 -1.742290
v -0.019870 2.598575 -1.756116
v -0.062070 2.759727 -1.718275
v -0.031582 2.783075 -1.742290
v -0.046216 2.599258 -1.729545
v -0.000000 2.799830 -1.757937
v -0.065683 2.924266 -1.693245
v -0.000000 2.957527 -1.701196
v -0.031582 2.783075 -1.742290
v -0.031582 2.783075 -1.742290
v -0.111794 2.878041 -1.670562
v -0.065683 2.924266 -1.693245
v -0.062070 2.759727 -1.718275
v -0.395963 2.814058 -1.526101
v -0.533844 2.901030 -1.355840
v -0.397974 3.039034 -1.409659
v 0.007427 3.277034 1.186332
v -0.241477 3.249079 1.200290
v 0.010962 3.304230 1.275717
v -0.237201 3.258868 1.335254
v -0.345726 3.980548 2.406318
v -0.344173 3.874979 2.337279
v -0.349476 3.928522 2.434349
v -0.336974 3.921667 2.282735
v 0.006405 3.972856 2.039742
v -0.185296 3.869874 2.032535
v 0.005138 4.003949 2.080665
v -0.233662 3.932107 2.139514
v -0.001978 4.085963 2.267663
v -0.268285 4.032239 2.409679
v -0.009478 4.058957 2.412270
v -0.301929 3.980215 2.241831
v -0.324425 3.783831 2.127265
v -0.336114 3.696518 2.250190
v -0.351947 3.818918 2.246703
v -0.350131 3.633556 2.142697
v -0.349094 3.900883 2.567950
v -0.349476 3.928522 2.434349
v -0.357977 3.878495 2.555690
v -0.345726 3.980548 2.406318
v -0.245989 3.629440 2.673044
v -0.260186 3.716624 2.682384
v -0.269270 3.649774 2.644967
v -0.222951 3.722507 2.738395
v -0.409055 1.692199 0.831189
v -0.393671 1.569210 0.869765
v -0.491399 1.577475 0.922131
v -0.517370 1.708798 0.889178
v -0.522409 1.750079 1.089855
v -0.506192 1.583799 1.080236
v -0.459604 1.599710 1.306686
v -0.463921 1.778025 1.387255
v -0.517370 1.708798 0.889178
v -0.491399 1.577475 0.922131
v -0.506192 1.583799 1.080236
v -0.522409 1.750079 1.089855
v -0.463921 1.778025 1.387255
v -0.459604 1.599710 1.306686
v -0.340575 1.618768 1.345366
v -0.337028 1.796159 1.433721
v -0.276187 1.702729 0.886965
v -0.277606 1.573264 0.917351
v -0.393671 1.569210 0.869765
v -0.409055 1.692199 0.831189
v -0.000000 3.063462 -1.488128
v -0.065683 2.924266 -1.693245
v -0.112071 3.034971 -1.497964
v -0.000000 2.957527 -1.701196
v -0.112071 3.034971 -1.497964
v -0.169928 2.916297 -1.599270
v -0.241381 3.132773 -1.396601
v -0.126629 2.913573 -1.599242
v -0.126629 2.913573 -1.599242
v -0.065683 2.924266 -1.693245
v -0.111794 2.878041 -1.670562
v -0.112071 3.034971 -1.497964
v -0.420143 1.184088 -1.766312
v -0.408866 0.816499 -1.693588
v -0.471528 0.815165 -1.642616
v -0.530612 1.184525 -1.697120
v -0.479541 1.155886 -1.500338
v -0.442607 0.798520 -1.509054
v -0.344188 0.836355 -1.507543
v -0.358309 1.149037 -1.466160
v -0.325965 0.820612 -1.704557
v -0.420143 1.184088 -1.766312
v -0.273960 1.192173 -1.782465
v -0.408866 0.816499 -1.693588
v -0.484289 0.805179 -1.578108
v -0.479541 1.155886 -1.500338
v -0.553011 1.177499 -1.624027
v -0.442607 0.798520 -1.509054
v -0.471528 0.815165 -1.642616
v -0.553011 1.177499 -1.624027
v -0.530612 1.184525 -1.697120
v -0.484289 0.805179 -1.578108
v -0.280315 0.876456 -1.662529
v -0.273960 1.192173 -1.782465
v -0.217752 1.177500 -1.704053
v -0.325965 0.820612 -1.704557
v -0.444864 0.473223 -1.473323
v -0.459757 0.368824 -1.479825
v -0.384566 0.368682 -1.462827
v -0.382275 0.473119 -1.456313
v -0.470922 0.486026 -1.659894
v -0.498586 0.362321 -1.574786
v -0.482667 0.476223 -1.558037
v -0.382275 0.473119 -1.456313
v -0.384566 0.368682 -1.462827
v -0.329191 0.368869 -1.512119
v -0.319504 0.469943 -1.555079
v -0.325965 0.820612 -1.704557
v -0.309431 0.481663 -1.664326
v -0.338430 0.490877 -1.712940
v -0.280315 0.876456 -1.662529
v -0.470922 0.486026 -1.659894
v -0.484289 0.805179 -1.578108
v -0.471528 0.815165 -1.642616
v -0.482667 0.476223 -1.558037
v -0.382275 0.473119 -1.456313
v -0.305044 0.797976 -1.574021
v -0.344188 0.836355 -1.507543
v -0.319504 0.469943 -1.555079
v -0.305044 0.797976 -1.574021
v -0.319504 0.469943 -1.555079
v -0.309431 0.481663 -1.664326
v -0.280315 0.876456 -1.662529
v -0.482667 0.476223 -1.558037
v -0.442607 0.798520 -1.509054
v -0.484289 0.805179 -1.578108
v -0.444864 0.473223 -1.473323
v -0.482667 0.476223 -1.558037
v -0.498586 0.362321 -1.574786
v -0.459757 0.368824 -1.479825
v -0.444864 0.473223 -1.473323
v -0.319504 0.469943 -1.555079
v -0.329191 0.368869 -1.512119
v -0.309431 0.481663 -1.664326
v -0.547997 1.355319 -1.582536
v -0.553011 1.177499 -1.624027
v -0.479541 1.155886 -1.500338
v -0.474687 1.317547 -1.419299
v -0.420143 1.184088 -1.766312
v -0.530381 1.380194 -1.701666
v -0.414863 1.415390 -1.805917
v -0.530612 1.184525 -1.697120
v -0.479541 1.155886 -1.500338
v -0.353451 1.308998 -1.388103
v -0.474687 1.317547 -1.419299
v -0.358309 1.149037 -1.466160
v -0.338430 0.490877 -1.712940
v -0.408866 0.816499 -1.693588
v -0.325965 0.820612 -1.704557
v -0.413894 0.485844 -1.702918
v -0.442607 0.798520 -1.509054
v -0.444864 0.473223 -1.473323
v -0.382275 0.473119 -1.456313
v -0.344188 0.836355 -1.507543
v -0.413894 0.485844 -1.702918
v -0.471528 0.815165 -1.642616
v -0.408866 0.816499 -1.693588
v -0.470922 0.486026 -1.659894
v -0.238324 1.524678 -1.713011
v -0.181986 1.383363 -1.683004
v -0.255950 1.419296 -1.810204
v -0.216031 1.487372 -1.635090
v -0.522369 1.491069 -1.617797
v -0.530381 1.380194 -1.701666
v -0.547997 1.355319 -1.582536
v -0.537641 1.466851 -1.512603
v -0.537641 1.466851 -1.512603
v -0.547997 1.355319 -1.582536
v -0.474687 1.317547 -1.419299
v -0.471555 1.418040 -1.362251
v -0.530612 1.184525 -1.697120
v -0.547997 1.355319 -1.582536
v -0.530381 1.380194 -1.701666
v -0.553011 1.177499 -1.624027
v -0.181986 1.383363 -1.683004
v -0.217752 1.177500 -1.704053
v -0.273960 1.192173 -1.782465
v -0.255950 1.419296 -1.810204
v -0.273960 1.192173 -1.782465
v -0.414863 1.415390 -1.805917
v -0.255950 1.419296 -1.810204
v -0.420143 1.184088 -1.766312
v -0.471555 1.418040 -1.362251
v -0.355671 1.579800 -1.169888
v -0.462686 1.592414 -1.237125
v -0.350337 1.409471 -1.326626
v -0.376774 1.711267 -1.537536
v -0.238324 1.524678 -1.713011
v -0.411863 1.508771 -1.698532
v -0.212190 1.726218 -1.551226
v -0.523420 1.686454 -1.461874
v -0.522369 1.491069 -1.617797
v -0.537641 1.466851 -1.512603
v -0.545065 1.644793 -1.341363
v -0.411863 1.508771 -1.698532
v -0.255950 1.419296 -1.810204
v -0.414863 1.415390 -1.805917
v -0.238324 1.524678 -1.713011
v -0.474687 1.317547 -1.419299
v -0.350337 1.409471 -1.326626
v -0.471555 1.418040 -1.362251
v -0.353451 1.308998 -1.388103
v -0.411863 1.508771 -1.698532
v -0.414863 1.415390 -1.805917
v -0.530381 1.380194 -1.701666
v -0.522369 1.491069 -1.617797
v -0.546301 1.897375 -0.793660
v -0.462686 1.592414 -1.237125
v -0.355671 1.579800 -1.169888
v -0.362107 1.805284 -0.784179
v -0.169914 1.952353 -1.471018
v -0.212190 1.726218 -1.551226
v -0.376774 1.711267 -1.537536
v -0.366378 2.035976 -1.449149
v -0.545065 1.644793 -1.341363
v -0.604181 2.064923 -1.335166
v -0.523420 1.686454 -1.461874
v -0.632596 1.959301 -0.988787
v -0.411863 1.508771 -1.698532
v -0.523420 1.686454 -1.461874
v -0.376774 1.711267 -1.537536
v -0.522369 1.491069 -1.617797
v -0.545065 1.644793 -1.341363
v -0.537641 1.466851 -1.512603
v -0.471555 1.418040 -1.362251
v -0.462686 1.592414 -1.237125
v -0.286536 2.878937 -1.586524
v -0.395963 2.814058 -1.526101
v -0.397974 3.039034 -1.409659
v -0.604181 2.064923 -1.335166
v -0.682365 2.297904 -0.887710
v -0.667654 2.407086 -1.285856
v -0.632596 1.959301 -0.988787
v -0.475328 2.059398 -0.442606
v -0.362107 1.805284 -0.784179
v -0.288785 2.033728 -0.689143
v -0.682365 2.297904 -0.887710
v -0.632596 1.959301 -0.988787
v -0.546301 1.897375 -0.793660
v -0.564833 2.113070 -0.573083
v -0.428925 2.459161 -1.474525
v -0.366378 2.035976 -1.449149
v -0.604181 2.064923 -1.335166
v -0.667654 2.407086 -1.285856
v -0.366378 2.035976 -1.449149
v -0.376774 1.711267 -1.537536
v -0.523420 1.686454 -1.461874
v -0.604181 2.064923 -1.335166
v -0.462686 1.592414 -1.237125
v -0.632596 1.959301 -0.988787
v -0.545065 1.644793 -1.341363
v -0.546301 1.897375 -0.793660
v -0.276949 3.217406 -0.555170
v -0.437296 3.164391 -0.876254
v -0.462394 2.995898 -0.483327
v -0.252106 3.304211 -0.905663
v 0.000114 3.175468 -1.332078
v -0.112071 3.034971 -1.497964
v -0.241381 3.132773 -1.396601
v -0.000000 3.063462 -1.488128
v -0.475328 2.059398 -0.442606
v -0.497974 2.695712 -0.380791
v -0.564833 2.113070 -0.573083
v -0.566455 2.687441 -0.503326
v -0.428925 2.459161 -1.474525
v -0.666862 2.692583 -1.309356
v -0.420464 2.675707 -1.522970
v -0.667654 2.407086 -1.285856
v -0.667654 2.407086 -1.285856
v -0.693382 2.707390 -0.870820
v -0.666862 2.692583 -1.309356
v -0.682365 2.297904 -0.887710
v -0.550387 2.976347 -0.888847
v -0.666862 2.692583 -1.309356
v -0.693382 2.707390 -0.870820
v -0.533844 2.901030 -1.355840
v -0.497792 2.925316 -0.591933
v -0.693382 2.707390 -0.870820
v -0.566455 2.687441 -0.503326
v -0.550387 2.976347 -0.888847
v -0.321736 0.451794 1.001328
v -0.362699 0.955240 0.955261
v -0.299620 0.957527 0.979924
v -0.385946 0.445180 1.000402
v -0.308267 0.449698 1.046429
v -0.299620 0.957527 0.979924
v -0.281182 0.957786 1.106233
v -0.321736 0.451794 1.001328
v -0.441461 0.472982 1.116725
v -0.417161 0.957673 1.190985
v -0.462106 0.958533 1.096127
v -0.408636 0.466401 1.169696
v -0.362699 0.955240 0.955261
v -0.385946 0.445180 1.000402
v -0.432814 0.451299 1.038826
v -0.446896 0.953956 0.992104
v -0.355627 0.466182 1.185724
v -0.311960 0.957781 1.185615
v -0.365788 0.963722 1.204740
v -0.301899 0.466656 1.132713
v -0.417161 0.957673 1.190985
v -0.408636 0.466401 1.169696
v -0.355627 0.466182 1.185724
v -0.365788 0.963722 1.204740
v -0.446896 0.953956 0.992104
v -0.432814 0.451299 1.038826
v -0.441461 0.472982 1.116725
v -0.462106 0.958533 1.096127
v -0.301899 0.466656 1.132713
v -0.281182 0.957786 1.106233
v -0.311960 0.957781 1.185615
v -0.308267 0.449698 1.046429
v -0.296299 1.253520 1.195907
v -0.289640 1.130613 1.218027
v -0.256738 1.130508 1.112739
v -0.261683 1.232879 1.098810
v -0.311960 0.957781 1.185615
v -0.256738 1.130508 1.112739
v -0.289640 1.130613 1.218027
v -0.281182 0.957786 1.106233
v -0.468605 1.125325 0.976693
v -0.446896 0.953956 0.992104
v -0.462106 0.958533 1.096127
v -0.488913 1.131544 1.106087
v -0.256738 1.130508 1.112739
v -0.281182 0.957786 1.106233
v -0.299620 0.957527 0.979924
v -0.273054 1.129977 0.960519
v -0.299620 0.957527 0.979924
v -0.356809 1.126931 0.927774
v -0.273054 1.129977 0.960519
v -0.362699 0.955240 0.955261
v -0.488913 1.131544 1.106087
v -0.462106 0.958533 1.096127
v -0.417161 0.957673 1.190985
v -0.429324 1.130464 1.225155
v -0.356809 1.126931 0.927774
v -0.362699 0.955240 0.955261
v -0.446896 0.953956 0.992104
v -0.468605 1.125325 0.976693
v -0.365788 0.963722 1.204740
v -0.289640 1.130613 1.218027
v -0.361112 1.138509 1.243413
v -0.311960 0.957781 1.185615
v -0.429324 1.130464 1.225155
v -0.417161 0.957673 1.190985
v -0.365788 0.963722 1.204740
v -0.361112 1.138509 1.243413
v -0.361112 1.138509 1.243413
v -0.296299 1.253520 1.195907
v -0.362685 1.261022 1.219394
v -0.289640 1.130613 1.218027
v -0.426041 1.253426 1.202513
v -0.429324 1.130464 1.225155
v -0.361112 1.138509 1.243413
v -0.362685 1.261022 1.219394
v -0.468605 1.125325 0.976693
v -0.481459 1.288161 1.087386
v -0.462723 1.312286 0.958161
v -0.488913 1.131544 1.106087
v -0.261683 1.232879 1.098810
v -0.256738 1.130508 1.112739
v -0.273054 1.129977 0.960519
v -0.273218 1.323188 0.958735
v -0.273218 1.323188 0.958735
v -0.273054 1.129977 0.960519
v -0.356809 1.126931 0.927774
v -0.358809 1.331285 0.919019
v -0.426041 1.253426 1.202513
v -0.488913 1.131544 1.106087
v -0.429324 1.130464 1.225155
v -0.481459 1.288161 1.087386
v -0.356809 1.126931 0.927774
v -0.462723 1.312286 0.958161
v -0.358809 1.331285 0.919019
v -0.468605 1.125325 0.976693
v -0.277606 1.573264 0.917351
v -0.273218 1.323188 0.958735
v -0.358809 1.331285 0.919019
v -0.393671 1.569210 0.869765
v -0.459604 1.599710 1.306686
v -0.426041 1.253426 1.202513
v -0.362685 1.261022 1.219394
v -0.340575 1.618768 1.345366
v -0.462723 1.312286 0.958161
v -0.506192 1.583799 1.080236
v -0.491399 1.577475 0.922131
v -0.481459 1.288161 1.087386
v -0.506192 1.583799 1.080236
v -0.481459 1.288161 1.087386
v -0.426041 1.253426 1.202513
v -0.459604 1.599710 1.306686
v -0.393671 1.569210 0.869765
v -0.358809 1.331285 0.919019
v -0.462723 1.312286 0.958161
v -0.491399 1.577475 0.922131
v -0.475819 1.966970 1.435035
v -0.463921 1.778025 1.387255
v -0.337028 1.796159 1.433721
v -0.347516 1.982062 1.536615
v -0.542406 1.930597 1.125771
v -0.552347 1.851762 0.858230
v -0.522409 1.750079 1.089855
v -0.517370 1.708798 0.889178
v -0.396799 1.876233 0.752049
v -0.259583 1.871900 0.744253
v -0.255417 1.866245 0.856264
v -0.396799 1.876233 0.752049
v -0.409055 1.692199 0.831189
v -0.517370 1.708798 0.889178
v -0.552347 1.851762 0.858230
v -0.583944 2.284711 0.917743
v -0.553612 2.109135 0.730764
v -0.591591 2.101949 0.854957
v -0.547046 2.599713 0.850710
v -0.540662 2.220683 1.443684
v -0.347516 1.982062 1.536615
v -0.531646 2.313206 1.555639
v -0.475819 1.966970 1.435035
v -0.591591 2.101949 0.854957
v -0.396799 1.876233 0.752049
v -0.552347 1.851762 0.858230
v -0.553612 2.109135 0.730764
v -0.542406 1.930597 1.125771
v -0.591591 2.101949 0.854957
v -0.552347 1.851762 0.858230
v -0.597475 2.176219 1.141332
v -0.577417 2.353893 1.114551
v -0.583944 2.284711 0.917743
v -0.597475 2.176219 1.141332
v -0.591591 2.101949 0.854957
v -0.558001 2.390411 1.233670
v -0.597475 2.176219 1.141332
v -0.540662 2.220683 1.443684
v -0.577417 2.353893 1.114551
v -0.475819 1.966970 1.435035
v -0.597475 2.176219 1.141332
v -0.542406 1.930597 1.125771
v -0.540662 2.220683 1.443684
v -0.542406 1.930597 1.125771
v -0.522409 1.750079 1.089855
v -0.463921 1.778025 1.387255
v -0.475819 1.966970 1.435035
v -0.527258 2.653092 1.077582
v -0.434701 3.102362 0.837878
v -0.547046 2.599713 0.850710
v -0.475284 3.140877 1.010815
v -0.547046 2.599713 0.850710
v -0.583944 2.284711 0.917743
v -0.577417 2.353893 1.114551
v -0.527258 2.653092 1.077582
v 0.004281 3.243185 0.817078
v -0.267207 3.230456 0.826011
v 0.005500 3.293727 0.952667
v -0.261921 3.272269 0.984895
v -0.261921 3.272269 0.984895
v -0.434701 3.102362 0.837878
v -0.475284 3.140877 1.010815
v -0.267207 3.230456 0.826011
v -0.222291 3.504536 2.784425
v -0.186511 3.468035 2.951589
v -0.175862 3.566970 2.855806
v -0.224992 3.404626 2.916927
v -0.222291 3.504536 2.784425
v -0.230832 3.324078 2.835097
v -0.224992 3.404626 2.916927
v -0.229896 3.392886 2.722828
v -0.175862 3.566970 2.855806
v -0.197090 3.651900 2.777443
v -0.220412 3.570898 2.714781
v -0.222291 3.504536 2.784425
v -0.238646 3.447117 2.641255
v -0.222291 3.504536 2.784425
v -0.220412 3.570898 2.714781
v -0.229896 3.392886 2.722828
v -0.229896 3.392886 2.722828
v -0.238646 3.447117 2.641255
v -0.229784 3.387892 2.617302
v -0.218016 3.344470 2.703090
v -0.218016 3.344470 2.703090
v -0.196798 3.274670 2.675074
v -0.197075 3.245228 2.774238
v -0.224169 3.294957 2.812384
v 0.005138 4.003949 2.080665
v -0.254560 3.994405 2.194782
v 0.001806 4.060881 2.176796
v -0.233662 3.932107 2.139514
v -0.224169 3.294957 2.812384
v -0.229896 3.392886 2.722828
v -0.218016 3.344470 2.703090
v -0.230832 3.324078 2.835097
v -0.288629 3.776963 2.656404
v -0.349094 3.900883 2.567950
v -0.357977 3.878495 2.555690
v -0.235303 3.761711 2.724418
v -0.327775 3.443442 2.474758
v -0.238646 3.447117 2.641255
v -0.320946 3.535272 2.491358
v -0.229784 3.387892 2.617302
v -0.269270 3.649774 2.644967
v -0.320946 3.535272 2.491358
v -0.245989 3.629440 2.673044
v -0.330524 3.605196 2.499826
v -0.349136 3.825840 2.292843
v -0.351149 3.805423 2.338563
v -0.344173 3.874979 2.337279
v -0.336974 3.921667 2.282735
v -0.320946 3.535272 2.491358
v -0.346642 3.486904 2.369365
v -0.327775 3.443442 2.474758
v -0.328749 3.612823 2.364836
v -0.379232 3.158652 1.395010
v -0.532894 2.677041 1.282281
v -0.532859 2.775706 1.491257
v -0.421532 3.162669 1.196039
v -0.261921 3.272269 0.984895
v -0.421532 3.162669 1.196039
v -0.241477 3.249079 1.200290
v -0.475284 3.140877 1.010815
v -0.261921 3.272269 0.984895
v -0.241477 3.249079 1.200290
v 0.007427 3.277034 1.186332
v 0.005500 3.293727 0.952667
v 0.004281 3.243185 0.817078
v -0.265698 3.126390 0.646674
v -0.267207 3.230456 0.826011
v -0.000000 3.153824 0.646605
v -0.267207 3.230456 0.826011
v -0.450358 2.988351 0.646905
v -0.434701 3.102362 0.837878
v -0.265698 3.126390 0.646674
v -0.558001 2.390411 1.233670
v -0.531646 2.313206 1.555639
v -0.532894 2.677041 1.282281
v -0.540662 2.220683 1.443684
v -0.527258 2.653092 1.077582
v -0.532894 2.677041 1.282281
v -0.421532 3.162669 1.196039
v -0.475284 3.140877 1.010815
v -0.547046 2.599713 0.850710
v -0.450358 2.988351 0.646905
v -0.507297 2.596535 0.572715
v -0.434701 3.102362 0.837878
v -0.553612 2.109135 0.730764
v -0.507297 2.596535 0.572715
v -0.470399 2.081435 0.575713
v -0.547046 2.599713 0.850710
v -0.421532 3.162669 1.196039
v -0.379232 3.158652 1.395010
v -0.237201 3.258868 1.335254
v -0.241477 3.249079 1.200290
v -0.437296 3.164391 -0.876254
v -0.397974 3.039034 -1.409659
v -0.550387 2.976347 -0.888847
v -0.533844 2.901030 -1.355840
v -0.286536 2.878937 -1.586524
v -0.241381 3.132773 -1.396601
v -0.169928 2.916297 -1.599270
v -0.397974 3.039034 -1.409659
v -0.252106 3.304211 -0.905663
v -0.397974 3.039034 -1.409659
v -0.437296 3.164391 -0.876254
v -0.241381 3.132773 -1.396601
v -0.252106 3.304211 -0.905663
v 0.000114 3.175468 -1.332078
v -0.241381 3.132773 -1.396601
v -0.004454 3.340449 -0.911570
v -0.497792 2.925316 -0.591933
v -0.437296 3.164391 -0.876254
v -0.550387 2.976347 -0.888847
v -0.462394 2.995898 -0.483327
v -0.462394 2.995898 -0.483327
v -0.566455 2.687441 -0.503326
v -0.497974 2.695712 -0.380791
v -0.497792 2.925316 -0.591933
v -0.566455 2.687441 -0.503326
v -0.682365 2.297904 -0.887710
v -0.564833 2.113070 -0.573083
v -0.693382 2.707390 -0.870820
v -0.183576 1.922098 -0.569699
v -0.475328 2.059398 -0.442606
v -0.288785 2.033728 -0.689143
v -0.564833 2.113070 -0.573083
v -0.362107 1.805284 -0.784179
v -0.475328 2.059398 -0.442606
v -0.546301 1.897375 -0.793660
v -0.420464 2.675707 -1.522970
v -0.666862 2.692583 -1.309356
v -0.533844 2.901030 -1.355840
v -0.395963 2.814058 -1.526101
v -0.475653 2.081651 -0.277781
v -0.537996 2.652109 -0.045514
v -0.520611 2.685656 -0.268538
v -0.488521 2.065121 -0.030875
v -0.481139 2.895293 -0.052184
v -0.520611 2.685656 -0.268538
v -0.537996 2.652109 -0.045514
v -0.463935 2.991212 -0.301224
v -0.497974 2.695712 -0.380791
v -0.463935 2.991212 -0.301224
v -0.462394 2.995898 -0.483327
v -0.520611 2.685656 -0.268538
v -0.475653 2.081651 -0.277781
v -0.497974 2.695712 -0.380791
v -0.475328 2.059398 -0.442606
v -0.520611 2.685656 -0.268538
v -0.279776 1.886386 0.570405
v -0.489410 2.052803 0.286224
v -0.281122 1.829626 0.245485
v -0.470399 2.081435 0.575713
v -0.281122 1.829626 0.245485
v -0.488521 2.065121 -0.030875
v -0.309659 1.822067 -0.050804
v -0.489410 2.052803 0.286224
v -0.275798 3.150846 -0.307909
v -0.462394 2.995898 -0.483327
v -0.463935 2.991212 -0.301224
v -0.276949 3.217406 -0.555170
v -0.313007 3.057225 -0.037039
v -0.463935 2.991212 -0.301224
v -0.481139 2.895293 -0.052184
v -0.275798 3.150846 -0.307909
v -0.275798 3.150846 -0.307909
v -0.313007 3.057225 -0.037039
v -0.000000 3.095665 -0.034201
v -0.000971 3.187142 -0.322166
v -0.000971 3.187142 -0.322166
v -0.276949 3.217406 -0.555170
v -0.275798 3.150846 -0.307909
v -0.002528 3.274364 -0.609282
v -0.276187 1.702729 0.886965
v -0.396799 1.876233 0.752049
v -0.255417 1.866245 0.856264
v -0.409055 1.692199 0.831189
v -0.527258 2.653092 1.077582
v -0.577417 2.353893 1.114551
v -0.558001 2.390411 1.233670
v -0.532894 2.677041 1.282281
v -0.396799 1.876233 0.752049
v -0.470399 2.081435 0.575713
v -0.279776 1.886386 0.570405
v -0.553612 2.109135 0.730764
v -0.396799 1.876233 0.752049
v -0.279776 1.886386 0.570405
v -0.259583 1.871900 0.744253
v -0.494845 2.900639 0.230343
v -0.313007 3.057225 -0.037039
v -0.481139 2.895293 -0.052184
v -0.322168 3.066472 0.248031
v -0.322168 3.066472 0.248031
v -0.450358 2.988351 0.646905
v -0.265698 3.126390 0.646674
v -0.494845 2.900639 0.230343
v -0.265698 3.126390 0.646674
v -0.000000 3.099529 0.239606
v -0.322168 3.066472 0.248031
v -0.000000 3.153824 0.646605
v -0.000000 3.099529 0.239606
v -0.313007 3.057225 -0.037039
v -0.322168 3.066472 0.248031
v -0.000000 3.095665 -0.034201
v -0.309659 1.822067 -0.050804
v -0.475653 2.081651 -0.277781
v -0.249165 1.860970 -0.351513
v -0.488521 2.065121 -0.030875
v -0.249165 1.860970 -0.351513
v -0.475328 2.059398 -0.442606
v -0.183576 1.922098 -0.569699
v -0.475653 2.081651 -0.277781
v -0.489410 2.052803 0.286224
v -0.507297 2.596535 0.572715
v -0.557400 2.621089 0.209752
v -0.470399 2.081435 0.575713
v -0.507297 2.596535 0.572715
v -0.494845 2.900639 0.230343
v -0.557400 2.621089 0.209752
v -0.450358 2.988351 0.646905
v -0.537996 2.652109 -0.045514
v -0.494845 2.900639 0.230343
v -0.481139 2.895293 -0.052184
v -0.557400 2.621089 0.209752
v -0.557400 2.621089 0.209752
v -0.488521 2.065121 -0.030875
v -0.489410 2.052803 0.286224
v -0.537996 2.652109 -0.045514
v -0.002528 3.274364 -0.609282
v -0.252106 3.304211 -0.905663
v -0.276949 3.217406 -0.555170
v -0.004454 3.340449 -0.911570
v 0.454556 0.361006 1.124621
v 0.432816 0.451298 1.038834
v 0.441464 0.472982 1.116733
v 0.531647 2.313206 1.555638
v 0.532894 2.677041 1.282280
v 0.535065 2.771516 1.500312
v 0.292896 3.599093 2.394513
v 0.281471 3.591680 2.529042
v 0.269672 3.522228 2.519554
v 0.300136 3.652695 2.418717
v 0.172286 3.752709 2.743876
v 0.156944 3.714117 2.756531
v 0.199048 3.706481 2.704309
v 0.232464 3.765454 2.681280
v 0.329408 3.810853 2.325237
v 0.312133 3.718343 2.372770
v 0.314822 3.682141 2.281266
v 0.326157 3.790463 2.370898
v 0.292896 3.599093 2.394513
v 0.312133 3.718343 2.372770
v 0.300136 3.652695 2.418717
v 0.314822 3.682141 2.281266
v 0.224138 1.576772 -1.670369
v 0.219943 1.804927 -1.564063
v 0.246065 1.621039 -1.745645
v 0.296300 1.253519 1.195909
v 0.362687 1.261022 1.219397
v 0.340577 1.618768 1.345367
v 0.374382 3.855702 2.219356
v 0.384559 3.878656 2.256270
v 0.339880 3.833043 2.249997
v 0.395720 3.896855 2.226659
v 0.495572 4.019536 2.238993
v 0.573883 4.076836 2.234776
v 0.517265 4.029012 2.266929
v 0.617583 4.081407 2.153332
v 0.564732 4.099968 2.204156
v 0.637914 4.113332 2.192245
v 0.532008 4.058739 2.151042
v 0.517265 4.029012 2.266929
v 0.573883 4.076836 2.234776
v 0.536352 4.052112 2.273489
v 0.595210 4.085828 2.247164
v 0.564732 4.099968 2.204156
v 0.536352 4.052112 2.273489
v 0.595210 4.085828 2.247164
v 0.494927 4.076674 2.220888
v 0.502141 3.818758 2.154168
v 0.532158 3.891511 2.122633
v 0.563824 3.848903 2.165052
v 0.461786 3.880861 2.106949
v 0.532158 3.891511 2.122633
v 0.457996 4.027557 2.150300
v 0.532008 4.058739 2.151042
v 0.461786 3.880861 2.106949
v 0.532008 4.058739 2.151042
v 0.494927 4.076674 2.220888
v 0.564732 4.099968 2.204156
v 0.457996 4.027557 2.150300
v 0.330099 3.801828 2.175056
v 0.374382 3.855702 2.219356
v 0.339880 3.833043 2.249997
v 0.495572 4.019536 2.238993
v 0.454326 3.954788 2.278801
v 0.437620 3.947622 2.243622
v 0.517265 4.029012 2.266929
v 0.437620 3.947622 2.243622
v 0.454326 3.954788 2.278801
v 0.401684 3.917988 2.264056
v 0.395720 3.896855 2.226659
v 0.384559 3.878656 2.256270
v 0.401684 3.917988 2.264056
v 0.446674 3.983843 2.288491
v 0.361839 3.915692 2.272994
v 0.454326 3.954788 2.278801
v 0.384559 3.878656 2.256270
v 0.361839 3.915692 2.272994
v 0.339880 3.833043 2.249997
v 0.401684 3.917988 2.264056
v 0.684118 4.123330 2.188294
v 0.651859 4.105064 2.222246
v 0.718482 4.116102 2.211407
v 0.637914 4.113332 2.192245
v 0.729367 4.074911 2.183406
v 0.649725 3.937490 2.181201
v 0.698687 4.072838 2.171862
v 0.610739 3.958037 2.150059
v 0.695117 4.101470 2.176399
v 0.729367 4.074911 2.183406
v 0.698687 4.072838 2.171862
v 0.736058 4.098671 2.195747
v 0.695117 4.101470 2.176399
v 0.718482 4.116102 2.211407
v 0.736058 4.098671 2.195747
v 0.684118 4.123330 2.188294
v 0.536352 4.052112 2.273489
v 0.446674 3.983843 2.288491
v 0.517265 4.029012 2.266929
v 0.454326 3.954788 2.278801
v 0.461786 3.880861 2.106949
v 0.370443 3.944308 2.159429
v 0.457996 4.027557 2.150300
v 0.384071 3.888318 2.145789
v 0.494927 4.076674 2.220888
v 0.446674 3.983843 2.288491
v 0.536352 4.052112 2.273489
v 0.391257 4.018387 2.225070
v 0.698687 4.072838 2.171862
v 0.617583 4.081407 2.153332
v 0.695117 4.101470 2.176399
v 0.610739 3.958037 2.150059
v 0.637914 4.113332 2.192245
v 0.695117 4.101470 2.176399
v 0.617583 4.081407 2.153332
v 0.684118 4.123330 2.188294
v 0.637914 4.113332 2.192245
v 0.595210 4.085828 2.247164
v 0.651859 4.105064 2.222246
v 0.564732 4.099968 2.204156
v 0.610739 3.958037 2.150059
v 0.532008 4.058739 2.151042
v 0.617583 4.081407 2.153332
v 0.532158 3.891511 2.122633
v 0.419910 3.824386 2.162901
v 0.461786 3.880861 2.106949
v 0.502141 3.818758 2.154168
v 0.384071 3.888318 2.145789
v 0.649725 3.937490 2.181201
v 0.563824 3.848903 2.165052
v 0.610739 3.958037 2.150059
v 0.532158 3.891511 2.122633
v 0.370443 3.944308 2.159429
v 0.324376 3.980451 2.229277
v 0.391257 4.018387 2.225070
v 0.318635 3.909917 2.179328
v 0.318635 3.909917 2.179328
v 0.370443 3.944308 2.159429
v 0.384071 3.888318 2.145789
v 0.391257 4.018387 2.225070
v 0.361839 3.915692 2.272994
v 0.446674 3.983843 2.288491
v 0.324376 3.980451 2.229277
v 0.457996 4.027557 2.150300
v 0.391257 4.018387 2.225070
v 0.494927 4.076674 2.220888
v 0.370443 3.944308 2.159429
v 0.330099 3.801828 2.175056
v 0.384071 3.888318 2.145789
v 0.419910 3.824386 2.162901
v 0.318635 3.909917 2.179328
v 0.330099 3.801828 2.175056
v 0.233852 3.921780 2.161833
v 0.318635 3.909917 2.179328
v 0.318749 3.769625 2.157970
v 0.294119 3.967050 2.270286
v 0.361839 3.915692 2.272994
v 0.324376 3.980451 2.229277
v 0.322497 3.907102 2.314218
v 0.322497 3.907102 2.314218
v 0.339880 3.833043 2.249997
v 0.361839 3.915692 2.272994
v 0.336292 3.803718 2.279560
v 0.252116 3.983213 2.218970
v 0.318635 3.909917 2.179328
v 0.233852 3.921780 2.161833
v 0.324376 3.980451 2.229277
v 0.294119 3.967050 2.270286
v 0.246970 4.020859 2.434278
v 0.322027 3.965800 2.438197
v 0.322497 3.907102 2.314218
v -0.001978 4.085963 2.267663
v 0.294119 3.967050 2.270286
v 0.252116 3.983213 2.218970
v 0.001806 4.060881 2.176796
v 0.336292 3.803718 2.279560
v 0.330099 3.801828 2.175056
v 0.339880 3.833043 2.249997
v 0.318749 3.769625 2.157970
v 0.336292 3.803718 2.279560
v 0.322497 3.907102 2.314218
v 0.329408 3.810853 2.325237
v 0.314822 3.682141 2.281266
v 0.169671 3.438098 2.660748
v 0.181977 3.619987 2.693475
v 0.149988 3.562717 2.732464
v 0.269672 3.522228 2.519554
v 0.181977 3.619987 2.693475
v 0.156944 3.714117 2.756531
v 0.124397 3.644800 2.792791
v 0.149988 3.562717 2.732464
v 0.254148 3.750990 2.078382
v 0.233852 3.921780 2.161833
v 0.318749 3.769625 2.157970
v 0.238467 3.308631 2.498539
v 0.160529 3.379272 2.635936
v 0.144908 3.292484 2.605162
v 0.273999 3.430151 2.503487
v 0.144908 3.292484 2.605162
v 0.138744 3.336590 2.720122
v 0.117236 3.267734 2.690066
v 0.160529 3.379272 2.635936
v 0.294540 3.356328 2.272774
v 0.304712 3.472518 2.400461
v 0.292493 3.299285 2.408517
v 0.336224 3.618397 2.175464
v 0.292493 3.299285 2.408517
v 0.273999 3.430151 2.503487
v 0.238467 3.308631 2.498539
v 0.304712 3.472518 2.400461
v 0.336224 3.618397 2.175464
v 0.292896 3.599093 2.394513
v 0.304712 3.472518 2.400461
v 0.314822 3.682141 2.281266
v 0.233852 3.921780 2.161833
v 0.254148 3.750990 2.078382
v 0.193198 3.861514 2.050604
v 0.319435 3.573486 2.145943
v 0.294540 3.356328 2.272774
v 0.274051 3.367339 2.221937
v 0.336224 3.618397 2.175464
v 0.336224 3.618397 2.175464
v 0.254148 3.750990 2.078382
v 0.318749 3.769625 2.157970
v 0.319435 3.573486 2.145943
v 0.252116 3.983213 2.218970
v 0.294119 3.967050 2.270286
v 0.324376 3.980451 2.229277
v 0.408639 0.466401 1.169704
v 0.357403 0.355535 1.198902
v 0.420967 0.355782 1.182838
v 0.355630 0.466182 1.185732
v 0.355630 0.466182 1.185732
v 0.311387 0.355915 1.149190
v 0.357403 0.355535 1.198902
v 0.301902 0.466656 1.132721
v 0.341492 0.382504 0.979623
v 0.382314 0.300391 1.019309
v 0.340913 0.297681 1.016995
v 0.382815 0.382570 0.989177
v 0.454556 0.361006 1.124621
v 0.408639 0.466401 1.169704
v 0.420967 0.355782 1.182838
v 0.441464 0.472982 1.116733
v 0.301902 0.466656 1.132721
v 0.308269 0.449697 1.046437
v 0.311387 0.355915 1.149190
v -0.000000 2.566449 -1.739095
v 0.019870 2.598575 -1.756116
v 0.046216 2.599258 -1.729545
v -0.000000 2.584520 -1.770559
v 0.019870 2.598575 -1.756116
v -0.000000 2.566449 -1.739095
v -0.000000 2.548382 -1.737410
v -0.000000 2.584520 -1.770559
v -0.000000 2.799830 -1.757937
v 0.019870 2.598575 -1.756116
v 0.031582 2.783075 -1.742290
v 0.019870 2.598575 -1.756116
v 0.062070 2.759727 -1.718275
v 0.046216 2.599258 -1.729545
v 0.031582 2.783075 -1.742290
v -0.000000 2.799830 -1.757937
v 0.065683 2.924266 -1.693245
v 0.031582 2.783075 -1.742290
v -0.000000 2.957527 -1.701196
v 0.111794 2.878041 -1.670562
v 0.031582 2.783075 -1.742290
v 0.065683 2.924266 -1.693245
v 0.062070 2.759727 -1.718275
v 0.395269 2.816508 -1.525493
v 0.395019 3.041694 -1.408802
v 0.529884 2.909148 -1.353709
v 0.254942 3.246582 1.205689
v 0.010962 3.304230 1.275717
v 0.256433 3.254383 1.344949
v 0.007427 3.277034 1.186332
v 0.322027 3.965800 2.438197
v 0.322406 3.860257 2.369102
v 0.322497 3.907102 2.314218
v 0.320796 3.913718 2.466348
v 0.193198 3.861514 2.050604
v 0.005138 4.003949 2.080665
v 0.233852 3.921780 2.161833
v 0.006405 3.972856 2.039742
v 0.246970 4.020859 2.434278
v -0.001978 4.085963 2.267663
v -0.009478 4.058957 2.412270
v 0.294119 3.967050 2.270286
v 0.318749 3.769625 2.157970
v 0.314822 3.682141 2.281266
v 0.336224 3.618397 2.175464
v 0.336292 3.803718 2.279560
v 0.320796 3.913718 2.466348
v 0.306478 3.886403 2.599247
v 0.315493 3.863620 2.587841
v 0.322027 3.965800 2.438197
v 0.199048 3.706481 2.704309
v 0.181977 3.619987 2.693475
v 0.208699 3.639217 2.667784
v 0.156944 3.714117 2.756531
v 0.409054 1.692198 0.831190
v 0.491398 1.577474 0.922132
v 0.393671 1.569208 0.869767
v 0.517370 1.708797 0.889179
v 0.522409 1.750079 1.089856
v 0.459605 1.599710 1.306687
v 0.506193 1.583798 1.080237
v 0.463923 1.778025 1.387256
v 0.517370 1.708797 0.889179
v 0.506193 1.583798 1.080237
v 0.491398 1.577474 0.922132
v 0.522409 1.750079 1.089856
v 0.463923 1.778025 1.387256
v 0.340577 1.618768 1.345367
v 0.459605 1.599710 1.306687
v 0.337030 1.796159 1.433722
v 0.276187 1.702728 0.886967
v 0.393671 1.569208 0.869767
v 0.277605 1.573262 0.917353
v 0.409054 1.692198 0.831190
v -0.000000 3.063462 -1.488128
v 0.111985 3.034968 -1.497950
v 0.065683 2.924266 -1.693245
v -0.000000 2.957527 -1.701196
v 0.111985 3.034968 -1.497950
v 0.169928 2.916297 -1.599270
v 0.126629 2.913573 -1.599242
v 0.239210 3.133477 -1.396222
v 0.126629 2.913573 -1.599242
v 0.065683 2.924266 -1.693245
v 0.111985 3.034968 -1.497950
v 0.111794 2.878041 -1.670562
v 0.426608 1.289371 -1.798759
v 0.476438 0.924780 -1.662246
v 0.413656 0.924638 -1.713088
v 0.537474 1.290438 -1.733241
v 0.447767 0.913004 -1.528113
v 0.487021 1.263322 -1.538733
v 0.349544 0.951374 -1.527710
v 0.365909 1.256584 -1.504820
v 0.330750 0.928788 -1.724003
v 0.426608 1.289371 -1.798759
v 0.413656 0.924638 -1.713088
v 0.280490 1.297541 -1.815834
v 0.489309 0.917010 -1.597456
v 0.487021 1.263322 -1.538733
v 0.447767 0.913004 -1.528113
v 0.560116 1.284181 -1.661234
v 0.476438 0.924780 -1.662246
v 0.560116 1.284181 -1.661234
v 0.489309 0.917010 -1.597456
v 0.537474 1.290438 -1.733241
v 0.285488 0.986313 -1.683865
v 0.280490 1.297541 -1.815834
v 0.330750 0.928788 -1.724003
v 0.224532 1.284837 -1.738660
v 0.448375 0.589108 -1.480737
v 0.386941 0.484707 -1.465728
v 0.462102 0.484095 -1.482857
v 0.385839 0.589909 -1.463613
v 0.474125 0.595245 -1.667902
v 0.486076 0.588979 -1.565791
v 0.500872 0.474787 -1.577862
v 0.385839 0.589909 -1.463613
v 0.331669 0.483872 -1.515140
v 0.386941 0.484707 -1.465728
v 0.322891 0.583645 -1.562235
v 0.330750 0.928788 -1.724003
v 0.312605 0.591558 -1.671804
v 0.285488 0.986313 -1.683865
v 0.341528 0.598903 -1.720780
v 0.474125 0.595245 -1.667902
v 0.489309 0.917010 -1.597456
v 0.486076 0.588979 -1.565791
v 0.476438 0.924780 -1.662246
v 0.385839 0.589909 -1.463613
v 0.310041 0.910876 -1.592702
v 0.322891 0.583645 -1.562235
v 0.349544 0.951374 -1.527710
v 0.310041 0.910876 -1.592702
v 0.312605 0.591558 -1.671804
v 0.322891 0.583645 -1.562235
v 0.285488 0.986313 -1.683865
v 0.486076 0.588979 -1.565791
v 0.447767 0.913004 -1.528113
v 0.448375 0.589108 -1.480737
v 0.489309 0.917010 -1.597456
v 0.486076 0.588979 -1.565791
v 0.462102 0.484095 -1.482857
v 0.500872 0.474787 -1.577862
v 0.448375 0.589108 -1.480737
v 0.322891 0.583645 -1.562235
v 0.312605 0.591558 -1.671804
v 0.331669 0.483872 -1.515140
v 0.556452 1.446489 -1.628486
v 0.487021 1.263322 -1.538733
v 0.560116 1.284181 -1.661234
v 0.483818 1.398088 -1.468104
v 0.426608 1.289371 -1.798759
v 0.538317 1.479513 -1.745090
v 0.537474 1.290438 -1.733241
v 0.422397 1.519157 -1.846485
v 0.487021 1.263322 -1.538733
v 0.362722 1.387091 -1.437238
v 0.365909 1.256584 -1.504820
v 0.483818 1.398088 -1.468104
v 0.341528 0.598903 -1.720780
v 0.413656 0.924638 -1.713088
v 0.416990 0.593839 -1.710761
v 0.330750 0.928788 -1.724003
v 0.447767 0.913004 -1.528113
v 0.385839 0.589909 -1.463613
v 0.448375 0.589108 -1.480737
v 0.349544 0.951374 -1.527710
v 0.416990 0.593839 -1.710761
v 0.476438 0.924780 -1.662246
v 0.474125 0.595245 -1.667902
v 0.413656 0.924638 -1.713088
v 0.190015 1.481003 -1.725378
v 0.246065 1.621039 -1.745645
v 0.263496 1.523663 -1.850535
v 0.224138 1.576772 -1.670369
v 0.530528 1.579252 -1.653795
v 0.556452 1.446489 -1.628486
v 0.538317 1.479513 -1.745090
v 0.546290 1.546307 -1.551176
v 0.546290 1.546307 -1.551176
v 0.483818 1.398088 -1.468104
v 0.556452 1.446489 -1.628486
v 0.480928 1.485531 -1.405314
v 0.537474 1.290438 -1.733241
v 0.556452 1.446489 -1.628486
v 0.560116 1.284181 -1.661234
v 0.538317 1.479513 -1.745090
v 0.190015 1.481003 -1.725378
v 0.280490 1.297541 -1.815834
v 0.224532 1.284837 -1.738660
v 0.263496 1.523663 -1.850535
v 0.280490 1.297541 -1.815834
v 0.422397 1.519157 -1.846485
v 0.426608 1.289371 -1.798759
v 0.263496 1.523663 -1.850535
v 0.480928 1.485531 -1.405314
v 0.365444 1.624301 -1.198485
v 0.359879 1.473481 -1.370099
v 0.472138 1.643434 -1.264683
v 0.246065 1.621039 -1.745645
v 0.384625 1.789308 -1.552460
v 0.419620 1.602701 -1.731650
v 0.219943 1.804927 -1.564063
v 0.531658 1.758073 -1.479995
v 0.546290 1.546307 -1.551176
v 0.530528 1.579252 -1.653795
v 0.553928 1.705505 -1.363945
v 0.419620 1.602701 -1.731650
v 0.263496 1.523663 -1.850535
v 0.246065 1.621039 -1.745645
v 0.422397 1.519157 -1.846485
v 0.483818 1.398088 -1.468104
v 0.359879 1.473481 -1.370099
v 0.362722 1.387091 -1.437238
v 0.480928 1.485531 -1.405314
v 0.419620 1.602701 -1.731650
v 0.538317 1.479513 -1.745090
v 0.422397 1.519157 -1.846485
v 0.530528 1.579252 -1.653795
v 0.472138 1.643434 -1.264683
v 0.556778 1.906346 -0.794907
v 0.365444 1.624301 -1.198485
v 0.372874 1.813112 -0.793424
v 0.176625 2.011854 -1.464248
v 0.384625 1.789308 -1.552460
v 0.219943 1.804927 -1.564063
v 0.373307 2.091418 -1.437034
v 0.612203 2.114135 -1.321592
v 0.553928 1.705505 -1.363945
v 0.531658 1.758073 -1.479995
v 0.642164 1.984455 -0.984278
v 0.419620 1.602701 -1.731650
v 0.531658 1.758073 -1.479995
v 0.530528 1.579252 -1.653795
v 0.384625 1.789308 -1.552460
v 0.553928 1.705505 -1.363945
v 0.480928 1.485531 -1.405314
v 0.546290 1.546307 -1.551176
v 0.472138 1.643434 -1.264683
v 0.286252 2.879367 -1.586419
v 0.395019 3.041694 -1.408802
v 0.395269 2.816508 -1.525493
v 0.612203 2.114135 -1.321592
v 0.687686 2.310272 -0.881337
v 0.642164 1.984455 -0.984278
v 0.672600 2.425205 -1.275988
v 0.479212 2.060474 -0.440453
v 0.296061 2.036180 -0.685171
v 0.372874 1.813112 -0.793424
v 0.687686 2.310272 -0.881337
v 0.556778 1.906346 -0.794907
v 0.642164 1.984455 -0.984278
v 0.571006 2.117981 -0.568588
v 0.431816 2.473550 -1.464996
v 0.612203 2.114135 -1.321592
v 0.373307 2.091418 -1.437034
v 0.672600 2.425205 -1.275988
v 0.373307 2.091418 -1.437034
v 0.531658 1.758073 -1.479995
v 0.384625 1.789308 -1.552460
v 0.612203 2.114135 -1.321592
v 0.553928 1.705505 -1.363945
v 0.642164 1.984455 -0.984278
v 0.472138 1.643434 -1.264683
v 0.556778 1.906346 -0.794907
v 0.271905 3.217960 -0.554484
v 0.425873 3.170026 -0.873876
v 0.240223 3.305441 -0.903901
v 0.458750 2.998099 -0.482533
v 0.000114 3.175468 -1.332078
v 0.239210 3.133477 -1.396222
v 0.111985 3.034968 -1.497950
v -0.000000 3.063462 -1.488128
v 0.497404 2.697176 -0.380492
v 0.479212 2.060474 -0.440453
v 0.571006 2.117981 -0.568588
v 0.564987 2.691084 -0.502437
v 0.431816 2.473550 -1.464996
v 0.666546 2.706148 -1.305441
v 0.672600 2.425205 -1.275988
v 0.420801 2.678660 -1.522298
v 0.672600 2.425205 -1.275988
v 0.690413 2.720985 -0.867611
v 0.687686 2.310272 -0.881337
v 0.666546 2.706148 -1.305441
v 0.666546 2.706148 -1.305441
v 0.541564 2.985702 -0.885993
v 0.690413 2.720985 -0.867611
v 0.529884 2.909148 -1.353709
v 0.690413 2.720985 -0.867611
v 0.493407 2.929085 -0.590732
v 0.564987 2.691084 -0.502437
v 0.541564 2.985702 -0.885993
v 0.321738 0.451793 1.001336
v 0.362700 0.955239 0.955266
v 0.385948 0.445179 1.000410
v 0.299621 0.957525 0.979929
v 0.308269 0.449697 1.046437
v 0.299621 0.957525 0.979929
v 0.321738 0.451793 1.001336
v 0.281183 0.957785 1.106238
v 0.441464 0.472982 1.116733
v 0.417163 0.957673 1.190990
v 0.408639 0.466401 1.169704
v 0.462108 0.958533 1.096131
v 0.362700 0.955239 0.955266
v 0.432816 0.451298 1.038834
v 0.385948 0.445179 1.000410
v 0.446898 0.953955 0.992108
v 0.355630 0.466182 1.185732
v 0.311962 0.957782 1.185620
v 0.301902 0.466656 1.132721
v 0.365790 0.963722 1.204744
v 0.417163 0.957673 1.190990
v 0.355630 0.466182 1.185732
v 0.408639 0.466401 1.169704
v 0.365790 0.963722 1.204744
v 0.446898 0.953955 0.992108
v 0.441464 0.472982 1.116733
v 0.432816 0.451298 1.038834
v 0.462108 0.958533 1.096131
v 0.301902 0.466656 1.132721
v 0.281183 0.957785 1.106238
v 0.308269 0.449697 1.046437
v 0.311962 0.957782 1.185620
v 0.296300 1.253519 1.195909
v 0.256739 1.130507 1.112743
v 0.289642 1.130613 1.218031
v 0.261684 1.232879 1.098813
v 0.311962 0.957782 1.185620
v 0.256739 1.130507 1.112743
v 0.281183 0.957785 1.106238
v 0.289642 1.130613 1.218031
v 0.468605 1.125324 0.976696
v 0.462108 0.958533 1.096131
v 0.446898 0.953955 0.992108
v 0.488914 1.131544 1.106090
v 0.256739 1.130507 1.112743
v 0.299621 0.957525 0.979929
v 0.281183 0.957785 1.106238
v 0.273054 1.129975 0.960522
v 0.299621 0.957525 0.979929
v 0.356809 1.126929 0.927778
v 0.362700 0.955239 0.955266
v 0.273054 1.129975 0.960522
v 0.488914 1.131544 1.106090
v 0.417163 0.957673 1.190990
v 0.462108 0.958533 1.096131
v 0.429326 1.130464 1.225158
v 0.356809 1.126929 0.927778
v 0.446898 0.953955 0.992108
v 0.362700 0.955239 0.955266
v 0.468605 1.125324 0.976696
v 0.365790 0.963722 1.204744
v 0.289642 1.130613 1.218031
v 0.311962 0.957782 1.185620
v 0.361114 1.138509 1.243416
v 0.429326 1.130464 1.225158
v 0.365790 0.963722 1.204744
v 0.417163 0.957673 1.190990
v 0.361114 1.138509 1.243416
v 0.361114 1.138509 1.243416
v 0.296300 1.253519 1.195909
v 0.289642 1.130613 1.218031
v 0.362687 1.261022 1.219397
v 0.426042 1.253425 1.202515
v 0.361114 1.138509 1.243416
v 0.429326 1.130464 1.225158
v 0.362687 1.261022 1.219397
v 0.468605 1.125324 0.976696
v 0.481460 1.288160 1.087388
v 0.488914 1.131544 1.106090
v 0.462723 1.312285 0.958163
v 0.261684 1.232879 1.098813
v 0.273054 1.129975 0.960522
v 0.256739 1.130507 1.112743
v 0.273219 1.323186 0.958738
v 0.273219 1.323186 0.958738
v 0.356809 1.126929 0.927778
v 0.273054 1.129975 0.960522
v 0.358809 1.331283 0.919022
v 0.488914 1.131544 1.106090
v 0.426042 1.253425 1.202515
v 0.429326 1.130464 1.225158
v 0.481460 1.288160 1.087388
v 0.356809 1.126929 0.927778
v 0.462723 1.312285 0.958163
v 0.468605 1.125324 0.976696
v 0.358809 1.331283 0.919022
v 0.277605 1.573262 0.917353
v 0.358809 1.331283 0.919022
v 0.273219 1.323186 0.958738
v 0.393671 1.569208 0.869767
v 0.459605 1.599710 1.306687
v 0.362687 1.261022 1.219397
v 0.426042 1.253425 1.202515
v 0.340577 1.618768 1.345367
v 0.462723 1.312285 0.958163
v 0.506193 1.583798 1.080237
v 0.481460 1.288160 1.087388
v 0.491398 1.577474 0.922132
v 0.506193 1.583798 1.080237
v 0.426042 1.253425 1.202515
v 0.481460 1.288160 1.087388
v 0.459605 1.599710 1.306687
v 0.393671 1.569208 0.869767
v 0.462723 1.312285 0.958163
v 0.358809 1.331283 0.919022
v 0.491398 1.577474 0.922132
v 0.475820 1.966970 1.435035
v 0.337030 1.796159 1.433722
v 0.463923 1.778025 1.387256
v 0.347517 1.982062 1.536615
v 0.552346 1.851761 0.858230
v 0.542406 1.930596 1.125771
v 0.522409 1.750079 1.089856
v 0.517370 1.708797 0.889179
v 0.396798 1.876232 0.752050
v 0.255417 1.866244 0.856265
v 0.259583 1.871900 0.744254
v 0.396798 1.876232 0.752050
v 0.517370 1.708797 0.889179
v 0.409054 1.692198 0.831190
v 0.552346 1.851761 0.858230
v 0.553612 2.109135 0.730763
v 0.547046 2.599713 0.850710
v 0.583943 2.284710 0.917742
v 0.591591 2.101948 0.854956
v 0.540663 2.220683 1.443683
v 0.347517 1.982062 1.536615
v 0.475820 1.966970 1.435035
v 0.531647 2.313206 1.555638
v 0.396798 1.876232 0.752050
v 0.591591 2.101948 0.854956
v 0.552346 1.851761 0.858230
v 0.553612 2.109135 0.730763
v 0.542406 1.930596 1.125771
v 0.591591 2.101948 0.854956
v 0.597475 2.176219 1.141332
v 0.552346 1.851761 0.858230
v 0.583943 2.284710 0.917742
v 0.597475 2.176219 1.141332
v 0.591591 2.101948 0.854956
v 0.577417 2.353893 1.114550
v 0.597475 2.176219 1.141332
v 0.558001 2.390412 1.233669
v 0.540663 2.220683 1.443683
v 0.577417 2.353893 1.114550
v 0.475820 1.966970 1.435035
v 0.597475 2.176219 1.141332
v 0.540663 2.220683 1.443683
v 0.542406 1.930596 1.125771
v 0.542406 1.930596 1.125771
v 0.463923 1.778025 1.387256
v 0.522409 1.750079 1.089856
v 0.475820 1.966970 1.435035
v 0.527257 2.653092 1.077581
v 0.441499 3.100879 0.841083
v 0.483761 3.138420 1.016124
v 0.547046 2.599713 0.850710
v 0.547046 2.599713 0.850710
v 0.577417 2.353893 1.114550
v 0.583943 2.284710 0.917742
v 0.527257 2.653092 1.077581
v 0.275456 3.229410 0.828272
v 0.005500 3.293727 0.952667
v 0.272505 3.270718 0.988247
v 0.004281 3.243185 0.817078
v 0.441499 3.100879 0.841083
v 0.272505 3.270718 0.988247
v 0.483761 3.138420 1.016124
v 0.275456 3.229410 0.828272
v 0.089195 3.461945 2.964751
v 0.142302 3.496484 2.801831
v 0.092084 3.561052 2.868598
v 0.127971 3.396831 2.933778
v 0.142302 3.496484 2.801831
v 0.138022 3.315931 2.852706
v 0.150813 3.384477 2.741003
v 0.127971 3.396831 2.933778
v 0.092084 3.561052 2.868598
v 0.149988 3.562717 2.732464
v 0.124397 3.644800 2.792791
v 0.142302 3.496484 2.801831
v 0.169671 3.438098 2.660748
v 0.142302 3.496484 2.801831
v 0.150813 3.384477 2.741003
v 0.149988 3.562717 2.732464
v 0.150813 3.384477 2.741003
v 0.160529 3.379272 2.635936
v 0.169671 3.438098 2.660748
v 0.138744 3.336590 2.720122
v 0.138744 3.336590 2.720122
v 0.106773 3.238517 2.788744
v 0.117236 3.267734 2.690066
v 0.132276 3.287085 2.829400
v 0.005138 4.003949 2.080665
v 0.252116 3.983213 2.218970
v 0.233852 3.921780 2.161833
v 0.001806 4.060881 2.176796
v 0.132276 3.287085 2.829400
v 0.138744 3.336590 2.720122
v 0.150813 3.384477 2.741003
v 0.138022 3.315931 2.852706
v 0.306478 3.886403 2.599247
v 0.232464 3.765454 2.681280
v 0.315493 3.863620 2.587841
v 0.172286 3.752709 2.743876
v 0.273999 3.430151 2.503487
v 0.169671 3.438098 2.660748
v 0.160529 3.379272 2.635936
v 0.269672 3.522228 2.519554
v 0.208699 3.639217 2.667784
v 0.269672 3.522228 2.519554
v 0.281471 3.591680 2.529042
v 0.181977 3.619987 2.693475
v 0.329408 3.810853 2.325237
v 0.322406 3.860257 2.369102
v 0.326157 3.790463 2.370898
v 0.322497 3.907102 2.314218
v 0.269672 3.522228 2.519554
v 0.273999 3.430151 2.503487
v 0.304712 3.472518 2.400461
v 0.292896 3.599093 2.394513
v 0.393468 3.152022 1.409339
v 0.532894 2.677041 1.282280
v 0.432089 3.159114 1.203723
v 0.535065 2.771516 1.500312
v 0.272505 3.270718 0.988247
v 0.254942 3.246582 1.205689
v 0.432089 3.159114 1.203723
v 0.483761 3.138420 1.016124
v 0.272505 3.270718 0.988247
v 0.007427 3.277034 1.186332
v 0.254942 3.246582 1.205689
v 0.005500 3.293727 0.952667
v 0.004281 3.243185 0.817078
v 0.265698 3.126390 0.646674
v -0.000000 3.153824 0.646605
v 0.275456 3.229410 0.828272
v 0.450358 2.988351 0.646905
v 0.275456 3.229410 0.828272
v 0.441499 3.100879 0.841083
v 0.265698 3.126390 0.646674
v 0.531647 2.313206 1.555638
v 0.558001 2.390412 1.233669
v 0.532894 2.677041 1.282280
v 0.540663 2.220683 1.443683
v 0.527257 2.653092 1.077581
v 0.432089 3.159114 1.203723
v 0.532894 2.677041 1.282280
v 0.483761 3.138420 1.016124
v 0.547046 2.599713 0.850710
v 0.507296 2.596535 0.572715
v 0.450358 2.988351 0.646905
v 0.441499 3.100879 0.841083
v 0.553612 2.109135 0.730763
v 0.507296 2.596535 0.572715
v 0.547046 2.599713 0.850710
v 0.470398 2.081434 0.575713
v 0.432089 3.159114 1.203723
v 0.254942 3.246582 1.205689
v 0.256433 3.254383 1.344949
v 0.393468 3.152022 1.409339
v 0.395019 3.041694 -1.408802
v 0.541564 2.985702 -0.885993
v 0.529884 2.909148 -1.353709
v 0.425873 3.170026 -0.873876
v 0.239210 3.133477 -1.396222
v 0.286252 2.879367 -1.586419
v 0.169928 2.916297 -1.599270
v 0.395019 3.041694 -1.408802
v 0.240223 3.305441 -0.903901
v 0.395019 3.041694 -1.408802
v 0.239210 3.133477 -1.396222
v 0.425873 3.170026 -0.873876
v 0.240223 3.305441 -0.903901
v 0.000114 3.175468 -1.332078
v -0.004454 3.340449 -0.911570
v 0.239210 3.133477 -1.396222
v 0.425873 3.170026 -0.873876
v 0.493407 2.929085 -0.590732
v 0.541564 2.985702 -0.885993
v 0.458750 2.998099 -0.482533
v 0.458750 2.998099 -0.482533
v 0.497404 2.697176 -0.380492
v 0.564987 2.691084 -0.502437
v 0.493407 2.929085 -0.590732
v 0.564987 2.691084 -0.502437
v 0.571006 2.117981 -0.568588
v 0.687686 2.310272 -0.881337
v 0.690413 2.720985 -0.867611
v 0.188174 1.921817 -0.569109
v 0.296061 2.036180 -0.685171
v 0.479212 2.060474 -0.440453
v 0.571006 2.117981 -0.568588
v 0.372874 1.813112 -0.793424
v 0.556778 1.906346 -0.794907
v 0.479212 2.060474 -0.440453
v 0.420801 2.678660 -1.522298
v 0.529884 2.909148 -1.353709
v 0.666546 2.706148 -1.305441
v 0.395269 2.816508 -1.525493
v 0.477473 2.081644 -0.276647
v 0.537782 2.652668 -0.045402
v 0.488997 2.065903 -0.030663
v 0.520208 2.686694 -0.268328
v 0.520208 2.686694 -0.268328
v 0.480802 2.895685 -0.052117
v 0.537782 2.652668 -0.045402
v 0.463082 2.992057 -0.301085
v 0.497404 2.697176 -0.380492
v 0.463082 2.992057 -0.301085
v 0.520208 2.686694 -0.268328
v 0.458750 2.998099 -0.482533
v 0.477473 2.081644 -0.276647
v 0.497404 2.697176 -0.380492
v 0.520208 2.686694 -0.268328
v 0.479212 2.060474 -0.440453
v 0.489409 2.052803 0.286224
v 0.279775 1.886385 0.570406
v 0.281122 1.829626 0.245485
v 0.470398 2.081434 0.575713
v 0.488997 2.065903 -0.030663
v 0.281122 1.829626 0.245485
v 0.310260 1.822465 -0.050663
v 0.489409 2.052803 0.286224
v 0.458750 2.998099 -0.482533
v 0.274012 3.150733 -0.307640
v 0.463082 2.992057 -0.301085
v 0.271905 3.217960 -0.554484
v 0.313007 3.057225 -0.037039
v 0.463082 2.992057 -0.301085
v 0.274012 3.150733 -0.307640
v 0.480802 2.895685 -0.052117
v 0.274012 3.150733 -0.307640
v -0.000000 3.095665 -0.034201
v 0.313007 3.057225 -0.037039
v -0.000971 3.187142 -0.322166
v -0.000971 3.187142 -0.322166
v 0.271905 3.217960 -0.554484
v -0.002528 3.274364 -0.609282
v 0.274012 3.150733 -0.307640
v 0.276187 1.702728 0.886967
v 0.396798 1.876232 0.752050
v 0.409054 1.692198 0.831190
v 0.255417 1.866244 0.856265
v 0.527257 2.653092 1.077581
v 0.558001 2.390412 1.233669
v 0.577417 2.353893 1.114550
v 0.532894 2.677041 1.282280
v 0.470398 2.081434 0.575713
v 0.396798 1.876232 0.752050
v 0.279775 1.886385 0.570406
v 0.553612 2.109135 0.730763
v 0.396798 1.876232 0.752050
v 0.259583 1.871900 0.744254
v 0.279775 1.886385 0.570406
v 0.494845 2.900639 0.230343
v 0.313007 3.057225 -0.037039
v 0.322168 3.066472 0.248031
v 0.480802 2.895685 -0.052117
v 0.322168 3.066472 0.248031
v 0.265698 3.126390 0.646674
v 0.450358 2.988351 0.646905
v 0.494845 2.900639 0.230343
v 0.265698 3.126390 0.646674
v -0.000000 3.099529 0.239606
v -0.000000 3.153824 0.646605
v 0.322168 3.066472 0.248031
v -0.000000 3.099529 0.239606
v 0.313007 3.057225 -0.037039
v -0.000000 3.095665 -0.034201
v 0.322168 3.066472 0.248031
v 0.477473 2.081644 -0.276647
v 0.310260 1.822465 -0.050663
v 0.251272 1.860226 -0.351446
v 0.488997 2.065903 -0.030663
v 0.477473 2.081644 -0.276647
v 0.251272 1.860226 -0.351446
v 0.479212 2.060474 -0.440453
v 0.188174 1.921817 -0.569109
v 0.489409 2.052803 0.286224
v 0.507296 2.596535 0.572715
v 0.470398 2.081434 0.575713
v 0.557400 2.621089 0.209752
v 0.507296 2.596535 0.572715
v 0.494845 2.900639 0.230343
v 0.450358 2.988351 0.646905
v 0.557400 2.621089 0.209752
v 0.537782 2.652668 -0.045402
v 0.494845 2.900639 0.230343
v 0.557400 2.621089 0.209752
v 0.480802 2.895685 -0.052117
v 0.557400 2.621089 0.209752
v 0.489409 2.052803 0.286224
v 0.488997 2.065903 -0.030663
v 0.537782 2.652668 -0.045402
v -0.002528 3.274364 -0.609282
v 0.240223 3.305441 -0.903901
v -0.004454 3.340449 -0.911570
v 0.271905 3.217960 -0.554484
v -0.049813 3.470102 2.984730
v -0.046126 3.512093 2.926936
v -0.090391 3.466655 2.978591
v -0.326925 3.776283 2.580751
v -0.366854 3.818510 2.541343
v -0.352985 3.813046 2.537636
v -0.335842 3.776819 2.591146
v -0.352448 3.729087 2.483294
v -0.341003 3.736316 2.488581
v -0.342835 3.754905 2.465710
v -0.354811 3.750964 2.456775
v -0.314208 3.740585 2.593889
v -0.331913 3.713300 2.577390
v -0.321254 3.735008 2.606084
v -0.323863 3.722468 2.569375
v -0.349874 3.711086 2.526827
v -0.323863 3.722468 2.569375
v -0.338698 3.720886 2.526039
v -0.331913 3.713300 2.577390
v -0.349874 3.711086 2.526827
v -0.338698 3.720886 2.526039
v -0.341003 3.736316 2.488581
v -0.352448 3.729087 2.483294
v -0.356274 3.802929 2.467178
v -0.368484 3.832024 2.497932
v -0.370458 3.807954 2.458874
v -0.354235 3.824685 2.500320
v -0.354811 3.750964 2.456775
v -0.342835 3.754905 2.465710
v -0.347594 3.782433 2.454122
v -0.360507 3.783536 2.443483
v -0.335842 3.776819 2.591146
v -0.314208 3.740585 2.593889
v -0.321254 3.735008 2.606084
v -0.326925 3.776283 2.580751
v -0.354235 3.824685 2.500320
v -0.366854 3.818510 2.541343
v -0.368484 3.832024 2.497932
v -0.352985 3.813046 2.537636
v -0.360507 3.783536 2.443483
v -0.347594 3.782433 2.454122
v -0.356274 3.802929 2.467178
v -0.370458 3.807954 2.458874
v -0.032433 3.737849 2.744557
v -0.197090 3.651900 2.777443
v -0.036419 3.671723 2.797449
v -0.222951 3.722507 2.738395
v -0.268285 4.032239 2.409679
v -0.349094 3.900883 2.567950
v -0.248925 3.917342 2.594810
v -0.345726 3.980548 2.406318
v -0.030303 3.790066 2.724097
v -0.222951 3.722507 2.738395
v -0.032433 3.737849 2.744557
v -0.235303 3.761711 2.724418
v -0.021426 3.921556 2.598967
v -0.235303 3.761711 2.724418
v -0.030303 3.790066 2.724097
v -0.248925 3.917342 2.594810
v -0.349094 3.900883 2.567950
v -0.235303 3.761711 2.724418
v -0.248925 3.917342 2.594810
v -0.036419 3.671723 2.797449
v -0.175862 3.566970 2.855806
v -0.042058 3.578219 2.872299
v -0.197090 3.651900 2.777443
v -0.046126 3.512093 2.926936
v -0.175862 3.566970 2.855806
v -0.186511 3.468035 2.951589
v -0.090391 3.466655 2.978591
v -0.042058 3.578219 2.872299
v -0.248925 3.917342 2.594810
v -0.009478 4.058957 2.412270
v -0.268285 4.032239 2.409679
v -0.021426 3.921556 2.598967
v -0.049813 3.470102 2.984730
v -0.009026 3.464858 2.982476
v -0.046126 3.512093 2.926936
v 0.323044 3.803273 2.574280
v 0.285624 3.763093 2.620815
v 0.277723 3.762929 2.609617
v 0.309363 3.798417 2.569257
v 0.310305 3.714450 2.514934
v 0.303557 3.740629 2.496569
v 0.298739 3.722187 2.519122
v 0.316145 3.736145 2.488806
v 0.262253 3.727853 2.621409
v 0.280229 3.699780 2.606613
v 0.273390 3.709277 2.597888
v 0.267853 3.721997 2.634208
v 0.273390 3.709277 2.597888
v 0.302807 3.696670 2.557986
v 0.292200 3.706952 2.556158
v 0.280229 3.699780 2.606613
v 0.302807 3.696670 2.557986
v 0.298739 3.722187 2.519122
v 0.292200 3.706952 2.556158
v 0.310305 3.714450 2.514934
v 0.329394 3.816610 2.531249
v 0.318898 3.788018 2.499411
v 0.334016 3.792396 2.492506
v 0.314673 3.809912 2.532254
v 0.316145 3.736145 2.488806
v 0.310606 3.767896 2.485545
v 0.303557 3.740629 2.496569
v 0.324509 3.768407 2.476186
v 0.285624 3.763093 2.620815
v 0.267853 3.721997 2.634208
v 0.262253 3.727853 2.621409
v 0.277723 3.762929 2.609617
v 0.323044 3.803273 2.574280
v 0.314673 3.809912 2.532254
v 0.329394 3.816610 2.531249
v 0.309363 3.798417 2.569257
v 0.324509 3.768407 2.476186
v 0.318898 3.788018 2.499411
v 0.310606 3.767896 2.485545
v 0.334016 3.792396 2.492506
v 0.124397 3.644800 2.792791
v -0.032433 3.737849 2.744557
v -0.036419 3.671723 2.797449
v 0.156944 3.714117 2.756531
v 0.246970 4.020859 2.434278
v 0.205028 3.907315 2.616482
v 0.306478 3.886403 2.599247
v 0.322027 3.965800 2.438197
v 0.156944 3.714117 2.756531
v -0.030303 3.790066 2.724097
v -0.032433 3.737849 2.744557
v 0.172286 3.752709 2.743876
v 0.172286 3.752709 2.743876
v -0.021426 3.921556 2.598967
v -0.030303 3.790066 2.724097
v 0.205028 3.907315 2.616482
v 0.306478 3.886403 2.599247
v 0.205028 3.907315 2.616482
v 0.172286 3.752709 2.743876
v 0.092084 3.561052 2.868598
v -0.036419 3.671723 2.797449
v -0.042058 3.578219 2.872299
v 0.124397 3.644800 2.792791
v 0.092084 3.561052 2.868598
v -0.046126 3.512093 2.926936
v 0.089195 3.461945 2.964751
v -0.042058 3.578219 2.872299
v -0.009026 3.464858 2.982476
v 0.205028 3.907315 2.616482
v -0.009478 4.058957 2.412270
v -0.021426 3.921556 2.598967
v 0.246970 4.020859 2.434278
v -0.122219 3.400270 3.089417
v -0.209361 3.345175 3.018773
v -0.123367 3.319204 3.063278
v -0.200132 3.407363 3.046020
v -0.054259 3.203901 2.954701
v -0.114821 3.217907 2.992230
v -0.108986 3.211073 2.949980
v -0.056436 3.203456 3.000102
v -0.122219 3.400270 3.089417
v -0.123367 3.319204 3.063278
v -0.057682 3.313085 3.076914
v -0.056146 3.409572 3.089385
v -0.053107 3.432585 3.036366
v -0.122219 3.400270 3.089417
v -0.056146 3.409572 3.089385
v -0.107881 3.448701 2.999002
v -0.057682 3.313085 3.076914
v -0.123367 3.319204 3.063278
v -0.114821 3.217907 2.992230
v -0.056436 3.203456 3.000102
v -0.200132 3.407363 3.046020
v -0.107881 3.448701 2.999002
v -0.191420 3.440189 2.986347
v -0.122219 3.400270 3.089417
v -0.331425 0.284973 0.956111
v -0.340912 0.297682 1.016990
v -0.341491 0.382505 0.979615
v -0.330446 0.267306 0.981577
v -0.286152 0.331901 1.020223
v -0.331425 0.284973 0.956111
v -0.341491 0.382505 0.979615
v -0.301010 0.274378 0.974069
v -0.330446 0.267306 0.981577
v -0.331425 0.284973 0.956111
v -0.301010 0.274378 0.974069
v -0.449638 0.333752 1.023279
v -0.386737 0.284683 0.953566
v -0.420012 0.274697 0.973121
v -0.382813 0.382571 0.989170
v -0.382313 0.300391 1.019304
v -0.386737 0.284683 0.953566
v -0.382813 0.382571 0.989170
v -0.386443 0.267757 0.988252
v -0.340912 0.297682 1.016990
v -0.330446 0.267306 0.981577
v -0.301010 0.274378 0.974069
v -0.286152 0.331901 1.020223
v -0.386737 0.284683 0.953566
v -0.386443 0.267757 0.988252
v -0.420012 0.274697 0.973121
v -0.400187 0.009704 1.128017
v -0.480175 0.009704 1.235342
v -0.462339 0.009704 1.162841
v -0.297440 0.009704 1.132636
v -0.480175 0.009704 1.235342
v -0.257034 0.009704 1.238078
v -0.441545 0.015007 1.339846
v -0.297440 0.009704 1.132636
v -0.441545 0.015007 1.339846
v -0.270378 0.015007 1.338277
v -0.355808 0.014212 1.397811
v -0.257034 0.009704 1.238078
v -0.292539 0.110074 1.210605
v -0.257034 0.009704 1.238078
v -0.297440 0.009704 1.132636
v -0.320086 0.093068 1.119667
v -0.432511 0.094135 1.146993
v -0.400187 0.009704 1.128017
v -0.462339 0.009704 1.162841
v -0.390137 0.089499 1.116174
v -0.444671 0.112443 1.206813
v -0.480175 0.009704 1.235342
v -0.441545 0.015007 1.339846
v -0.418334 0.144832 1.229040
v -0.320086 0.093068 1.119667
v -0.297440 0.009704 1.132636
v -0.400187 0.009704 1.128017
v -0.390137 0.089499 1.116174
v -0.301636 0.139584 1.230178
v -0.355808 0.014212 1.397811
v -0.270378 0.015007 1.338277
v -0.359879 0.186032 1.255094
v -0.418334 0.144832 1.229040
v -0.441545 0.015007 1.339846
v -0.355808 0.014212 1.397811
v -0.359879 0.186032 1.255094
v -0.292539 0.110074 1.210605
v -0.270378 0.015007 1.338277
v -0.257034 0.009704 1.238078
v -0.301636 0.139584 1.230178
v -0.444671 0.112443 1.206813
v -0.462339 0.009704 1.162841
v -0.480175 0.009704 1.235342
v -0.432511 0.094135 1.146993
v -0.382313 0.300391 1.019304
v -0.420012 0.274697 0.973121
v -0.386443 0.267757 0.988252
v -0.449638 0.333752 1.023279
v -0.344071 0.338614 -1.765594
v -0.362224 0.334941 -1.693122
v -0.361674 0.440860 -1.735514
v -0.343230 0.312538 -1.740305
v -0.296968 0.368709 -1.686172
v -0.344071 0.338614 -1.765594
v -0.361674 0.440860 -1.735514
v -0.302197 0.322322 -1.746905
v -0.343230 0.312538 -1.740305
v -0.344071 0.338614 -1.765594
v -0.302197 0.322322 -1.746905
v -0.490873 0.370290 -1.685238
v -0.420716 0.338882 -1.769333
v -0.467087 0.322992 -1.749523
v -0.410838 0.440148 -1.726547
v -0.411321 0.337408 -1.690974
v -0.420716 0.338882 -1.769333
v -0.410838 0.440148 -1.726547
v -0.420919 0.311525 -1.733186
v -0.343230 0.312538 -1.740305
v -0.296968 0.368709 -1.686172
v -0.362224 0.334941 -1.693122
v -0.302197 0.322322 -1.746905
v -0.420716 0.338882 -1.769333
v -0.420919 0.311525 -1.733186
v -0.467087 0.322992 -1.749523
v -0.209361 3.345175 3.018773
v -0.200132 3.407363 3.046020
v -0.191420 3.440189 2.986347
v -0.148829 3.231175 2.975060
v -0.139510 3.215288 2.947271
v -0.108986 3.211073 2.949980
v -0.114821 3.217907 2.992230
v -0.435570 0.009703 -1.581194
v -0.530458 0.009703 -1.473164
v -0.509300 0.009703 -1.546142
v -0.313684 0.009703 -1.576544
v -0.530458 0.009703 -1.473164
v -0.265751 0.009703 -1.470410
v -0.484631 0.015007 -1.367974
v -0.313684 0.009703 -1.576544
v -0.484631 0.015007 -1.367974
v -0.281581 0.015007 -1.369553
v -0.382924 0.014212 -1.309629
v -0.265751 0.009703 -1.470410
v -0.307869 0.110074 -1.498064
v -0.265751 0.009703 -1.470410
v -0.313684 0.009703 -1.576544
v -0.340549 0.093068 -1.589599
v -0.473915 0.094134 -1.562094
v -0.435570 0.009703 -1.581194
v -0.509300 0.009703 -1.546142
v -0.423648 0.089499 -1.593114
v -0.457097 0.155994 -1.443540
v -0.530458 0.009703 -1.473164
v -0.484631 0.015007 -1.367974
v -0.488340 0.112443 -1.501881
v -0.340549 0.093068 -1.589599
v -0.313684 0.009703 -1.576544
v -0.435570 0.009703 -1.581194
v -0.423648 0.089499 -1.593114
v -0.318661 0.150746 -1.442394
v -0.382924 0.014212 -1.309629
v -0.281581 0.015007 -1.369553
v -0.387755 0.197194 -1.417315
v -0.457097 0.155994 -1.443540
v -0.484631 0.015007 -1.367974
v -0.382924 0.014212 -1.309629
v -0.387755 0.197194 -1.417315
v -0.318661 0.150746 -1.442394
v -0.281581 0.015007 -1.369553
v -0.265751 0.009703 -1.470410
v -0.307869 0.110074 -1.498064
v -0.488340 0.112443 -1.501881
v -0.509300 0.009703 -1.546142
v -0.530458 0.009703 -1.473164
v -0.473915 0.094134 -1.562094
v -0.490873 0.370290 -1.685238
v -0.467087 0.322992 -1.749523
v -0.420919 0.311525 -1.733186
v -0.411321 0.337408 -1.690974
v -0.123367 3.319204 3.063278
v -0.148829 3.231175 2.975060
v -0.114821 3.217907 2.992230
v -0.209361 3.345175 3.018773
v 0.100110 3.338339 3.033548
v 0.009150 3.397369 3.095688
v 0.009209 3.316276 3.069607
v 0.091077 3.400931 3.059922
v -0.054259 3.203901 2.954701
v 0.003013 3.215304 2.997855
v -0.056436 3.203456 3.000102
v 0.000932 3.208646 2.955228
v 0.009150 3.397369 3.095688
v -0.057682 3.313085 3.076914
v 0.009209 3.316276 3.069607
v -0.056146 3.409572 3.089385
v 0.009150 3.397369 3.095688
v -0.053107 3.432585 3.036366
v -0.056146 3.409572 3.089385
v 0.005633 3.446194 3.004421
v 0.003013 3.215304 2.997855
v -0.057682 3.313085 3.076914
v -0.056436 3.203456 3.000102
v 0.009209 3.316276 3.069607
v 0.091077 3.400931 3.059922
v 0.005633 3.446194 3.004421
v 0.009150 3.397369 3.095688
v 0.089541 3.433984 2.999760
v 0.340913 0.297681 1.016995
v 0.331426 0.284972 0.956117
v 0.341492 0.382504 0.979623
v 0.330447 0.267306 0.981583
v 0.301011 0.274377 0.974075
v 0.286153 0.331900 1.020231
v 0.331426 0.284972 0.956117
v 0.341492 0.382504 0.979623
v 0.330447 0.267306 0.981583
v 0.301011 0.274377 0.974075
v 0.331426 0.284972 0.956117
v 0.449639 0.333752 1.023286
v 0.386739 0.284683 0.953572
v 0.382815 0.382570 0.989177
v 0.420013 0.274696 0.973127
v 0.382314 0.300391 1.019309
v 0.382815 0.382570 0.989177
v 0.386739 0.284683 0.953572
v 0.386444 0.267757 0.988257
v 0.340913 0.297681 1.016995
v 0.301011 0.274377 0.974075
v 0.330447 0.267306 0.981583
v 0.286153 0.331900 1.020231
v 0.386739 0.284683 0.953572
v 0.420013 0.274696 0.973127
v 0.386444 0.267757 0.988257
v 0.480176 0.009704 1.235342
v 0.400187 0.009704 1.128017
v 0.462340 0.009704 1.162841
v 0.297440 0.009704 1.132636
v 0.480176 0.009704 1.235342
v 0.257034 0.009704 1.238078
v 0.297440 0.009704 1.132636
v 0.441545 0.015007 1.339846
v 0.441545 0.015007 1.339846
v 0.270378 0.015007 1.338277
v 0.257034 0.009704 1.238078
v 0.355808 0.014212 1.397812
v 0.292539 0.110074 1.210605
v 0.297440 0.009704 1.132636
v 0.257034 0.009704 1.238078
v 0.320087 0.093068 1.119667
v 0.400187 0.009704 1.128017
v 0.432511 0.094135 1.146993
v 0.462340 0.009704 1.162841
v 0.390137 0.089499 1.116174
v 0.444671 0.112443 1.206813
v 0.441545 0.015007 1.339846
v 0.480176 0.009704 1.235342
v 0.418334 0.144832 1.229040
v 0.320087 0.093068 1.119667
v 0.400187 0.009704 1.128017
v 0.297440 0.009704 1.132636
v 0.390137 0.089499 1.116174
v 0.301636 0.139584 1.230178
v 0.355808 0.014212 1.397812
v 0.359879 0.186032 1.255094
v 0.270378 0.015007 1.338277
v 0.418334 0.144832 1.229040
v 0.355808 0.014212 1.397812
v 0.441545 0.015007 1.339846
v 0.359879 0.186032 1.255094
v 0.292539 0.110074 1.210605
v 0.270378 0.015007 1.338277
v 0.301636 0.139584 1.230178
v 0.257034 0.009704 1.238078
v 0.462340 0.009704 1.162841
v 0.444671 0.112443 1.206813
v 0.480176 0.009704 1.235342
v 0.432511 0.094135 1.146993
v 0.420013 0.274696 0.973127
v 0.382314 0.300391 1.019309
v 0.386444 0.267757 0.988257
v 0.449639 0.333752 1.023286
v 0.364193 0.444499 -1.695120
v 0.346006 0.445762 -1.767741
v 0.364375 0.548213 -1.741434
v 0.345058 0.420637 -1.741619
v 0.299241 0.478468 -1.689244
v 0.364375 0.548213 -1.741434
v 0.346006 0.445762 -1.767741
v 0.304087 0.430295 -1.748459
v 0.345058 0.420637 -1.741619
v 0.304087 0.430295 -1.748459
v 0.346006 0.445762 -1.767741
v 0.493197 0.479090 -1.688831
v 0.422664 0.445484 -1.771669
v 0.413562 0.547550 -1.732571
v 0.469005 0.430024 -1.751464
v 0.413342 0.446732 -1.693184
v 0.413562 0.547550 -1.732571
v 0.422664 0.445484 -1.771669
v 0.422787 0.419400 -1.734653
v 0.345058 0.420637 -1.741619
v 0.299241 0.478468 -1.689244
v 0.304087 0.430295 -1.748459
v 0.364193 0.444499 -1.695120
v 0.422664 0.445484 -1.771669
v 0.469005 0.430024 -1.751464
v 0.422787 0.419400 -1.734653
v 0.100110 3.338339 3.033548
v 0.089541 3.433984 2.999760
v 0.091077 3.400931 3.059922
v 0.039053 3.227025 2.984029
v 0.000932 3.208646 2.955228
v 0.031731 3.211506 2.955446
v 0.003013 3.215304 2.997855
v 0.530458 0.123534 -1.473165
v 0.313684 0.123534 -1.576545
v 0.435570 0.123534 -1.581194
v 0.509299 0.123534 -1.546142
v 0.530458 0.123534 -1.473165
v 0.265751 0.123534 -1.470411
v 0.313684 0.123534 -1.576545
v 0.484631 0.128838 -1.367974
v 0.484631 0.128838 -1.367974
v 0.281580 0.128838 -1.369554
v 0.265751 0.123534 -1.470411
v 0.382924 0.128042 -1.309629
v 0.307869 0.223904 -1.498064
v 0.313684 0.123534 -1.576545
v 0.265751 0.123534 -1.470411
v 0.340548 0.206898 -1.589600
v 0.435570 0.123534 -1.581194
v 0.473915 0.207965 -1.562094
v 0.509299 0.123534 -1.546142
v 0.423648 0.203329 -1.593115
v 0.530458 0.123534 -1.473165
v 0.457097 0.269825 -1.443540
v 0.484631 0.128838 -1.367974
v 0.488340 0.226274 -1.501881
v 0.340548 0.206898 -1.589600
v 0.435570 0.123534 -1.581194
v 0.313684 0.123534 -1.576545
v 0.423648 0.203329 -1.593115
v 0.382924 0.128042 -1.309629
v 0.318661 0.264577 -1.442395
v 0.281580 0.128838 -1.369554
v 0.387755 0.311025 -1.417316
v 0.457097 0.269825 -1.443540
v 0.382924 0.128042 -1.309629
v 0.484631 0.128838 -1.367974
v 0.387755 0.311025 -1.417316
v 0.318661 0.264577 -1.442395
v 0.265751 0.123534 -1.470411
v 0.281580 0.128838 -1.369554
v 0.307869 0.223904 -1.498064
v 0.509299 0.123534 -1.546142
v 0.488340 0.226274 -1.501881
v 0.530458 0.123534 -1.473165
v 0.473915 0.207965 -1.562094
v 0.493197 0.479090 -1.688831
v 0.422787 0.419400 -1.734653
v 0.469005 0.430024 -1.751464
v 0.413342 0.446732 -1.693184
v 0.039053 3.227025 2.984029
v 0.009209 3.316276 3.069607
v 0.003013 3.215304 2.997855
v 0.100110 3.338339 3.033548
v -0.346616 3.786449 2.498676
v -0.352307 3.811452 2.526777
v -0.348072 3.795053 2.498311
v -0.352985 3.813046 2.537636
v -0.352985 3.813046 2.537636
v -0.354235 3.824685 2.500320
v -0.352307 3.811452 2.526777
v -0.353068 3.818004 2.501215
v -0.340537 3.758677 2.538805
v -0.321739 3.745743 2.579342
v -0.326925 3.776283 2.580751
v -0.321739 3.745743 2.579342
v -0.323863 3.722468 2.569375
v -0.314208 3.740585 2.593889
v -0.321739 3.745743 2.579342
v -0.340537 3.758677 2.538805
v -0.323863 3.722468 2.569375
v -0.354371 3.804916 2.481271
v -0.354235 3.824685 2.500320
v -0.356274 3.802929 2.467178
v -0.353068 3.818004 2.501215
v -0.346616 3.786449 2.498676
v -0.345407 3.771707 2.497345
v -0.340537 3.758677 2.538805
v -0.352985 3.813046 2.537636
v -0.356274 3.802929 2.467178
v -0.346616 3.786449 2.498676
v -0.354371 3.804916 2.481271
v -0.348072 3.795053 2.498311
v -0.326925 3.776283 2.580751
v -0.321739 3.745743 2.579342
v -0.314208 3.740585 2.593889
v -0.347594 3.782433 2.454122
v -0.346616 3.786449 2.498676
v -0.356274 3.802929 2.467178
v -0.345407 3.771707 2.497345
v -0.326925 3.776283 2.580751
v -0.352985 3.813046 2.537636
v -0.340537 3.758677 2.538805
v -0.345407 3.771707 2.497345
v -0.347594 3.782433 2.454122
v -0.342835 3.754905 2.465710
v -0.341003 3.736316 2.488581
v -0.338698 3.720886 2.526039
v -0.323863 3.722468 2.569375
v -0.340537 3.758677 2.538805
v -0.341003 3.736316 2.488581
v -0.340537 3.758677 2.538805
v -0.345407 3.771707 2.497345
v -0.338698 3.720886 2.526039
v 0.309653 3.796831 2.558379
v 0.305568 3.772045 2.529811
v 0.307430 3.780576 2.529604
v 0.309363 3.798417 2.569257
v 0.314673 3.809912 2.532254
v 0.309653 3.796831 2.558379
v 0.313132 3.803290 2.533019
v 0.309363 3.798417 2.569257
v 0.294478 3.744653 2.569121
v 0.277723 3.762929 2.609617
v 0.271355 3.732643 2.607657
v 0.271355 3.732643 2.607657
v 0.262253 3.727853 2.621409
v 0.273390 3.709277 2.597888
v 0.271355 3.732643 2.607657
v 0.273390 3.709277 2.597888
v 0.294478 3.744653 2.569121
v 0.315751 3.790116 2.513263
v 0.314673 3.809912 2.532254
v 0.313132 3.803290 2.533019
v 0.318898 3.788018 2.499411
v 0.305568 3.772045 2.529811
v 0.294478 3.744653 2.569121
v 0.303843 3.757368 2.528341
v 0.309363 3.798417 2.569257
v 0.305568 3.772045 2.529811
v 0.318898 3.788018 2.499411
v 0.315751 3.790116 2.513263
v 0.307430 3.780576 2.529604
v 0.277723 3.762929 2.609617
v 0.262253 3.727853 2.621409
v 0.271355 3.732643 2.607657
v 0.310606 3.767896 2.485545
v 0.305568 3.772045 2.529811
v 0.303843 3.757368 2.528341
v 0.318898 3.788018 2.499411
v 0.277723 3.762929 2.609617
v 0.294478 3.744653 2.569121
v 0.309363 3.798417 2.569257
v 0.303843 3.757368 2.528341
v 0.298739 3.722187 2.519122
v 0.303557 3.740629 2.496569
v 0.310606 3.767896 2.485545
v 0.292200 3.706952 2.556158
v 0.294478 3.744653 2.569121
v 0.273390 3.709277 2.597888
v 0.298739 3.722187 2.519122
v 0.294478 3.744653 2.569121
v 0.292200 3.706952 2.556158
v 0.303843 3.757368 2.528341
vn -0.0480 -0.9603 -0.2749
vn -0.0479 -0.9603 -0.2749
vn -0.1617 0.7906 0.5906
vn -0.1618 0.7906 0.5906
vn -0.8825 0.4199 0.2117
vn 0.9807 0.0731 0.1815
vn -0.9818 0.1814 -0.0555
vn 0.9756 0.1468 0.1636
vn -0.8656 -0.0784 0.4945
vn -0.8658 -0.0770 0.4944
vn -0.8661 -0.0764 0.4940
vn -0.8652 -0.0785 0.4952
vn -0.0888 -0.8255 0.5574
vn -0.0888 -0.8254 0.5575
vn -0.1552 0.8039 0.5742
vn -0.9482 -0.2336 0.2153
vn -0.9775 -0.2096 -0.0247
vn -0.8447 -0.2248 0.4858
vn -0.8448 -0.2248 0.4855
vn -0.8449 -0.2248 0.4855
vn -0.8448 -0.2248 0.4856
vn -0.9464 -0.3079 -0.0980
vn -0.9463 -0.3079 -0.0981
vn -0.9463 -0.3079 -0.0982
vn -0.9881 -0.1527 -0.0187
vn -0.9759 -0.1799 -0.1232
vn -0.9759 -0.1800 -0.1232
vn -0.9635 0.2226 -0.1489
vn -0.9635 0.2226 -0.1490
vn -0.9846 -0.1718 -0.0337
vn -0.9846 -0.1718 -0.0338
vn -0.9788 -0.1912 -0.0739
vn -0.8898 -0.2021 0.4091
vn -0.8820 -0.3160 0.3496
vn -0.8820 -0.3161 0.3496
vn -0.9703 -0.2390 -0.0388
vn -0.9702 -0.2390 -0.0388
vn -0.9942 -0.0723 0.0795
vn -0.9942 -0.0722 0.0795
vn -0.9765 -0.2049 -0.0661
vn -0.8617 -0.1531 0.4837
vn -0.8617 -0.1531 0.4838
vn -0.7590 -0.0767 0.6465
vn -0.7590 -0.0767 0.6466
vn -0.7591 -0.0767 0.6465
vn -0.9426 0.3229 0.0850
vn -0.9747 -0.0117 -0.2232
vn -0.9747 -0.0116 -0.2232
vn -0.7798 -0.2598 0.5695
vn -0.7798 -0.2597 0.5696
vn -0.9846 -0.1525 -0.0850
vn -0.7601 0.1298 0.6367
vn -0.8477 -0.3203 0.4228
vn -0.5820 -0.6792 -0.4471
vn 0.8254 -0.4294 0.3665
vn 0.8256 -0.4305 0.3648
vn 0.8252 -0.4285 0.3681
vn -0.4115 -0.8654 -0.2860
vn -0.4120 -0.8650 -0.2864
vn -0.4107 -0.8656 -0.2865
vn -0.4124 -0.8649 -0.2860
vn -0.0591 -0.9977 0.0340
vn -0.0601 -0.9977 0.0320
vn -0.0608 -0.9977 0.0312
vn -0.0586 -0.9977 0.0352
vn 0.0476 -0.9985 0.0277
vn 0.0472 -0.9985 0.0264
vn 0.0468 -0.9986 0.0263
vn 0.0478 -0.9985 0.0280
vn -0.5496 -0.2990 0.7801
vn -0.5496 -0.2989 0.7801
vn -0.6866 -0.4797 0.5463
vn -0.5876 -0.5943 0.5490
vn -0.3729 -0.5013 0.7808
vn -0.3729 -0.5014 0.7807
vn -0.3729 -0.5014 0.7808
vn -0.5044 -0.5157 0.6925
vn -0.5044 -0.5156 0.6926
vn -0.5044 -0.5157 0.6926
vn -0.5045 -0.5156 0.6926
vn -0.1923 -0.2321 0.9535
vn 0.0195 -0.0542 0.9983
vn -0.1383 -0.0926 0.9861
vn -0.1383 -0.0927 0.9860
vn -0.1383 -0.0926 0.9860
vn -0.2933 -0.4444 0.8465
vn -0.2933 -0.4443 0.8465
vn -0.2932 -0.4444 0.8465
vn 0.0207 -0.1029 0.9945
vn 0.0208 -0.1030 0.9945
vn -0.4947 -0.4795 0.7248
vn -0.4948 -0.4795 0.7248
vn -0.4364 -0.1952 0.8783
vn -0.5218 -0.2577 0.8132
vn -0.5217 -0.2578 0.8132
vn -0.4400 -0.8289 0.3455
vn -0.4400 -0.8289 0.3454
vn -0.3856 -0.3762 0.8425
vn -0.3414 -0.4028 0.8492
vn -0.3415 -0.4027 0.8492
vn -0.3415 -0.4028 0.8492
vn -0.0464 -0.1996 0.9788
vn -0.0463 -0.1996 0.9788
vn -0.3224 -0.4028 0.8566
vn -0.3224 -0.4027 0.8567
vn -0.3448 -0.7306 0.5893
vn -0.3450 -0.7304 0.5894
vn -0.3448 -0.7306 0.5894
vn -0.3108 -0.8349 0.4542
vn -0.3075 -0.8306 0.4642
vn -0.3099 -0.8337 0.4570
vn -0.3066 -0.8295 0.4668
vn -0.9196 -0.2825 0.2730
vn -0.3353 0.7211 -0.6063
vn -0.3352 0.7212 -0.6063
vn -0.3352 0.7211 -0.6063
vn -0.9387 0.2876 -0.1900
vn -0.9387 0.2875 -0.1900
vn -0.9767 0.0073 0.2143
vn -0.9767 0.0072 0.2143
vn -0.9767 0.0074 0.2143
vn -0.9768 0.0071 0.2142
vn -0.8195 0.4815 -0.3108
vn -0.4998 -0.5013 -0.7063
vn -0.4967 -0.5039 -0.7067
vn -0.4977 -0.5032 -0.7065
vn -0.5005 -0.5013 -0.7058
vn 0.1229 -0.5683 -0.8136
vn 0.1247 -0.5673 -0.8140
vn 0.1262 -0.5663 -0.8145
vn 0.1209 -0.5694 -0.8131
vn -0.3753 -0.8426 -0.3863
vn -0.3753 -0.8426 -0.3862
vn 0.0556 -0.8904 -0.4517
vn 0.0556 -0.8904 -0.4518
vn -0.2380 -0.2506 0.9384
vn -0.2378 -0.2515 0.9382
vn -0.2380 -0.2508 0.9383
vn -0.2377 -0.2517 0.9381
vn -0.4915 -0.2482 0.8347
vn -0.4915 -0.2482 0.8348
vn 0.5767 -0.3706 0.7280
vn 0.5767 -0.3706 0.7281
vn 0.5768 -0.3705 0.7281
vn -0.9753 0.0038 -0.2209
vn -0.9751 0.0031 -0.2216
vn -0.9754 0.0043 -0.2203
vn -0.9750 0.0026 -0.2221
vn 0.8677 -0.1310 -0.4795
vn 0.8681 -0.1310 -0.4788
vn 0.8680 -0.1310 -0.4790
vn 0.8676 -0.1307 -0.4798
vn 0.0897 -0.1702 -0.9813
vn 0.0896 -0.1702 -0.9813
vn 0.0894 -0.1703 -0.9813
vn 0.0897 -0.1701 -0.9813
vn -0.4456 0.4057 0.7980
vn -0.4461 0.4051 0.7980
vn -0.4459 0.4053 0.7981
vn -0.4452 0.4057 0.7982
vn -0.6237 -0.1398 -0.7691
vn -0.6231 -0.1403 -0.7695
vn -0.6233 -0.1401 -0.7693
vn -0.6240 -0.1395 -0.7689
vn 0.1817 -0.2749 0.9441
vn 0.1819 -0.2744 0.9443
vn 0.1816 -0.2750 0.9441
vn 0.1819 -0.2742 0.9443
vn -0.7701 -0.6367 0.0409
vn -0.7701 -0.6367 0.0408
vn 0.7310 -0.6764 -0.0901
vn 0.4045 -0.5759 -0.7104
vn 0.4026 -0.5774 -0.7103
vn 0.4012 -0.5785 -0.7102
vn 0.4068 -0.5741 -0.7106
vn -0.9896 -0.1232 -0.0749
vn -0.9895 -0.1226 -0.0767
vn -0.9892 -0.1213 -0.0826
vn -0.9897 -0.1242 -0.0713
vn 0.7264 0.1572 0.6690
vn 0.7232 0.1542 0.6732
vn 0.7258 0.1566 0.6698
vn 0.7287 0.1593 0.6661
vn 0.9674 0.1067 0.2299
vn 0.9682 0.1086 0.2253
vn 0.9674 0.1068 0.2297
vn 0.9662 0.1043 0.2358
vn -0.8652 0.1159 0.4878
vn -0.8661 0.1169 0.4861
vn -0.8679 0.1188 0.4824
vn -0.8638 0.1144 0.4907
vn -0.8558 0.2202 0.4681
vn -0.8564 0.2193 0.4673
vn -0.8554 0.2208 0.4686
vn -0.8567 0.2189 0.4670
vn 0.9426 0.2958 0.1547
vn 0.9430 0.2949 0.1543
vn 0.9432 0.2944 0.1541
vn 0.9424 0.2964 0.1551
vn 0.6672 0.4940 0.5575
vn 0.6677 0.4935 0.5574
vn 0.6687 0.4923 0.5572
vn 0.6667 0.4946 0.5576
vn -0.0942 0.2526 -0.9630
vn -0.0945 0.2524 -0.9630
vn -0.0948 0.2523 -0.9630
vn -0.0937 0.2528 -0.9630
vn 0.8142 0.1540 -0.5598
vn 0.8147 0.1533 -0.5593
vn 0.8138 0.1545 -0.5602
vn 0.8148 0.1533 -0.5591
vn -0.9843 0.1526 -0.0888
vn -0.2444 0.2415 0.9391
vn -0.2481 0.2381 0.9390
vn -0.2450 0.2410 0.9391
vn -0.2410 0.2445 0.9392
vn -0.5735 0.1629 -0.8029
vn -0.5736 0.1627 -0.8028
vn -0.5745 0.1617 -0.8024
vn -0.5729 0.1634 -0.8031
vn -0.4458 -0.5246 -0.7253
vn -0.4504 -0.5179 -0.7273
vn -0.4455 -0.5225 -0.7270
vn -0.4428 -0.5278 -0.7249
vn -0.0921 -0.5047 -0.8584
vn -0.0936 -0.5034 -0.8590
vn -0.0927 -0.5040 -0.8587
vn -0.0909 -0.5054 -0.8581
vn -0.7850 -0.5886 0.1934
vn -0.7850 -0.5886 0.1933
vn -0.5227 -0.8120 0.2598
vn -0.1528 -0.2177 0.9640
vn -0.8745 -0.1517 0.4606
vn -0.2383 -0.4660 0.8521
vn -0.9016 -0.4195 0.1055
vn -0.9016 -0.4196 0.1055
vn -0.7515 0.4797 -0.4530
vn -0.7489 0.4844 -0.4523
vn -0.7540 0.4751 -0.4536
vn -0.3813 -0.2624 0.8864
vn -0.3822 -0.2607 0.8865
vn -0.3796 -0.2658 0.8862
vn -0.3840 -0.2565 0.8870
vn -0.9344 0.2878 -0.2099
vn -0.9347 0.2865 -0.2105
vn -0.9342 0.2891 -0.2092
vn -0.9349 0.2852 -0.2112
vn -0.9826 0.0535 0.1779
vn -0.9827 0.0528 0.1777
vn -0.9824 0.0553 0.1786
vn -0.9828 0.0511 0.1776
vn -0.3117 0.6762 -0.6675
vn -0.3118 0.6761 -0.6676
vn -0.3127 0.6753 -0.6680
vn -0.3108 0.6770 -0.6671
vn -0.6735 -0.5479 0.4961
vn -0.8860 -0.4615 0.0453
vn -0.8859 -0.4616 0.0453
vn -0.5994 -0.7439 0.2956
vn -0.4345 -0.8566 -0.2782
vn 0.9761 -0.0558 -0.2098
vn 0.9761 -0.0555 -0.2101
vn 0.9762 -0.0563 -0.2095
vn 0.9762 -0.0566 -0.2093
vn 0.2929 -0.3935 0.8714
vn 0.2904 -0.3922 0.8729
vn 0.2889 -0.3915 0.8737
vn 0.2946 -0.3944 0.8705
vn 0.9950 -0.0876 0.0473
vn 0.9950 -0.0880 0.0471
vn 0.9951 -0.0871 0.0476
vn 0.9950 -0.0886 0.0467
vn -0.0853 -0.6336 0.7690
vn 0.0150 0.1244 -0.9921
vn -0.8948 -0.4456 0.0284
vn -0.3234 -0.8612 -0.3922
vn -0.3234 -0.8611 -0.3923
vn -0.3234 -0.8611 -0.3922
vn 0.0469 -0.8920 -0.4496
vn -0.2024 -0.2578 0.9448
vn -0.2026 -0.2566 0.9451
vn -0.2024 -0.2575 0.9448
vn -0.2027 -0.2562 0.9451
vn -0.6442 -0.4036 0.6497
vn -0.6442 -0.4035 0.6497
vn 0.6803 -0.5207 0.5158
vn -0.9531 0.0130 -0.3024
vn -0.9529 0.0124 -0.3032
vn -0.9532 0.0132 -0.3021
vn -0.9528 0.0123 -0.3034
vn 0.8630 -0.0774 -0.4992
vn 0.8628 -0.0779 -0.4995
vn 0.8626 -0.0774 -0.4999
vn 0.8628 -0.0766 -0.4998
vn -0.0469 -0.1019 -0.9937
vn -0.0473 -0.1018 -0.9937
vn -0.0472 -0.1017 -0.9937
vn -0.0468 -0.1018 -0.9937
vn -0.3904 0.4186 0.8200
vn -0.3899 0.4189 0.8201
vn -0.3900 0.4190 0.8200
vn -0.3907 0.4183 0.8200
vn -0.5453 -0.0247 -0.8379
vn -0.5448 -0.0252 -0.8382
vn -0.5450 -0.0250 -0.8380
vn -0.5456 -0.0245 -0.8377
vn 0.1541 -0.2803 0.9474
vn 0.1548 -0.2780 0.9480
vn 0.1539 -0.2810 0.9473
vn 0.1550 -0.2772 0.9482
vn -0.7132 -0.6995 0.0446
vn 0.6702 -0.7357 -0.0973
vn 0.9728 -0.1698 0.1575
vn 0.9728 -0.1698 0.1574
vn 0.8033 -0.0604 0.5925
vn 0.8031 -0.0602 0.5928
vn 0.8030 -0.0601 0.5929
vn 0.8034 -0.0605 0.5923
vn 0.5021 -0.4857 -0.7156
vn 0.5049 -0.4827 -0.7156
vn 0.5051 -0.4832 -0.7151
vn 0.5013 -0.4853 -0.7164
vn -0.9762 -0.1485 -0.1582
vn -0.9764 -0.1485 -0.1571
vn -0.9762 -0.1478 -0.1590
vn -0.9762 -0.1496 -0.1569
vn 0.6624 0.0629 0.7465
vn 0.6625 0.0627 0.7464
vn 0.6615 0.0641 0.7472
vn 0.6633 0.0616 0.7458
vn 0.9684 0.0788 0.2365
vn 0.9681 0.0777 0.2384
vn 0.9687 0.0803 0.2350
vn 0.9687 0.0816 0.2345
vn -0.9301 0.0464 0.3644
vn -0.9299 0.0470 0.3648
vn -0.9301 0.0465 0.3644
vn -0.9303 0.0457 0.3639
vn -0.9252 0.1908 0.3279
vn -0.9253 0.1906 0.3278
vn -0.9251 0.1911 0.3282
vn -0.9254 0.1903 0.3276
vn 0.9481 0.2846 0.1419
vn 0.9482 0.2845 0.1412
vn 0.9480 0.2847 0.1422
vn 0.9483 0.2844 0.1409
vn 0.6041 0.5291 0.5959
vn 0.6042 0.5290 0.5959
vn 0.6052 0.5279 0.5959
vn 0.6035 0.5298 0.5959
vn -0.1547 0.4556 -0.8766
vn -0.1546 0.4557 -0.8766
vn -0.1545 0.4558 -0.8766
vn 0.7657 0.1215 -0.6316
vn 0.7657 0.1216 -0.6316
vn 0.7658 0.1211 -0.6315
vn 0.7656 0.1217 -0.6317
vn -0.1113 -0.3474 -0.9311
vn -0.1117 -0.3474 -0.9310
vn -0.1117 -0.3473 -0.9311
vn -0.1113 -0.3473 -0.9311
vn -0.2172 0.1093 0.9700
vn -0.2161 0.1104 0.9701
vn -0.2172 0.1092 0.9700
vn -0.2184 0.1080 0.9699
vn -0.6039 0.2885 -0.7430
vn -0.6039 0.2886 -0.7430
vn -0.6038 0.2887 -0.7430
vn -0.6041 0.2882 -0.7429
vn 0.8154 -0.2077 0.5404
vn 0.8156 -0.2083 0.5398
vn 0.8154 -0.2076 0.5404
vn 0.8155 -0.2086 0.5399
vn 0.9398 -0.1465 0.3087
vn 0.9399 -0.1463 0.3086
vn 0.9398 -0.1465 0.3088
vn 0.9398 -0.1467 0.3087
vn 0.8331 -0.3014 0.4638
vn 0.8331 -0.3015 0.4637
vn 0.8331 -0.3016 0.4637
vn 0.9657 -0.0106 0.2593
vn 0.9659 -0.0108 0.2588
vn 0.9658 -0.0105 0.2590
vn 0.9658 -0.0110 0.2591
vn 0.9560 0.0834 -0.2813
vn 0.7539 -0.4827 0.4456
vn 0.7539 -0.4827 0.4457
vn 0.8998 -0.0484 -0.4337
vn 0.8997 -0.0484 -0.4337
vn 0.8998 -0.0483 -0.4337
vn 0.7509 -0.5363 0.3855
vn 0.7509 -0.5363 0.3854
vn 0.9824 -0.1819 0.0436
vn 0.9470 -0.2528 0.1980
vn 0.9471 -0.2531 0.1974
vn 0.9469 -0.2516 0.2003
vn 0.9471 -0.2544 0.1955
vn -0.1892 -0.1032 -0.9765
vn -0.1878 -0.1043 -0.9767
vn -0.1886 -0.1037 -0.9766
vn -0.1897 -0.1027 -0.9765
vn 0.9552 -0.2419 0.1703
vn 0.9552 -0.2419 0.1706
vn 0.9551 -0.2420 0.1708
vn 0.9553 -0.2418 0.1701
vn 0.1989 -0.9754 0.0954
vn 0.2011 -0.9747 0.0973
vn 0.1997 -0.9751 0.0963
vn 0.1978 -0.9756 0.0956
vn 0.9853 -0.0777 -0.1521
vn 0.9855 -0.0768 -0.1516
vn 0.9850 -0.0792 -0.1532
vn 0.9856 -0.0758 -0.1508
vn 0.9783 -0.1299 0.1612
vn 0.9783 -0.1300 0.1611
vn 0.9783 -0.1299 0.1613
vn 0.2286 -0.3448 0.9104
vn 0.9849 -0.0433 -0.1677
vn 0.9849 -0.0434 -0.1677
vn 0.2674 -0.4796 0.8358
vn 0.2694 -0.4809 0.8344
vn 0.2707 -0.4813 0.8337
vn 0.2659 -0.4788 0.8367
vn 0.9888 -0.1416 0.0476
vn 0.9890 -0.1393 0.0495
vn 0.9885 -0.1443 0.0451
vn 0.9893 -0.1361 0.0525
vn 0.0998 -0.9913 0.0857
vn 0.1034 -0.9908 0.0876
vn 0.1015 -0.9910 0.0867
vn 0.0980 -0.9916 0.0846
vn -0.0559 -0.8303 0.5545
vn -0.0701 -0.8216 0.5658
vn -0.0455 -0.8373 0.5448
vn -0.0737 -0.8185 0.5698
vn -0.8471 -0.5277 0.0622
vn -0.0090 -0.9519 -0.3064
vn -0.0086 -0.9520 -0.3061
vn -0.5553 -0.8111 -0.1837
vn -0.6409 -0.6369 0.4285
vn -0.6408 -0.6370 0.4285
vn -0.1609 -0.7632 0.6258
vn -0.9793 -0.1532 0.1321
vn -0.9793 -0.1532 0.1320
vn -0.9132 0.2751 0.3007
vn -0.1777 -0.9567 0.2305
vn -0.4767 -0.8470 0.2352
vn -0.5414 -0.7444 0.3909
vn -0.1778 -0.9303 0.3208
vn -0.1778 -0.9303 0.3209
vn -0.4394 -0.8864 -0.1455
vn -0.4394 -0.8865 -0.1455
vn -0.4393 -0.8865 -0.1454
vn -0.1035 -0.9880 -0.1143
vn -0.1035 -0.9880 -0.1144
vn -0.2056 -0.9648 0.1640
vn -0.6221 -0.7680 -0.1519
vn -0.6222 -0.7680 -0.1520
vn -0.6221 -0.7680 -0.1520
vn -0.6221 -0.7681 -0.1519
vn -0.8259 -0.1359 0.5472
vn -0.8260 -0.1316 0.5481
vn -0.8259 -0.1354 0.5473
vn -0.8258 -0.1400 0.5464
vn -0.3495 -0.4345 0.8301
vn -0.3496 -0.4331 0.8308
vn -0.3500 -0.4338 0.8303
vn -0.3490 -0.4335 0.8308
vn -0.3243 0.6638 -0.6739
vn -0.3229 0.6657 -0.6727
vn -0.3267 0.6608 -0.6758
vn -0.3205 0.6688 -0.6708
vn -0.9558 0.0843 0.2818
vn -0.9559 0.0835 0.2816
vn -0.9556 0.0857 0.2821
vn -0.9561 0.0821 0.2812
vn -0.9458 0.3093 -0.0986
vn -0.9459 0.3089 -0.0990
vn -0.9457 0.3097 -0.0984
vn -0.9460 0.3085 -0.0992
vn -0.9483 0.3021 -0.0973
vn -0.9468 0.3076 -0.0944
vn -0.9477 0.3043 -0.0959
vn -0.9489 0.2995 -0.0991
vn -0.9909 0.0663 0.1170
vn -0.9910 0.0654 0.1167
vn -0.9905 0.0708 0.1181
vn -0.9914 0.0613 0.1158
vn -0.3791 -0.3301 0.8645
vn -0.3801 -0.3270 0.8652
vn -0.3783 -0.3326 0.8639
vn -0.3808 -0.3245 0.8658
vn -0.8365 -0.1014 0.5385
vn -0.8365 -0.1016 0.5385
vn -0.8364 -0.1021 0.5385
vn -0.8366 -0.1007 0.5385
vn -0.9185 -0.1053 0.3812
vn -0.9195 -0.1003 0.3801
vn -0.9182 -0.1074 0.3814
vn -0.9170 -0.1118 0.3829
vn -0.3810 -0.3382 0.8605
vn -0.3790 -0.3440 0.8591
vn -0.3817 -0.3340 0.8618
vn -0.3780 -0.3479 0.8579
vn -0.9319 0.1385 0.3353
vn -0.9321 0.1374 0.3352
vn -0.9314 0.1407 0.3356
vn -0.9326 0.1349 0.3347
vn -0.9373 0.3482 0.0126
vn -0.9358 0.3522 0.0147
vn -0.9389 0.3440 0.0105
vn -0.9338 0.3572 0.0194
vn -0.9795 0.0253 0.1999
vn -0.3084 -0.5174 0.7982
vn -0.3134 -0.5024 0.8058
vn -0.3128 -0.5088 0.8020
vn -0.3062 -0.5231 0.7953
vn -0.8546 -0.0894 0.5116
vn -0.8535 -0.0967 0.5120
vn -0.8528 -0.0948 0.5136
vn -0.8569 -0.0927 0.5071
vn -0.7988 -0.3731 0.4720
vn -0.7982 -0.3670 0.4777
vn -0.8005 -0.3663 0.4743
vn -0.8007 -0.3721 0.4695
vn -0.2020 -0.6911 0.6939
vn -0.2004 -0.6923 0.6932
vn -0.2047 -0.6885 0.6958
vn -0.1968 -0.6959 0.6907
vn -0.7753 0.4596 -0.4332
vn -0.7751 0.4599 -0.4332
vn -0.7748 0.4605 -0.4332
vn -0.7757 0.4590 -0.4332
vn -0.2960 0.7920 -0.5340
vn -0.2933 0.7879 -0.5415
vn -0.2954 0.7904 -0.5367
vn -0.2924 0.7864 -0.5441
vn -0.7313 0.6100 -0.3052
vn -0.7312 0.6099 -0.3054
vn -0.7321 0.6099 -0.3035
vn -0.7305 0.6099 -0.3073
vn -0.6921 0.6244 -0.3620
vn -0.6897 0.6248 -0.3660
vn -0.6875 0.6236 -0.3722
vn -0.6945 0.6267 -0.3535
vn -0.2841 0.7637 -0.5797
vn -0.2774 0.7584 -0.5897
vn -0.2799 0.7603 -0.5861
vn -0.2730 0.7549 -0.5963
vn -0.1293 0.1202 -0.9843
vn -0.1288 0.1201 -0.9844
vn -0.1297 0.1203 -0.9842
vn -0.1282 0.1200 -0.9845
vn -0.1966 -0.2969 -0.9345
vn -0.1941 -0.2951 -0.9355
vn -0.1956 -0.2965 -0.9348
vn -0.1932 -0.2943 -0.9360
vn -0.2959 -0.3096 -0.9037
vn -0.2965 -0.3090 -0.9036
vn -0.2971 -0.3081 -0.9038
vn -0.2949 -0.3109 -0.9035
vn -0.0094 0.1694 -0.9855
vn -0.0511 -0.1540 -0.9868
vn -0.0511 -0.1540 -0.9867
vn -0.0510 -0.1540 -0.9868
vn 0.9001 -0.2347 -0.3671
vn 0.8974 -0.2301 -0.3766
vn 0.8983 -0.2309 -0.3738
vn 0.9004 -0.2354 -0.3659
vn -0.4668 0.0314 -0.8838
vn -0.4669 0.0312 -0.8838
vn -0.4664 0.0322 -0.8840
vn -0.4673 0.0304 -0.8836
vn -0.2522 -0.7119 -0.6554
vn -0.3281 -0.7088 -0.6244
vn -0.3481 -0.7068 -0.6159
vn -0.2342 -0.7121 -0.6619
vn -0.1884 -0.4590 -0.8682
vn -0.9997 -0.0167 -0.0164
vn -1.0000 -0.0093 -0.0035
vn -0.9999 -0.0098 -0.0058
vn -1.0000 -0.0006 0.0023
vn -0.5402 -0.7458 -0.3898
vn -0.4874 -0.7719 -0.4082
vn -0.5379 -0.7474 -0.3899
vn -0.4872 -0.7724 -0.4074
vn -0.3400 -0.8266 -0.4485
vn -0.2966 -0.8391 -0.4560
vn -0.2870 -0.8415 -0.4577
vn -0.3438 -0.8254 -0.4477
vn -0.1061 -0.9935 0.0407
vn -0.1071 -0.9935 0.0397
vn -0.1061 -0.9935 0.0406
vn -0.1052 -0.9936 0.0415
vn -0.1110 -0.9808 0.1602
vn -0.1112 -0.9808 0.1603
vn -0.1113 -0.9808 0.1604
vn -0.1109 -0.9808 0.1602
vn -0.2680 -0.9237 -0.2737
vn -0.2691 -0.9237 -0.2728
vn -0.2686 -0.9235 -0.2739
vn -0.2682 -0.9240 -0.2725
vn -0.1509 -0.9815 -0.1179
vn -0.1513 -0.9815 -0.1177
vn -0.1505 -0.9815 -0.1182
vn -0.1500 -0.9816 -0.1183
vn -0.2642 -0.9000 -0.3466
vn -0.3176 -0.8888 -0.3303
vn -0.2767 -0.8980 -0.3422
vn -0.3228 -0.8875 -0.3287
vn 0.0316 -0.9620 -0.2711
vn 0.0315 -0.9620 -0.2711
vn 0.1395 0.7839 0.6050
vn 0.8760 0.3810 0.2957
vn -0.9798 0.0881 0.1798
vn 0.9831 0.1725 -0.0613
vn -0.9756 0.1468 0.1636
vn 0.8204 -0.1009 0.5628
vn 0.8204 -0.1002 0.5629
vn 0.8187 -0.1102 0.5635
vn 0.8216 -0.0925 0.5625
vn -0.0011 -0.8274 0.5616
vn -0.0012 -0.8274 0.5616
vn 0.1350 0.7975 0.5880
vn 0.9122 -0.2747 0.3041
vn 0.9652 -0.2525 0.0681
vn 0.7839 -0.2608 0.5635
vn 0.7840 -0.2608 0.5633
vn 0.7841 -0.2608 0.5632
vn 0.9369 -0.3495 -0.0083
vn 0.9369 -0.3495 -0.0082
vn 0.9777 -0.1961 0.0752
vn 0.9743 -0.2230 -0.0301
vn 0.9743 -0.2230 -0.0300
vn 0.9744 -0.2230 -0.0301
vn 0.9821 0.1796 -0.0560
vn 0.9821 0.1796 -0.0561
vn 0.9748 -0.2150 0.0598
vn 0.9720 -0.2343 0.0193
vn 0.9720 -0.2343 0.0192
vn 0.8370 -0.2402 0.4916
vn 0.8371 -0.2402 0.4915
vn 0.8371 -0.2403 0.4915
vn 0.8299 -0.3538 0.4313
vn 0.8299 -0.3539 0.4313
vn 0.9581 -0.2816 0.0533
vn 0.9780 -0.1158 0.1736
vn 0.9780 -0.1158 0.1737
vn 0.9684 -0.2479 0.0267
vn 0.8042 -0.1898 0.5633
vn 0.8041 -0.1898 0.5633
vn 0.6899 -0.1087 0.7157
vn 0.6900 -0.1086 0.7156
vn 0.9436 0.2812 0.1750
vn 0.9435 0.2812 0.1750
vn 0.9901 -0.0551 -0.1294
vn 0.9901 -0.0550 -0.1294
vn 0.7099 -0.2927 0.6407
vn 0.7098 -0.2926 0.6407
vn 0.7099 -0.2927 0.6406
vn 0.9806 -0.1959 0.0088
vn 0.7010 0.0975 0.7065
vn 0.7010 0.0976 0.7065
vn 0.7887 -0.3565 0.5009
vn 0.5915 -0.7051 -0.3911
vn -0.8165 -0.4680 0.3380
vn -0.8167 -0.4690 0.3362
vn -0.8176 -0.4750 0.3255
vn -0.8150 -0.4616 0.3503
vn 0.4274 -0.8535 -0.2981
vn 0.4171 -0.8584 -0.2987
vn 0.4303 -0.8520 -0.2983
vn 0.4114 -0.8606 -0.3000
vn 0.0591 -0.9977 0.0340
vn 0.0601 -0.9977 0.0320
vn 0.0586 -0.9977 0.0352
vn 0.0608 -0.9977 0.0312
vn -0.0476 -0.9985 0.0277
vn -0.0472 -0.9985 0.0264
vn -0.0478 -0.9985 0.0280
vn -0.0468 -0.9986 0.0263
vn 0.4591 -0.3213 0.8283
vn 0.4591 -0.3212 0.8283
vn 0.6097 -0.5084 0.6082
vn 0.6097 -0.5083 0.6082
vn 0.5060 -0.6185 0.6012
vn 0.2744 -0.5157 0.8117
vn 0.2744 -0.5157 0.8116
vn 0.2744 -0.5156 0.8117
vn 0.4130 -0.5359 0.7364
vn 0.0902 -0.2384 0.9670
vn 0.0902 -0.2383 0.9670
vn -0.1169 -0.0512 0.9918
vn -0.1168 -0.0512 0.9918
vn 0.0396 -0.0966 0.9945
vn 0.0396 -0.0965 0.9945
vn 0.1915 -0.4551 0.8696
vn -0.1199 -0.0998 0.9878
vn -0.1199 -0.0999 0.9878
vn 0.4019 -0.4993 0.7676
vn 0.3418 -0.2124 0.9155
vn 0.4301 -0.2787 0.8587
vn 0.4300 -0.2788 0.8587
vn 0.3683 -0.8467 0.3840
vn 0.3682 -0.8467 0.3840
vn 0.3682 -0.8467 0.3841
vn 0.2866 -0.3911 0.8746
vn 0.2867 -0.3911 0.8746
vn 0.2410 -0.4156 0.8770
vn 0.2409 -0.4157 0.8770
vn 0.2410 -0.4157 0.8770
vn -0.0557 -0.1994 0.9783
vn -0.0559 -0.1994 0.9783
vn -0.0559 -0.1993 0.9783
vn 0.2213 -0.4148 0.8826
vn 0.2213 -0.4147 0.8826
vn 0.2546 -0.7438 0.6180
vn 0.2548 -0.7437 0.6180
vn 0.2547 -0.7438 0.6180
vn 0.2262 -0.8416 0.4904
vn 0.2299 -0.8445 0.4836
vn 0.2284 -0.8439 0.4855
vn 0.2254 -0.8408 0.4921
vn 0.8759 -0.3210 0.3601
vn 0.4229 0.7044 -0.5701
vn 0.9643 0.2455 -0.0991
vn 0.9643 0.2456 -0.0991
vn 0.9513 -0.0351 0.3063
vn 0.9513 -0.0351 0.3064
vn 0.9513 -0.0350 0.3063
vn 0.8658 0.4443 -0.2304
vn 0.4967 -0.5038 -0.7067
vn 0.4998 -0.5013 -0.7063
vn 0.4977 -0.5031 -0.7065
vn 0.5005 -0.5013 -0.7058
vn -0.1247 -0.5673 -0.8140
vn -0.1229 -0.5683 -0.8136
vn -0.1262 -0.5663 -0.8145
vn -0.1209 -0.5694 -0.8131
vn 0.3753 -0.8425 -0.3863
vn 0.3753 -0.8426 -0.3863
vn -0.0556 -0.8904 -0.4518
vn -0.0556 -0.8904 -0.4517
vn 0.2378 -0.2515 0.9382
vn 0.2380 -0.2506 0.9384
vn 0.2380 -0.2508 0.9383
vn 0.2377 -0.2517 0.9381
vn 0.4916 -0.2481 0.8347
vn 0.4915 -0.2482 0.8348
vn 0.4915 -0.2482 0.8347
vn -0.5767 -0.3706 0.7281
vn -0.5767 -0.3706 0.7280
vn -0.5768 -0.3705 0.7281
vn 0.9753 0.0038 -0.2209
vn 0.9751 0.0031 -0.2217
vn 0.9750 0.0026 -0.2221
vn 0.9754 0.0043 -0.2203
vn -0.8677 -0.1311 -0.4795
vn -0.8680 -0.1310 -0.4790
vn -0.8681 -0.1310 -0.4788
vn -0.8676 -0.1308 -0.4798
vn -0.0897 -0.1702 -0.9813
vn -0.0896 -0.1702 -0.9813
vn -0.0897 -0.1701 -0.9813
vn -0.0894 -0.1703 -0.9813
vn 0.4461 0.4051 0.7980
vn 0.4456 0.4056 0.7980
vn 0.4457 0.4055 0.7981
vn 0.4452 0.4057 0.7982
vn 0.6237 -0.1397 -0.7691
vn 0.6233 -0.1401 -0.7693
vn 0.6230 -0.1403 -0.7695
vn 0.6240 -0.1395 -0.7689
vn -0.1819 -0.2744 0.9443
vn -0.1817 -0.2749 0.9441
vn -0.1816 -0.2750 0.9441
vn -0.1819 -0.2742 0.9443
vn 0.7701 -0.6367 0.0409
vn 0.7700 -0.6367 0.0409
vn 0.7701 -0.6367 0.0408
vn -0.7310 -0.6764 -0.0901
vn -0.4045 -0.5759 -0.7105
vn -0.4026 -0.5774 -0.7103
vn -0.4068 -0.5740 -0.7106
vn -0.4013 -0.5785 -0.7102
vn 0.9896 -0.1232 -0.0749
vn 0.9895 -0.1226 -0.0767
vn 0.9897 -0.1242 -0.0713
vn 0.9892 -0.1213 -0.0826
vn -0.7265 0.1572 0.6690
vn -0.7258 0.1566 0.6698
vn -0.7232 0.1542 0.6732
vn -0.7287 0.1593 0.6661
vn -0.9674 0.1068 0.2297
vn -0.9674 0.1067 0.2299
vn -0.9662 0.1042 0.2358
vn -0.9682 0.1086 0.2253
vn 0.8661 0.1168 0.4861
vn 0.8652 0.1159 0.4878
vn 0.8679 0.1187 0.4824
vn 0.8638 0.1143 0.4907
vn 0.8567 0.2190 0.4670
vn 0.8558 0.2202 0.4681
vn 0.8564 0.2194 0.4674
vn 0.8554 0.2208 0.4686
vn -0.9427 0.2957 0.1547
vn -0.9430 0.2949 0.1543
vn -0.9424 0.2964 0.1551
vn -0.9432 0.2944 0.1541
vn -0.6673 0.4939 0.5575
vn -0.6677 0.4935 0.5574
vn -0.6667 0.4946 0.5576
vn -0.6687 0.4923 0.5572
vn 0.0942 0.2526 -0.9630
vn 0.0945 0.2524 -0.9630
vn 0.0937 0.2528 -0.9630
vn 0.0948 0.2523 -0.9630
vn -0.8148 0.1533 -0.5591
vn -0.8142 0.1540 -0.5597
vn -0.8147 0.1534 -0.5593
vn -0.8138 0.1545 -0.5602
vn 0.9843 0.1526 -0.0888
vn 0.2439 0.2418 0.9392
vn 0.2450 0.2409 0.9391
vn 0.2481 0.2381 0.9390
vn 0.2410 0.2445 0.9392
vn 0.5734 0.1629 -0.8029
vn 0.5736 0.1627 -0.8028
vn 0.5729 0.1634 -0.8031
vn 0.5745 0.1617 -0.8024
vn 0.4476 -0.5481 -0.7066
vn 0.4422 -0.5575 -0.7026
vn 0.4400 -0.5560 -0.7052
vn 0.4379 -0.5621 -0.7016
vn 0.0881 -0.5357 -0.8398
vn 0.0895 -0.5345 -0.8404
vn 0.0915 -0.5333 -0.8410
vn 0.0855 -0.5371 -0.8392
vn 0.7850 -0.5886 0.1934
vn 0.7850 -0.5886 0.1933
vn 0.5227 -0.8120 0.2598
vn 0.1528 -0.2177 0.9640
vn 0.8745 -0.1517 0.4606
vn 0.8745 -0.1517 0.4607
vn 0.2383 -0.4660 0.8521
vn 0.9015 -0.4196 0.1056
vn 0.9016 -0.4196 0.1055
vn 0.9016 -0.4195 0.1055
vn 0.8070 0.4468 -0.3860
vn 0.8074 0.4464 -0.3859
vn 0.8072 0.4466 -0.3861
vn 0.8069 0.4472 -0.3860
vn 0.3148 -0.2576 0.9135
vn 0.3106 -0.2675 0.9121
vn 0.3038 -0.2837 0.9095
vn 0.3203 -0.2440 0.9154
vn 0.9603 0.2495 -0.1251
vn 0.9605 0.2484 -0.1257
vn 0.9606 0.2476 -0.1263
vn 0.9601 0.2503 -0.1245
vn 0.9644 0.0191 0.2636
vn 0.9648 0.0153 0.2627
vn 0.9645 0.0203 0.2633
vn 0.9642 0.0243 0.2642
vn 0.4011 0.6607 -0.6345
vn 0.4001 0.6618 -0.6340
vn 0.4021 0.6597 -0.6349
vn 0.5985 -0.5760 0.5569
vn 0.8564 -0.5000 0.1285
vn 0.8564 -0.5001 0.1285
vn 0.8564 -0.5001 0.1284
vn 0.5351 -0.7690 0.3498
vn 0.4209 -0.8755 -0.2373
vn 0.4209 -0.8755 -0.2374
vn -0.9762 -0.0559 -0.2098
vn -0.9762 -0.0563 -0.2095
vn -0.9761 -0.0556 -0.2100
vn -0.9762 -0.0566 -0.2093
vn -0.2929 -0.3935 0.8714
vn -0.2904 -0.3922 0.8729
vn -0.2946 -0.3944 0.8705
vn -0.2889 -0.3915 0.8737
vn -0.9950 -0.0876 0.0473
vn -0.9950 -0.0880 0.0471
vn -0.9950 -0.0886 0.0467
vn -0.9951 -0.0871 0.0476
vn 0.0853 -0.6336 0.7690
vn 0.0853 -0.6336 0.7689
vn -0.0150 0.1244 -0.9921
vn 0.8948 -0.4456 0.0284
vn 0.8948 -0.4456 0.0285
vn 0.3234 -0.8611 -0.3922
vn 0.3234 -0.8612 -0.3922
vn 0.3234 -0.8611 -0.3923
vn -0.0469 -0.8920 -0.4496
vn 0.2020 -0.2574 0.9450
vn 0.2019 -0.2579 0.9449
vn 0.2019 -0.2578 0.9449
vn 0.2020 -0.2572 0.9450
vn 0.6441 -0.4038 0.6497
vn 0.6437 -0.4045 0.6496
vn 0.6438 -0.4044 0.6496
vn 0.6442 -0.4035 0.6497
vn -0.6803 -0.5207 0.5158
vn 0.9528 0.0105 -0.3034
vn 0.9529 0.0105 -0.3030
vn 0.9530 0.0106 -0.3029
vn 0.9528 0.0103 -0.3035
vn -0.8631 -0.0759 -0.4993
vn -0.8625 -0.0759 -0.5003
vn -0.8628 -0.0765 -0.4997
vn -0.8627 -0.0746 -0.5002
vn 0.0467 -0.1014 -0.9937
vn 0.0472 -0.1012 -0.9937
vn 0.0473 -0.1013 -0.9937
vn 0.0464 -0.1015 -0.9938
vn 0.3912 0.4183 0.8197
vn 0.3911 0.4182 0.8199
vn 0.3915 0.4177 0.8199
vn 0.3915 0.4172 0.8202
vn 0.5444 -0.0257 -0.8384
vn 0.5447 -0.0255 -0.8383
vn 0.5448 -0.0254 -0.8382
vn 0.5443 -0.0257 -0.8385
vn -0.1549 -0.2777 0.9481
vn -0.1545 -0.2791 0.9478
vn -0.1544 -0.2795 0.9477
vn -0.1550 -0.2772 0.9482
vn 0.7132 -0.6995 0.0446
vn -0.6702 -0.7357 -0.0973
vn -0.9733 -0.1577 0.1666
vn -0.9734 -0.1566 0.1672
vn -0.9733 -0.1578 0.1665
vn -0.9734 -0.1570 0.1669
vn -0.8018 -0.0268 0.5969
vn -0.7970 -0.0223 0.6035
vn -0.8042 -0.0297 0.5936
vn -0.7950 -0.0198 0.6063
vn -0.4998 -0.5031 -0.7050
vn -0.5054 -0.5003 -0.7031
vn -0.5017 -0.4999 -0.7060
vn -0.5048 -0.5016 -0.7026
vn 0.9731 -0.1751 -0.1498
vn 0.9728 -0.1736 -0.1533
vn 0.9732 -0.1742 -0.1501
vn 0.9727 -0.1752 -0.1519
vn -0.6633 0.1035 0.7411
vn -0.6634 0.1034 0.7411
vn -0.6649 0.1015 0.7400
vn -0.6617 0.1058 0.7423
vn -0.9673 0.1059 0.2303
vn -0.9673 0.1068 0.2300
vn -0.9677 0.1093 0.2273
vn -0.9668 0.1070 0.2320
vn 0.9305 0.0385 0.3643
vn 0.9306 0.0383 0.3641
vn 0.9300 0.0400 0.3653
vn 0.9310 0.0362 0.3631
vn 0.9257 0.1884 0.3281
vn 0.9260 0.1876 0.3277
vn 0.9259 0.1879 0.3278
vn 0.9262 0.1871 0.3273
vn -0.9478 0.2861 0.1407
vn -0.9477 0.2862 0.1410
vn -0.9479 0.2859 0.1408
vn -0.6044 0.5305 0.5943
vn -0.6044 0.5306 0.5943
vn -0.6046 0.5303 0.5943
vn -0.6040 0.5310 0.5943
vn 0.1548 0.4220 -0.8933
vn 0.1547 0.4221 -0.8933
vn 0.1546 0.4222 -0.8932
vn -0.7662 0.1034 -0.6342
vn -0.7667 0.1015 -0.6339
vn -0.7666 0.1024 -0.6339
vn -0.7664 0.1039 -0.6339
vn 0.1065 -0.3845 -0.9170
vn 0.1072 -0.3844 -0.9169
vn 0.1071 -0.3845 -0.9169
vn 0.1065 -0.3844 -0.9170
vn 0.2189 0.1365 0.9661
vn 0.2190 0.1364 0.9661
vn 0.2175 0.1380 0.9663
vn 0.2205 0.1348 0.9660
vn 0.6037 0.2568 -0.7547
vn 0.6039 0.2565 -0.7547
vn 0.6036 0.2568 -0.7548
vn 0.6042 0.2562 -0.7545
vn -0.8176 -0.2072 0.5371
vn -0.8110 -0.1897 0.5534
vn -0.8115 -0.1829 0.5549
vn -0.8156 -0.2178 0.5361
vn -0.9397 -0.1327 0.3154
vn -0.9375 -0.1368 0.3201
vn -0.9388 -0.1314 0.3184
vn -0.9390 -0.1356 0.3161
vn -0.8276 -0.3541 0.4354
vn -0.8273 -0.3509 0.4386
vn -0.8272 -0.3495 0.4400
vn -0.8278 -0.3558 0.4338
vn -0.9664 -0.0332 0.2550
vn -0.9631 -0.0294 0.2675
vn -0.9649 -0.0261 0.2613
vn -0.9647 -0.0386 0.2604
vn -0.9575 0.1072 -0.2678
vn -0.7471 -0.5314 0.3992
vn -0.7476 -0.5316 0.3981
vn -0.7464 -0.5313 0.4007
vn -0.7486 -0.5313 0.3966
vn -0.9002 -0.0153 -0.4353
vn -0.9016 -0.0160 -0.4323
vn -0.9004 -0.0143 -0.4348
vn -0.9020 -0.0130 -0.4315
vn -0.7453 -0.5758 0.3361
vn -0.7448 -0.5758 0.3372
vn -0.7465 -0.5754 0.3342
vn -0.7441 -0.5758 0.3388
vn -0.9813 -0.1903 0.0301
vn -0.9813 -0.1902 0.0297
vn -0.9813 -0.1903 0.0304
vn -0.9813 -0.1902 0.0295
vn -0.9365 -0.3009 0.1801
vn -0.9368 -0.2993 0.1811
vn -0.9373 -0.3008 0.1760
vn -0.9363 -0.2984 0.1853
vn 0.2151 -0.1150 -0.9698
vn 0.2075 -0.1186 -0.9710
vn 0.2125 -0.1151 -0.9704
vn 0.2054 -0.1188 -0.9714
vn -0.9514 -0.2682 0.1515
vn -0.9516 -0.2678 0.1507
vn -0.9517 -0.2695 0.1470
vn -0.9513 -0.2671 0.1538
vn -0.1989 -0.9754 0.0954
vn -0.1997 -0.9751 0.0963
vn -0.2011 -0.9747 0.0973
vn -0.1978 -0.9756 0.0956
vn -0.9853 -0.0777 -0.1521
vn -0.9850 -0.0792 -0.1532
vn -0.9855 -0.0768 -0.1515
vn -0.9856 -0.0758 -0.1508
vn -0.9783 -0.1299 0.1612
vn -0.9783 -0.1300 0.1611
vn -0.9783 -0.1299 0.1613
vn -0.2286 -0.3448 0.9104
vn -0.9849 -0.0433 -0.1677
vn -0.9849 -0.0434 -0.1676
vn -0.2674 -0.4796 0.8358
vn -0.2693 -0.4809 0.8344
vn -0.2659 -0.4788 0.8367
vn -0.2707 -0.4813 0.8337
vn -0.9888 -0.1415 0.0476
vn -0.9885 -0.1443 0.0451
vn -0.9890 -0.1393 0.0495
vn -0.9893 -0.1361 0.0525
vn -0.0998 -0.9913 0.0857
vn -0.1015 -0.9911 0.0867
vn -0.1034 -0.9908 0.0876
vn -0.0980 -0.9916 0.0846
vn 0.0701 -0.8216 0.5658
vn 0.0559 -0.8303 0.5545
vn 0.0455 -0.8373 0.5448
vn 0.0737 -0.8185 0.5698
vn 0.8133 -0.5644 0.1415
vn -0.0043 -0.9521 -0.3058
vn -0.0043 -0.9521 -0.3059
vn -0.0042 -0.9521 -0.3059
vn 0.5340 -0.8352 -0.1317
vn 0.5340 -0.8351 -0.1317
vn 0.5685 -0.6636 0.4862
vn 0.5685 -0.6637 0.4862
vn 0.0668 -0.7682 0.6367
vn 0.9546 -0.1959 0.2244
vn 0.8916 0.2352 0.3869
vn 0.1126 -0.9631 0.2444
vn 0.4144 -0.8667 0.2777
vn 0.4144 -0.8667 0.2778
vn 0.4143 -0.8667 0.2778
vn 0.4684 -0.7667 0.4391
vn 0.4689 -0.7662 0.4394
vn 0.1053 -0.9365 0.3344
vn 0.4118 -0.9052 -0.1048
vn 0.4117 -0.9052 -0.1048
vn 0.0703 -0.9919 -0.1060
vn 0.0702 -0.9919 -0.1060
vn 0.0703 -0.9919 -0.1061
vn 0.1463 -0.9726 0.1808
vn 0.5993 -0.7950 -0.0936
vn 0.5994 -0.7950 -0.0937
vn 0.7638 -0.1679 0.6233
vn 0.7637 -0.1672 0.6235
vn 0.7637 -0.1665 0.6237
vn 0.7639 -0.1686 0.6229
vn 0.2532 -0.4476 0.8577
vn 0.2551 -0.4437 0.8591
vn 0.2559 -0.4406 0.8605
vn 0.2517 -0.4518 0.8558
vn 0.4084 0.6468 -0.6441
vn 0.4066 0.6491 -0.6429
vn 0.4073 0.6483 -0.6433
vn 0.4055 0.6505 -0.6422
vn 0.9279 0.0450 0.3701
vn 0.9282 0.0433 0.3696
vn 0.9277 0.0461 0.3704
vn 0.9274 0.0476 0.3710
vn 0.9632 0.2685 -0.0090
vn 0.9633 0.2681 -0.0088
vn 0.9637 0.2667 -0.0092
vn 0.9628 0.2699 -0.0086
vn 0.9627 0.2695 -0.0239
vn 0.9638 0.2652 -0.0271
vn 0.9644 0.2629 -0.0302
vn 0.9622 0.2714 -0.0215
vn 0.9811 0.0459 0.1879
vn 0.9813 0.0441 0.1875
vn 0.9822 0.0333 0.1848
vn 0.9802 0.0552 0.1902
vn 0.2930 -0.3370 0.8948
vn 0.2915 -0.3415 0.8935
vn 0.2908 -0.3442 0.8927
vn 0.2936 -0.3342 0.8956
vn 0.7809 -0.1315 0.6107
vn 0.7809 -0.1312 0.6107
vn 0.7799 -0.1359 0.6110
vn 0.7819 -0.1266 0.6104
vn 0.8939 -0.1100 0.4347
vn 0.8940 -0.1086 0.4347
vn 0.8907 -0.1299 0.4357
vn 0.8962 -0.0907 0.4343
vn 0.3444 -0.3554 0.8690
vn 0.3480 -0.3477 0.8706
vn 0.3541 -0.3336 0.8737
vn 0.3385 -0.3695 0.8654
vn 0.9291 0.1162 0.3511
vn 0.9311 0.1045 0.3495
vn 0.9288 0.1183 0.3513
vn 0.9268 0.1300 0.3524
vn 0.9463 0.3209 0.0403
vn 0.9465 0.3201 0.0418
vn 0.9493 0.3119 0.0388
vn 0.9438 0.3276 0.0434
vn 0.9764 0.0187 0.2150
vn 0.3011 -0.5193 0.7998
vn 0.3002 -0.5222 0.7983
vn 0.3029 -0.5191 0.7992
vn 0.2990 -0.5208 0.7996
vn 0.8439 -0.0988 0.5273
vn 0.8444 -0.0950 0.5272
vn 0.8422 -0.1073 0.5284
vn 0.8470 -0.0882 0.5242
vn 0.7980 -0.3759 0.4711
vn 0.7990 -0.3719 0.4726
vn 0.7976 -0.3755 0.4720
vn 0.8007 -0.3721 0.4695
vn 0.2013 -0.6906 0.6947
vn 0.1997 -0.6919 0.6939
vn 0.1970 -0.6946 0.6919
vn 0.2028 -0.6887 0.6961
vn 0.8311 0.4251 -0.3585
vn 0.8318 0.4239 -0.3583
vn 0.8314 0.4245 -0.3585
vn 0.8307 0.4258 -0.3586
vn 0.3618 0.7761 -0.5165
vn 0.3586 0.7740 -0.5219
vn 0.3606 0.7759 -0.5177
vn 0.3638 0.7780 -0.5122
vn 0.7743 0.5796 -0.2540
vn 0.7747 0.5797 -0.2526
vn 0.7722 0.5788 -0.2619
vn 0.7767 0.5804 -0.2446
vn 0.7286 0.5999 -0.3306
vn 0.7234 0.6008 -0.3401
vn 0.7214 0.6042 -0.3384
vn 0.7306 0.5966 -0.3319
vn 0.3298 0.7492 -0.5743
vn 0.3276 0.7479 -0.5773
vn 0.3355 0.7529 -0.5662
vn 0.3220 0.7443 -0.5851
vn 0.1297 0.1201 -0.9842
vn 0.1301 0.1202 -0.9842
vn 0.1295 0.1200 -0.9843
vn 0.1290 0.1199 -0.9844
vn 0.2064 -0.3067 -0.9291
vn 0.2248 -0.3256 -0.9184
vn 0.1942 -0.2945 -0.9357
vn 0.2322 -0.3401 -0.9113
vn 0.3050 -0.3445 -0.8878
vn 0.3078 -0.3420 -0.8879
vn 0.3166 -0.3366 -0.8868
vn 0.2931 -0.3527 -0.8887
vn 0.0094 0.1694 -0.9855
vn 0.0511 -0.1540 -0.9868
vn 0.0511 -0.1541 -0.9867
vn 0.0510 -0.1540 -0.9868
vn -0.8740 -0.2635 -0.4083
vn -0.8708 -0.2776 -0.4058
vn -0.8760 -0.2730 -0.3976
vn -0.8711 -0.2852 -0.3998
vn 0.4694 0.0327 -0.8824
vn 0.4694 0.0326 -0.8824
vn 0.4703 0.0313 -0.8819
vn 0.4686 0.0340 -0.8828
vn 0.3689 -0.6833 -0.6300
vn 0.4490 -0.6716 -0.5893
vn 0.3491 -0.6854 -0.6391
vn 0.4703 -0.6672 -0.5776
vn 0.2964 -0.4433 -0.8459
vn 0.5601 -0.7302 -0.3913
vn 0.5600 -0.7299 -0.3921
vn 0.5599 -0.7296 -0.3926
vn 0.4023 -0.7991 -0.4467
vn 0.3664 -0.8121 -0.4541
vn 0.4106 -0.7961 -0.4446
vn 0.3628 -0.8133 -0.4549
vn 0.1067 -0.9935 0.0402
vn 0.1083 -0.9934 0.0387
vn 0.1052 -0.9936 0.0416
vn 0.1112 -0.9808 0.1603
vn 0.1111 -0.9808 0.1602
vn 0.1113 -0.9808 0.1604
vn 0.1109 -0.9808 0.1601
vn 0.2664 -0.9248 -0.2715
vn 0.2674 -0.9248 -0.2707
vn 0.2680 -0.9251 -0.2689
vn 0.2657 -0.9245 -0.2734
vn 0.1494 -0.9820 -0.1159
vn 0.1502 -0.9819 -0.1152
vn 0.1470 -0.9821 -0.1176
vn 0.1524 -0.9818 -0.1136
vn 0.3276 -0.8826 -0.3371
vn 0.3416 -0.8778 -0.3357
vn 0.3393 -0.8789 -0.3353
vn 0.3270 -0.8829 -0.3370
vn -0.9847 0.1054 -0.1386
vn -1.0000 -0.0024 0.0013
vn -0.9915 -0.1287 -0.0203
vn -0.9915 -0.1286 -0.0203
vn -0.8073 -0.0971 0.5821
vn -0.8073 -0.0972 0.5821
vn -0.9934 -0.1094 -0.0341
vn -0.9934 -0.1095 -0.0342
vn -0.9946 -0.1019 -0.0204
vn -0.9946 -0.1019 -0.0203
vn 0.9674 0.0699 -0.2433
vn 0.2806 -0.3342 0.8998
vn -0.8103 -0.5785 0.0932
vn -0.8104 -0.5785 0.0932
vn -0.8104 -0.5784 0.0932
vn -0.5905 -0.7732 -0.2312
vn 0.3035 0.8098 -0.5021
vn -0.6380 -0.7699 0.0128
vn -0.6380 -0.7699 0.0129
vn 0.1958 0.8338 0.5161
vn -0.2557 -0.4711 -0.8442
vn -0.2556 -0.4711 -0.8443
vn -0.2555 -0.4711 -0.8443
vn 0.0567 0.2229 -0.9732
vn 0.4365 0.8203 -0.3696
vn 0.4363 0.8204 -0.3695
vn -0.7098 -0.6887 0.1477
vn -0.7230 -0.5991 -0.3441
vn -0.7230 -0.5991 -0.3440
vn -0.7712 -0.6365 0.0143
vn -0.7711 -0.6365 0.0143
vn -0.7711 -0.6366 0.0143
vn -0.2227 -0.4084 0.8852
vn -0.2228 -0.4085 0.8852
vn -0.3000 -0.2882 0.9093
vn -0.3000 -0.2883 0.9094
vn -0.3000 -0.2883 0.9093
vn 0.1253 0.9122 0.3901
vn 0.1252 0.9122 0.3901
vn 0.1253 0.9122 0.3900
vn -0.3903 -0.2082 -0.8969
vn -0.3902 -0.2081 -0.8969
vn -0.2865 0.2771 -0.9172
vn -0.2864 0.2770 -0.9172
vn -0.2865 0.2771 -0.9171
vn -0.3292 0.7218 -0.6088
vn -0.3291 0.7218 -0.6088
vn -0.5632 -0.3321 0.7567
vn -0.5631 -0.3321 0.7567
vn 0.4585 0.2047 -0.8648
vn 0.3364 0.6493 0.6821
vn -0.1312 0.0530 -0.9899
vn -0.1311 0.0528 -0.9900
vn -0.1311 0.0531 -0.9899
vn 0.1552 0.6861 -0.7108
vn 0.1552 0.6861 -0.7107
vn 0.1347 0.9174 0.3745
vn 0.1346 0.9174 0.3745
vn -0.0225 0.1080 -0.9939
vn -0.0224 0.1080 -0.9939
vn 0.3250 -0.5778 -0.7487
vn 0.3250 -0.5778 -0.7486
vn 0.3251 -0.5778 -0.7487
vn -0.4584 -0.3105 -0.8328
vn -0.4584 -0.3105 -0.8327
vn 0.5763 0.5732 -0.5825
vn 0.5763 0.5732 -0.5826
vn 0.5762 0.5732 -0.5825
vn 0.5108 0.0956 -0.8544
vn 0.3375 0.4628 0.8197
vn 0.3374 0.4628 0.8197
vn 0.6282 0.6922 -0.3554
vn 0.6282 0.6921 -0.3554
vn 0.3608 -0.1615 -0.9186
vn 0.3607 -0.1615 -0.9186
vn 0.3608 -0.1615 -0.9185
vn -0.2104 0.1549 -0.9653
vn -0.5008 0.6815 0.5337
vn -0.5008 0.6815 0.5336
vn -0.5008 0.6814 0.5337
vn -0.9254 -0.1352 0.3540
vn -0.9254 -0.1352 0.3541
vn -0.0920 0.6031 -0.7924
vn -0.0919 0.6030 -0.7924
vn -0.7188 0.6679 -0.1927
vn -0.7189 0.6678 -0.1928
vn -0.7189 0.6679 -0.1927
vn -0.7189 0.6679 -0.1928
vn -0.2885 0.9402 -0.1812
vn -0.2885 0.9402 -0.1813
vn -0.9683 -0.2030 -0.1454
vn -0.9683 -0.2029 -0.1454
vn -0.9979 -0.0129 0.0627
vn -0.9979 -0.0128 0.0627
vn -0.8997 -0.1099 0.4224
vn -0.8998 -0.1099 0.4222
vn -0.8955 -0.0830 0.4373
vn -0.8955 -0.0832 0.4373
vn -0.8955 -0.0831 0.4373
vn -0.5874 0.4168 -0.6937
vn -0.8262 -0.2516 0.5041
vn -0.9668 -0.2460 0.0700
vn -0.9668 -0.2460 0.0699
vn -0.9667 -0.2460 0.0700
vn -0.9950 -0.0725 -0.0680
vn -0.9521 -0.1030 0.2878
vn -0.9884 0.1095 0.1054
vn -0.9884 0.1096 0.1054
vn -0.7506 0.3643 -0.5513
vn -0.8888 -0.2419 -0.3894
vn -0.8887 -0.2419 -0.3894
vn -0.7251 0.0738 -0.6847
vn -0.7250 0.0737 -0.6847
vn 0.0200 0.9515 0.3071
vn -0.2621 0.1307 0.9561
vn -0.2639 0.1297 0.9558
vn -0.2631 0.1302 0.9560
vn -0.2612 0.1312 0.9563
vn 0.7163 0.0569 0.6955
vn 0.7149 0.0559 0.6970
vn 0.7157 0.0565 0.6961
vn 0.7170 0.0575 0.6947
vn -0.1449 -0.3712 -0.9172
vn -0.1421 -0.3724 -0.9171
vn -0.1432 -0.3721 -0.9171
vn -0.1461 -0.3708 -0.9172
vn -0.8427 0.1455 0.5183
vn -0.8423 0.1449 0.5191
vn -0.8420 0.1444 0.5199
vn -0.8431 0.1459 0.5176
vn 0.9941 -0.0933 -0.0550
vn -0.5590 -0.6308 -0.5381
vn -0.8647 -0.4356 -0.2502
vn -0.8647 -0.4355 -0.2501
vn -0.8647 -0.4355 -0.2502
vn -0.5060 0.0422 -0.8615
vn -0.5061 0.0422 -0.8615
vn -0.6651 0.0012 -0.7467
vn -0.6651 0.0012 -0.7468
vn -0.3579 0.2750 -0.8923
vn -0.3579 0.2750 -0.8924
vn -0.5878 0.1090 -0.8017
vn -0.5877 0.1091 -0.8017
vn -0.5878 0.1090 -0.8016
vn -0.6313 0.3520 -0.6911
vn -0.1595 0.9768 -0.1426
vn -0.1668 0.9729 -0.1601
vn -0.1673 0.9755 -0.1428
vn -0.1712 0.9724 -0.1582
vn -0.9957 0.0402 -0.0839
vn -0.3651 0.7272 -0.5813
vn -0.3650 0.7272 -0.5813
vn -0.2274 0.9720 -0.0588
vn -0.2275 0.9720 -0.0588
vn -0.2274 0.9720 -0.0587
vn -0.9969 0.0311 -0.0727
vn -0.9969 0.0310 -0.0727
vn -0.9969 0.0310 -0.0728
vn -0.9837 0.1753 0.0391
vn -0.8120 -0.1913 0.5515
vn -0.4778 -0.3089 -0.8223
vn -0.4776 -0.3091 -0.8224
vn -0.4777 -0.3090 -0.8224
vn -0.4778 -0.3089 -0.8224
vn -0.9725 -0.1113 0.2045
vn -0.9725 -0.1110 0.2047
vn -0.9725 -0.1115 0.2044
vn -0.9725 -0.1118 0.2042
vn -0.9891 -0.1429 -0.0356
vn -0.9891 -0.1426 -0.0355
vn -0.9891 -0.1430 -0.0357
vn -0.9890 -0.1433 -0.0359
vn -0.2400 -0.4166 0.8768
vn -0.2424 -0.4180 0.8755
vn -0.2410 -0.4172 0.8763
vn -0.2388 -0.4158 0.8775
vn 0.3846 -0.2231 -0.8957
vn 0.3842 -0.2227 -0.8960
vn 0.3849 -0.2233 -0.8955
vn 0.3855 -0.2239 -0.8951
vn -0.2844 0.8331 -0.4743
vn -0.2844 0.8332 -0.4743
vn -0.2843 0.8332 -0.4743
vn -0.0523 0.6630 -0.7468
vn -0.0528 0.6631 -0.7466
vn -0.0522 0.6630 -0.7468
vn -0.0532 0.6632 -0.7465
vn -0.7599 0.4802 -0.4381
vn -0.7599 0.4803 -0.4380
vn -0.7598 0.4804 -0.4380
vn -0.5586 -0.1927 -0.8068
vn -0.5594 -0.1924 -0.8063
vn -0.5592 -0.1925 -0.8064
vn -0.5585 -0.1927 -0.8068
vn -0.1480 -0.0850 0.9853
vn -0.1483 -0.0850 0.9853
vn -0.1051 -0.1930 -0.9756
vn -0.1053 -0.1930 -0.9755
vn -0.1050 -0.1930 -0.9756
vn -0.8606 -0.0991 0.4996
vn -0.9435 -0.1985 -0.2654
vn -0.9434 -0.1985 -0.2658
vn -0.9433 -0.1986 -0.2658
vn -0.9435 -0.1985 -0.2653
vn 0.7804 -0.2357 -0.5791
vn 0.7802 -0.2358 -0.5794
vn 0.7801 -0.2358 -0.5795
vn 0.7805 -0.2357 -0.5791
vn -0.2396 -0.0408 0.9700
vn -0.2392 -0.0406 0.9701
vn -0.2394 -0.0407 0.9701
vn -0.2398 -0.0409 0.9700
vn -0.9834 0.1520 -0.0988
vn 0.7806 0.0647 0.6216
vn 0.7803 0.0644 0.6221
vn 0.7807 0.0647 0.6216
vn 0.7810 0.0653 0.6212
vn 0.7804 -0.0360 -0.6242
vn -0.9893 -0.0040 -0.1462
vn -0.9892 -0.0040 -0.1462
vn 0.8498 -0.0111 0.5270
vn 0.8499 -0.0112 0.5268
vn 0.8497 -0.0110 0.5271
vn 0.9874 -0.0560 0.1482
vn -0.8867 0.0402 0.4606
vn -0.8865 0.0401 0.4610
vn -0.8864 0.0401 0.4611
vn -0.9169 0.0880 0.3894
vn -0.9169 0.0879 0.3893
vn -0.9169 0.0879 0.3894
vn 0.9946 -0.0590 0.0854
vn -0.8933 -0.1293 0.4304
vn -0.8932 -0.1289 0.4307
vn -0.8935 -0.1294 0.4301
vn -0.8935 -0.1298 0.4298
vn -0.5999 -0.0746 -0.7966
vn -0.5998 -0.0745 -0.7966
vn -0.6000 -0.0747 -0.7965
vn -0.2608 -0.4218 0.8684
vn -0.2610 -0.4216 0.8684
vn -0.2613 -0.4214 0.8684
vn -0.2606 -0.4219 0.8684
vn -0.1329 0.0301 -0.9907
vn -0.1332 0.0301 -0.9906
vn -0.1331 0.0301 -0.9906
vn -0.1438 0.1323 0.9807
vn -0.6175 0.0358 -0.7858
vn -0.6174 0.0358 -0.7858
vn 0.9017 0.2918 -0.3190
vn 0.9018 0.2918 -0.3188
vn 0.9017 0.2917 -0.3192
vn 0.9018 0.2921 -0.3186
vn -0.9815 0.1568 -0.1096
vn -0.9815 0.1568 -0.1098
vn -0.9815 0.1569 -0.1095
vn -0.9177 -0.1595 0.3639
vn -0.9177 -0.1595 0.3640
vn -0.9177 -0.1596 0.3638
vn -0.9177 -0.1597 0.3637
vn -0.9796 0.0333 -0.1983
vn -0.9795 0.0335 -0.1984
vn -0.9795 0.0335 -0.1985
vn -0.9796 0.0334 -0.1982
vn 0.8271 -0.1112 -0.5510
vn 0.8270 -0.1112 -0.5510
vn -0.0606 -0.1421 -0.9880
vn -0.0605 -0.1420 -0.9880
vn -0.0608 -0.1422 -0.9880
vn -0.3781 -0.5837 0.7186
vn -0.3780 -0.5837 0.7186
vn -0.3781 -0.5836 0.7186
vn -0.3780 -0.5838 0.7186
vn -0.1218 0.6305 -0.7665
vn -0.1211 0.6309 -0.7664
vn -0.9865 0.0948 -0.1337
vn -0.0818 0.7189 -0.6903
vn -0.0819 0.7189 -0.6903
vn -0.0817 0.7190 -0.6902
vn -0.2642 -0.4837 0.8344
vn -0.2641 -0.4839 0.8343
vn -0.2640 -0.4840 0.8343
vn -0.5978 0.5649 -0.5689
vn -0.5978 0.5648 -0.5688
vn -0.4053 -0.7894 0.4610
vn -0.0379 0.2959 -0.9545
vn -0.0366 0.2949 -0.9548
vn -0.0374 0.2955 -0.9546
vn -0.0385 0.2963 -0.9543
vn -0.9797 -0.1357 -0.1479
vn -0.9797 -0.1357 -0.1478
vn -0.9796 -0.1357 -0.1480
vn -0.4944 0.5671 -0.6588
vn -0.4945 0.5670 -0.6588
vn -0.4943 0.5671 -0.6588
vn -0.8688 -0.3167 0.3807
vn -0.8687 -0.3167 0.3808
vn -0.6057 0.3615 -0.7088
vn -0.9850 -0.1423 -0.0980
vn -0.9850 -0.1421 -0.0981
vn -0.9849 -0.1426 -0.0979
vn -0.9850 -0.1418 -0.0982
vn 0.6862 -0.4560 0.5667
vn -0.9335 -0.2589 0.2480
vn -0.9337 -0.2590 0.2473
vn -0.9336 -0.2589 0.2477
vn -0.9334 -0.2589 0.2483
vn -0.5328 -0.0614 -0.8440
vn -0.5333 -0.0614 -0.8437
vn -0.5332 -0.0612 -0.8437
vn -0.5329 -0.0612 -0.8440
vn -0.4293 0.2247 -0.8747
vn -0.4281 0.2243 -0.8754
vn -0.4287 0.2245 -0.8751
vn -0.4297 0.2249 -0.8745
vn -0.8046 -0.5399 0.2471
vn -0.8046 -0.5399 0.2472
vn -0.6539 0.7279 0.2063
vn -0.6532 0.7286 0.2061
vn -0.6539 0.7280 0.2060
vn -0.6532 0.7286 0.2062
vn -0.0210 0.7699 -0.6379
vn -0.0206 0.7698 -0.6380
vn -0.0205 0.7696 -0.6382
vn -0.0213 0.7700 -0.6377
vn -0.8505 -0.0740 0.5207
vn -0.8528 -0.0728 0.5171
vn -0.8509 -0.0740 0.5201
vn -0.8533 -0.0727 0.5163
vn -0.6309 -0.0985 -0.7696
vn -0.6310 -0.0987 -0.7695
vn -0.6308 -0.0981 -0.7697
vn -0.6311 -0.0990 -0.7693
vn -0.9986 -0.0152 -0.0509
vn -0.9986 -0.0153 -0.0509
vn -0.9986 -0.0151 -0.0510
vn -0.8673 0.4896 -0.0901
vn -0.8676 0.4891 -0.0898
vn -0.8670 0.4900 -0.0905
vn -0.8679 0.4886 -0.0894
vn -0.8642 0.4191 0.2785
vn -0.8640 0.4197 0.2781
vn -0.8643 0.4185 0.2789
vn -0.8638 0.4203 0.2777
vn 0.2014 -0.0730 -0.9768
vn 0.2015 -0.0730 -0.9768
vn 0.9822 -0.0407 -0.1833
vn -0.8852 -0.0268 0.4644
vn -0.8852 -0.0268 0.4643
vn -0.4987 -0.0738 -0.8636
vn 0.5547 -0.0491 0.8306
vn 0.5546 -0.0491 0.8307
vn 0.5546 -0.0491 0.8306
vn -0.2718 -0.0443 0.9613
vn -0.2718 -0.0442 0.9613
vn -0.9914 -0.0433 -0.1238
vn 0.9883 -0.0337 0.1490
vn 0.9883 -0.0336 0.1491
vn 0.9882 -0.0336 0.1491
vn 0.9470 0.0977 0.3060
vn 0.9470 0.0976 0.3061
vn 0.9471 0.0978 0.3058
vn 0.9328 -0.1625 0.3217
vn 0.9328 -0.1624 0.3218
vn 0.9328 -0.1625 0.3216
vn -0.9798 -0.1403 -0.1426
vn -0.9798 -0.1403 -0.1427
vn -0.9798 -0.1402 -0.1425
vn 0.9812 -0.1496 -0.1220
vn 0.9812 -0.1494 -0.1222
vn 0.9812 -0.1495 -0.1220
vn 0.9812 -0.1497 -0.1219
vn 0.3645 -0.1594 -0.9175
vn -0.8881 -0.1553 0.4326
vn -0.8882 -0.1553 0.4325
vn -0.8881 -0.1553 0.4325
vn -0.3957 -0.1319 -0.9089
vn -0.3958 -0.1319 -0.9088
vn 0.3060 -0.2135 0.9278
vn 0.3061 -0.2135 0.9278
vn -0.2306 -0.2044 0.9513
vn -0.2306 -0.2043 0.9514
vn 0.3463 0.1848 0.9198
vn 0.3470 0.1843 0.9196
vn -0.2742 0.1812 0.9444
vn -0.2735 0.1817 0.9446
vn -0.9888 0.0223 -0.1477
vn -0.9888 0.0224 -0.1477
vn -0.9888 0.0224 -0.1478
vn -0.9888 0.0223 -0.1476
vn 0.9958 0.0125 -0.0911
vn 0.9958 0.0124 -0.0911
vn 0.9958 0.0123 -0.0911
vn 0.3926 -0.0222 -0.9194
vn 0.3928 -0.0222 -0.9194
vn 0.3928 -0.0223 -0.9194
vn 0.3927 -0.0223 -0.9194
vn -0.8869 0.1007 0.4509
vn -0.8868 0.1007 0.4510
vn -0.8868 0.1005 0.4511
vn -0.8869 0.1009 0.4507
vn -0.3721 -0.0608 -0.9262
vn -0.3724 -0.0609 -0.9261
vn -0.3721 -0.0609 -0.9262
vn 0.3912 -0.1376 -0.9100
vn 0.3911 -0.1375 -0.9100
vn 0.3913 -0.1376 -0.9099
vn -0.2365 -0.3054 0.9224
vn -0.2361 -0.3053 0.9225
vn -0.2362 -0.3053 0.9225
vn -0.9872 -0.1034 -0.1216
vn -0.9872 -0.1034 -0.1215
vn -0.9872 -0.1033 -0.1217
vn -0.9522 -0.1284 0.2773
vn -0.9521 -0.1283 0.2775
vn -0.9522 -0.1283 0.2774
vn -0.9522 -0.1284 0.2772
vn -0.3958 -0.2018 -0.8959
vn -0.3957 -0.2019 -0.8959
vn -0.3958 -0.2019 -0.8959
vn -0.3959 -0.2018 -0.8958
vn -0.4340 -0.3596 0.8261
vn -0.4292 -0.3545 0.8307
vn -0.4328 -0.3577 0.8275
vn -0.4379 -0.3630 0.8225
vn -0.9841 -0.1694 0.0529
vn -0.9844 -0.1675 0.0537
vn -0.9843 -0.1683 0.0533
vn -0.9846 -0.1662 0.0541
vn -0.0343 -0.9982 -0.0491
vn -0.4960 -0.3078 -0.8119
vn -0.4978 -0.3061 -0.8115
vn -0.4962 -0.3076 -0.8119
vn -0.4944 -0.3093 -0.8123
vn -0.9679 0.0847 -0.2366
vn -0.9681 0.0839 -0.2359
vn -0.9684 0.0832 -0.2351
vn -0.9678 0.0850 -0.2369
vn -0.7114 -0.3349 0.6178
vn -0.7070 -0.3272 0.6270
vn -0.7126 -0.3355 0.6162
vn -0.7045 -0.3258 0.6305
vn -0.7034 -0.3155 -0.6369
vn -0.7044 -0.3199 -0.6336
vn -0.7062 -0.3226 -0.6302
vn -0.7016 -0.3128 -0.6402
vn -0.9803 -0.1883 0.0589
vn -0.9804 -0.1877 0.0593
vn -0.9809 -0.1845 0.0615
vn -0.9799 -0.1914 0.0569
vn -0.9966 0.0789 -0.0220
vn -0.9967 0.0787 -0.0221
vn -0.9966 0.0789 -0.0221
vn -0.9813 0.1138 0.1553
vn -0.9813 0.1138 0.1556
vn -0.9812 0.1137 0.1561
vn -0.9814 0.1142 0.1546
vn -0.9455 -0.2382 0.2219
vn -0.9456 -0.2375 0.2225
vn -0.9458 -0.2348 0.2245
vn -0.9453 -0.2409 0.2199
vn -0.9680 -0.1314 0.2139
vn -0.9680 -0.1305 0.2144
vn -0.9680 -0.1324 0.2133
vn -0.9679 -0.1332 0.2130
vn -0.9842 0.1544 -0.0869
vn -0.9835 0.1593 -0.0855
vn -0.9842 0.1529 -0.0894
vn -0.9836 0.1608 -0.0812
vn -0.9895 0.1433 0.0196
vn -0.9892 0.1453 0.0214
vn -0.9894 0.1440 0.0203
vn -0.9897 0.1419 0.0184
vn -0.0827 0.9522 -0.2942
vn -0.0825 0.9510 -0.2981
vn -0.0836 0.9519 -0.2946
vn -0.0833 0.9508 -0.2984
vn -0.5616 0.7882 -0.2516
vn -0.5621 0.7884 -0.2500
vn -0.5608 0.7889 -0.2512
vn -0.5632 0.7875 -0.2504
vn -0.8882 0.3708 0.2711
vn -0.8882 0.3709 0.2711
vn -0.9983 0.0535 0.0224
vn -0.9983 0.0533 0.0217
vn -0.9983 0.0534 0.0220
vn -0.9375 0.1746 0.3010
vn -0.9942 0.0571 0.0907
vn -0.9813 -0.1924 0.0081
vn -0.9426 -0.3016 -0.1433
vn -0.9426 -0.3017 -0.1433
vn -0.2989 0.7259 -0.6195
vn -0.2989 0.7258 -0.6195
vn -0.9784 -0.1678 -0.1209
vn -0.7916 0.0485 0.6091
vn -0.8719 -0.1379 0.4698
vn -0.8719 -0.1378 0.4698
vn -0.8651 -0.2166 0.4525
vn -0.9934 0.1139 -0.0150
vn -0.9808 0.1022 0.1661
vn -0.9808 0.1021 0.1661
vn -0.9549 0.2957 0.0289
vn -0.9534 0.3003 0.0272
vn -0.9536 0.3002 0.0213
vn -0.9549 0.2954 0.0299
vn -0.4794 0.8729 0.0906
vn -0.4776 0.8737 0.0926
vn -0.4797 0.8729 0.0889
vn -0.4776 0.8736 0.0935
vn -0.0864 0.9920 0.0919
vn -0.0876 0.9918 0.0926
vn -0.0871 0.9918 0.0930
vn -0.0859 0.9920 0.0926
vn -0.0732 0.8727 -0.4827
vn -0.0735 0.8733 -0.4817
vn -0.0720 0.8727 -0.4828
vn -0.0748 0.8732 -0.4815
vn -0.5607 0.7229 -0.4038
vn -0.5598 0.7230 -0.4049
vn -0.5581 0.7230 -0.4072
vn -0.5624 0.7231 -0.4012
vn -0.9944 0.0502 0.0935
vn -0.9945 0.0485 0.0930
vn -0.9943 0.0508 0.0937
vn -0.9946 0.0467 0.0924
vn -0.9783 0.1814 0.1001
vn -0.9785 0.1805 0.0993
vn -0.9792 0.1789 0.0962
vn -0.9792 0.1791 0.0953
vn -0.9766 0.1904 -0.1002
vn -0.9766 0.1924 -0.0960
vn -0.9765 0.1891 -0.1031
vn -0.9769 0.1924 -0.0931
vn -0.9621 0.0031 -0.2727
vn -0.9619 0.0028 -0.2734
vn -0.9623 0.0028 -0.2719
vn -0.9618 0.0029 -0.2737
vn -0.4930 0.8685 0.0525
vn -0.4961 0.8665 0.0563
vn -0.4952 0.8669 0.0566
vn -0.4892 0.8705 0.0546
vn -0.7927 0.5880 -0.1612
vn -0.7950 0.5844 -0.1626
vn -0.7933 0.5870 -0.1615
vn -0.7960 0.5829 -0.1630
vn -0.2904 0.6058 -0.7407
vn -0.2896 0.6059 -0.7410
vn -0.2911 0.6057 -0.7405
vn -0.2890 0.6060 -0.7411
vn -0.5528 0.7927 -0.2570
vn -0.5548 0.7916 -0.2560
vn -0.5522 0.7931 -0.2572
vn -0.5557 0.7911 -0.2559
vn -0.1080 0.9323 -0.3453
vn -0.1102 0.9316 -0.3465
vn -0.1122 0.9310 -0.3474
vn -0.1062 0.9329 -0.3441
vn -0.8869 0.4285 0.1723
vn -0.8870 0.4287 0.1716
vn -0.8874 0.4282 0.1709
vn -0.8865 0.4291 0.1729
vn -0.9069 0.2858 0.3096
vn -0.9066 0.2858 0.3103
vn -0.9064 0.2865 0.3106
vn -0.9071 0.2854 0.3094
vn -0.9444 -0.0408 0.3262
vn -0.9444 -0.0410 0.3263
vn -0.9445 -0.0408 0.3261
vn -0.5106 -0.8049 -0.3025
vn -0.5852 -0.6852 0.4337
vn -0.5865 -0.6838 0.4340
vn -0.5863 -0.6850 0.4324
vn -0.5857 -0.6839 0.4351
vn -0.6649 0.1995 -0.7198
vn -0.6652 0.1989 -0.7197
vn -0.6653 0.1990 -0.7196
vn -0.6651 0.1996 -0.7196
vn -0.9942 -0.0792 -0.0723
vn -0.9942 -0.0791 -0.0727
vn -0.9942 -0.0790 -0.0728
vn -0.9942 -0.0793 -0.0721
vn -0.9794 0.2015 -0.0165
vn -0.9794 0.2014 -0.0165
vn -0.9882 0.1339 -0.0747
vn -0.9882 0.1340 -0.0745
vn -0.9882 0.1339 -0.0745
vn -0.9882 0.1339 -0.0749
vn -0.9956 -0.0492 -0.0797
vn -0.9955 -0.0500 -0.0806
vn -0.9956 -0.0494 -0.0794
vn -0.9955 -0.0500 -0.0809
vn -0.7118 -0.6921 0.1198
vn -0.7114 -0.6926 0.1191
vn -0.7123 -0.6915 0.1205
vn -0.7671 -0.6408 0.0296
vn -0.7671 -0.6409 0.0296
vn -0.7671 -0.6408 0.0297
vn -0.6970 0.7075 0.1165
vn -0.6973 0.7071 0.1173
vn -0.6975 0.7068 0.1181
vn -0.6970 0.7076 0.1159
vn -0.6597 0.7257 0.1955
vn -0.6596 0.7257 0.1955
vn -0.6596 0.7258 0.1954
vn -0.6597 0.7256 0.1957
vn -0.1142 0.9453 0.3056
vn -0.1150 0.9449 0.3064
vn -0.1134 0.9456 0.3049
vn -0.1275 0.9530 0.2747
vn -0.1277 0.9529 0.2751
vn -0.1282 0.9526 0.2758
vn -0.1272 0.9532 0.2743
vn 0.4798 -0.3058 -0.8223
vn 0.4807 -0.3051 -0.8221
vn 0.4812 -0.3049 -0.8218
vn 0.4794 -0.3056 -0.8226
vn -0.9917 0.1269 0.0182
vn -0.9916 0.1274 0.0202
vn -0.9917 0.1271 0.0196
vn -0.9918 0.1266 0.0178
vn -0.7078 -0.5890 -0.3900
vn -0.7079 -0.5889 -0.3901
vn -0.7063 -0.5903 -0.3907
vn -0.7094 -0.5878 -0.3888
vn -0.0359 -0.9962 -0.0788
vn -0.6900 0.7223 -0.0463
vn -0.6900 0.7223 -0.0462
vn -0.6897 0.7227 -0.0458
vn -0.6906 0.7217 -0.0470
vn -0.6450 0.7620 -0.0580
vn -0.6452 0.7617 -0.0583
vn -0.6459 0.7612 -0.0589
vn -0.6444 0.7625 -0.0575
vn -0.1033 0.9858 -0.1325
vn -0.1036 0.9857 -0.1327
vn -0.1034 0.9858 -0.1325
vn -0.1120 0.9934 -0.0252
vn -0.1120 0.9934 -0.0251
vn -0.7588 -0.6300 -0.1656
vn -0.7589 -0.6299 -0.1652
vn -0.7589 -0.6298 -0.1655
vn -0.7588 -0.6300 -0.1653
vn -0.6055 -0.7742 -0.1841
vn -0.6060 -0.7746 -0.1807
vn -0.6060 -0.7739 -0.1842
vn -0.6066 -0.7742 -0.1806
vn -0.9906 -0.0880 0.1050
vn -0.9905 -0.0883 0.1058
vn -0.9904 -0.0886 0.1064
vn -0.9907 -0.0876 0.1043
vn -0.9814 0.1597 0.1061
vn -0.9814 0.1598 0.1063
vn -0.9813 0.1604 0.1068
vn -0.9815 0.1595 0.1059
vn -0.9734 0.2237 -0.0493
vn -0.9734 0.2239 -0.0494
vn -0.9735 0.2235 -0.0491
vn -0.9936 -0.1047 -0.0426
vn -0.9936 -0.1043 -0.0435
vn -0.9936 -0.1039 -0.0442
vn -0.9936 -0.1050 -0.0419
vn -0.1468 0.9642 0.2207
vn -0.1466 0.9643 0.2206
vn -0.1467 0.9643 0.2205
vn -0.1467 0.9642 0.2208
vn 0.9847 0.1054 -0.1386
vn 0.9999 -0.0082 -0.0064
vn 0.9823 -0.1722 0.0739
vn 0.7431 -0.1314 0.6561
vn 0.9864 -0.1532 0.0604
vn 0.9864 -0.1531 0.0604
vn 0.9864 -0.1532 0.0603
vn 0.9866 -0.1456 0.0742
vn -0.9691 0.0893 -0.2298
vn -0.2806 -0.3342 0.8998
vn 0.7715 -0.6134 0.1687
vn 0.7715 -0.6134 0.1688
vn 0.5752 -0.7990 -0.1756
vn -0.2183 0.8213 -0.5270
vn 0.5994 -0.7972 0.0720
vn 0.5993 -0.7973 0.0719
vn 0.5994 -0.7973 0.0719
vn -0.2071 0.8427 0.4969
vn 0.3138 -0.4836 -0.8171
vn 0.0461 0.2232 -0.9737
vn 0.0461 0.2231 -0.9737
vn -0.3626 0.8380 -0.4077
vn -0.3628 0.8379 -0.4077
vn -0.3627 0.8380 -0.4077
vn 0.6615 -0.7190 0.2132
vn 0.7254 -0.6311 -0.2749
vn 0.7375 -0.6699 0.0863
vn 0.7374 -0.6699 0.0863
vn 0.7375 -0.6698 0.0863
vn 0.1192 -0.4160 0.9015
vn 0.1193 -0.4160 0.9015
vn 0.1192 -0.4159 0.9015
vn 0.1991 -0.2992 0.9332
vn 0.1991 -0.2993 0.9332
vn 0.1990 -0.2993 0.9332
vn -0.1215 0.9177 0.3783
vn 0.4643 -0.2270 -0.8561
vn 0.3844 0.2622 -0.8851
vn 0.4171 0.7053 -0.5732
vn 0.4171 0.7054 -0.5732
vn 0.4171 0.7054 -0.5731
vn 0.4734 -0.3550 0.8062
vn -0.3646 0.2229 -0.9041
vn -0.3646 0.2228 -0.9041
vn -0.3709 0.6649 0.6483
vn 0.2270 0.0451 -0.9728
vn 0.2270 0.0452 -0.9728
vn -0.0564 0.6908 -0.7209
vn -0.0565 0.6907 -0.7209
vn -0.0564 0.6907 -0.7209
vn -0.1291 0.9232 0.3619
vn -0.1292 0.9232 0.3619
vn -0.1291 0.9232 0.3620
vn 0.1217 0.1048 -0.9870
vn 0.1218 0.1048 -0.9870
vn -0.2774 -0.5645 -0.7774
vn -0.2773 -0.5646 -0.7774
vn 0.5215 -0.3321 -0.7860
vn -0.4924 0.5968 -0.6336
vn -0.4923 0.5968 -0.6335
vn -0.4224 0.1162 -0.8989
vn -0.3933 0.4789 0.7848
vn -0.3933 0.4789 0.7849
vn -0.5604 0.7184 -0.4121
vn -0.2784 -0.1474 -0.9491
vn -0.2785 -0.1474 -0.9491
vn 0.3080 0.1434 -0.9405
vn 0.3079 0.1434 -0.9405
vn 0.3080 0.1435 -0.9405
vn 0.4772 0.6599 0.5804
vn 0.4773 0.6599 0.5803
vn 0.8806 -0.1751 0.4403
vn 0.8807 -0.1751 0.4402
vn 0.1934 0.5967 -0.7788
vn 0.1935 0.5968 -0.7787
vn 0.7627 0.6351 -0.1220
vn 0.7627 0.6352 -0.1220
vn 0.3456 0.9262 -0.1510
vn 0.3456 0.9262 -0.1509
vn 0.9679 -0.2457 -0.0529
vn 0.9859 -0.0567 0.1574
vn 0.9859 -0.0567 0.1575
vn 0.8498 -0.1485 0.5057
vn 0.8497 -0.1485 0.5059
vn 0.8453 -0.1214 0.5204
vn 0.8452 -0.1215 0.5204
vn 0.8452 -0.1218 0.5204
vn 0.6685 0.3891 -0.6338
vn 0.7625 -0.2867 0.5799
vn 0.7625 -0.2867 0.5800
vn 0.9439 -0.2882 0.1612
vn 0.9928 -0.1164 0.0269
vn 0.9149 -0.1442 0.3769
vn 0.9149 -0.1443 0.3770
vn 0.9149 -0.1442 0.3770
vn 0.9777 0.0661 0.1992
vn 0.9777 0.0662 0.1992
vn 0.8150 0.3297 -0.4765
vn 0.9103 -0.2816 -0.3035
vn 0.7895 0.0403 -0.6124
vn -0.0072 0.9521 0.3058
vn 0.2621 0.1307 0.9561
vn 0.2631 0.1302 0.9560
vn 0.2639 0.1297 0.9558
vn 0.2612 0.1312 0.9563
vn -0.7163 0.0570 0.6955
vn -0.7157 0.0565 0.6961
vn -0.7149 0.0559 0.6970
vn -0.7170 0.0575 0.6947
vn 0.1449 -0.3712 -0.9172
vn 0.1432 -0.3721 -0.9171
vn 0.1421 -0.3724 -0.9171
vn 0.1461 -0.3707 -0.9172
vn 0.8428 0.1455 0.5183
vn 0.8423 0.1449 0.5191
vn 0.8431 0.1459 0.5176
vn 0.8420 0.1444 0.5199
vn -0.9941 -0.0933 -0.0550
vn 0.5590 -0.6308 -0.5381
vn 0.8647 -0.4356 -0.2502
vn 0.8647 -0.4355 -0.2501
vn 0.8647 -0.4356 -0.2501
vn 0.5061 0.0422 -0.8615
vn 0.5060 0.0422 -0.8615
vn 0.6651 0.0012 -0.7467
vn 0.6651 0.0012 -0.7468
vn 0.3579 0.2750 -0.8923
vn 0.3579 0.2750 -0.8924
vn 0.5878 0.1090 -0.8017
vn 0.5877 0.1091 -0.8017
vn 0.5878 0.1090 -0.8016
vn 0.6320 0.3571 -0.6878
vn 0.1862 0.9701 -0.1557
vn 0.1843 0.9718 -0.1472
vn 0.1884 0.9706 -0.1497
vn 0.1841 0.9708 -0.1536
vn 0.9999 -0.0038 0.0114
vn 0.9999 -0.0038 0.0113
vn 0.4504 0.7092 -0.5424
vn 0.2746 0.9609 -0.0348
vn 0.2746 0.9609 -0.0349
vn 0.9997 -0.0130 0.0226
vn 0.9997 -0.0131 0.0225
vn 0.9823 0.1319 0.1329
vn 0.9823 0.1319 0.1330
vn 0.7465 -0.2257 0.6259
vn 0.4778 -0.3090 -0.8224
vn 0.4777 -0.3090 -0.8224
vn 0.4776 -0.3091 -0.8224
vn 0.4778 -0.3089 -0.8224
vn 0.9725 -0.1113 0.2045
vn 0.9725 -0.1116 0.2043
vn 0.9725 -0.1110 0.2047
vn 0.9725 -0.1118 0.2042
vn 0.9891 -0.1429 -0.0357
vn 0.9891 -0.1430 -0.0357
vn 0.9891 -0.1426 -0.0355
vn 0.9890 -0.1433 -0.0359
vn 0.2400 -0.4166 0.8768
vn 0.2411 -0.4172 0.8763
vn 0.2424 -0.4180 0.8755
vn 0.2388 -0.4158 0.8775
vn -0.3846 -0.2231 -0.8957
vn -0.3849 -0.2233 -0.8955
vn -0.3843 -0.2227 -0.8960
vn -0.3855 -0.2239 -0.8951
vn 0.2846 0.8331 -0.4743
vn 0.2846 0.8331 -0.4742
vn 0.2845 0.8331 -0.4743
vn 0.2843 0.8332 -0.4744
vn 0.0520 0.6630 -0.7468
vn 0.0523 0.6633 -0.7465
vn 0.0532 0.6633 -0.7465
vn 0.0519 0.6628 -0.7470
vn 0.7597 0.4808 -0.4379
vn 0.7598 0.4805 -0.4379
vn 0.7597 0.4809 -0.4378
vn 0.7599 0.4803 -0.4380
vn 0.5372 -0.2305 -0.8113
vn 0.5521 -0.2251 -0.8028
vn 0.5564 -0.2236 -0.8003
vn 0.5342 -0.2314 -0.8131
vn 0.1572 -0.0332 0.9870
vn 0.1452 -0.0316 0.9889
vn 0.1561 -0.0328 0.9872
vn 0.1451 -0.0315 0.9889
vn 0.1031 -0.2281 -0.9682
vn 0.1075 -0.2291 -0.9674
vn 0.1016 -0.2278 -0.9684
vn 0.1084 -0.2294 -0.9673
vn 0.8611 -0.0794 0.5021
vn 0.8597 -0.0799 0.5044
vn 0.8616 -0.0792 0.5014
vn 0.8594 -0.0802 0.5049
vn 0.9402 -0.2180 -0.2618
vn 0.9378 -0.2179 -0.2704
vn 0.9406 -0.2177 -0.2607
vn 0.9373 -0.2188 -0.2713
vn -0.7824 -0.2537 -0.5688
vn -0.7747 -0.2575 -0.5775
vn -0.7835 -0.2532 -0.5674
vn -0.7732 -0.2581 -0.5793
vn 0.2416 -0.0026 0.9704
vn 0.2413 -0.0024 0.9705
vn 0.2410 -0.0023 0.9705
vn 0.2418 -0.0027 0.9703
vn 0.9845 0.1388 -0.1067
vn -0.7801 0.0983 0.6178
vn -0.7799 0.0980 0.6182
vn -0.7806 0.1001 0.6170
vn -0.7796 0.0974 0.6187
vn -0.7821 -0.0540 -0.6207
vn -0.7822 -0.0540 -0.6207
vn 0.9888 -0.0142 -0.1482
vn 0.9888 -0.0142 -0.1483
vn -0.8492 0.0118 0.5280
vn -0.8488 0.0121 0.5285
vn -0.8492 0.0118 0.5279
vn -0.8488 0.0122 0.5286
vn -0.9873 -0.0457 0.1524
vn 0.8880 0.0518 0.4569
vn 0.8878 0.0518 0.4573
vn 0.8880 0.0519 0.4569
vn 0.8878 0.0518 0.4574
vn 0.9181 0.0944 0.3848
vn 0.9181 0.0946 0.3850
vn 0.9178 0.0950 0.3856
vn 0.9185 0.0938 0.3842
vn -0.9949 -0.0450 0.0902
vn 0.8921 -0.1258 0.4339
vn 0.8967 -0.1322 0.4225
vn 0.8922 -0.1202 0.4353
vn 0.8958 -0.1413 0.4215
vn 0.5771 -0.1106 -0.8091
vn 0.5765 -0.1094 -0.8098
vn 0.5783 -0.1106 -0.8083
vn 0.5755 -0.1081 -0.8106
vn 0.2605 -0.4420 0.8584
vn 0.2633 -0.4399 0.8586
vn 0.2570 -0.4443 0.8582
vn 0.2668 -0.4375 0.8587
vn 0.1309 -0.0056 -0.9914
vn 0.1306 -0.0055 -0.9914
vn 0.1470 0.1665 0.9750
vn 0.1466 0.1665 0.9751
vn 0.1465 0.1665 0.9751
vn 0.1471 0.1664 0.9750
vn 0.6157 0.0049 -0.7880
vn -0.9028 0.3196 -0.2878
vn -0.9017 0.3192 -0.2917
vn -0.9011 0.3176 -0.2952
vn -0.9028 0.3253 -0.2813
vn 0.9800 0.1724 -0.0996
vn 0.9800 0.1723 -0.0999
vn 0.9799 0.1721 -0.1008
vn 0.9801 0.1727 -0.0983
vn 0.9183 -0.1932 0.3455
vn 0.9187 -0.1950 0.3435
vn 0.9182 -0.1924 0.3462
vn 0.9187 -0.1961 0.3427
vn 0.9785 0.0198 -0.2053
vn 0.9777 0.0229 -0.2088
vn 0.9783 0.0227 -0.2062
vn 0.9777 0.0220 -0.2090
vn -0.8186 -0.1268 -0.5602
vn -0.8202 -0.1295 -0.5572
vn -0.8218 -0.1310 -0.5545
vn -0.8174 -0.1250 -0.5624
vn 0.0617 -0.1754 -0.9826
vn 0.0599 -0.1743 -0.9829
vn 0.0643 -0.1770 -0.9821
vn 0.0575 -0.1728 -0.9833
vn 0.3813 -0.6552 0.6522
vn 0.3792 -0.6562 0.6524
vn 0.3805 -0.6564 0.6515
vn 0.3804 -0.6547 0.6532
vn 0.1306 0.6993 -0.7028
vn 0.1162 0.7062 -0.6984
vn 0.9856 0.1111 -0.1278
vn 0.9855 0.1111 -0.1281
vn 0.9855 0.1111 -0.1283
vn 0.9856 0.1110 -0.1277
vn 0.0867 0.7734 -0.6280
vn 0.0876 0.7727 -0.6287
vn 0.0905 0.7704 -0.6311
vn 0.0835 0.7758 -0.6254
vn 0.2670 -0.5705 0.7767
vn 0.2654 -0.5724 0.7759
vn 0.2648 -0.5739 0.7749
vn 0.2676 -0.5690 0.7775
vn 0.5852 0.6208 -0.5217
vn 0.5847 0.6203 -0.5227
vn 0.5834 0.6195 -0.5253
vn 0.5873 0.6205 -0.5197
vn 0.4094 -0.8275 0.3842
vn 0.4095 -0.8275 0.3842
vn 0.4094 -0.8276 0.3841
vn 0.0305 0.3923 -0.9193
vn 0.0288 0.3922 -0.9194
vn 0.0330 0.3967 -0.9174
vn 0.0280 0.3890 -0.9208
vn 0.9791 -0.1228 -0.1621
vn 0.9789 -0.1228 -0.1636
vn 0.9785 -0.1227 -0.1656
vn 0.9792 -0.1233 -0.1611
vn 0.4850 0.6310 -0.6055
vn 0.4875 0.6291 -0.6055
vn 0.4819 0.6331 -0.6057
vn 0.4901 0.6271 -0.6054
vn 0.8701 -0.3532 0.3439
vn 0.8691 -0.3536 0.3458
vn 0.8689 -0.3529 0.3472
vn 0.8708 -0.3528 0.3424
vn 0.6059 0.3665 -0.7060
vn 0.9843 -0.1414 -0.1058
vn 0.9847 -0.1369 -0.1077
vn 0.9854 -0.1300 -0.1103
vn 0.9833 -0.1495 -0.1038
vn -0.6699 -0.4979 0.5508
vn 0.9369 -0.2517 0.2426
vn 0.9376 -0.2520 0.2397
vn 0.9387 -0.2515 0.2356
vn 0.9359 -0.2505 0.2476
vn 0.5258 -0.0728 -0.8475
vn 0.5389 -0.0666 -0.8397
vn 0.5349 -0.0772 -0.8414
vn 0.5298 -0.0640 -0.8457
vn 0.4221 0.3102 -0.8518
vn 0.4218 0.3106 -0.8518
vn 0.4240 0.3120 -0.8502
vn 0.4207 0.3092 -0.8529
vn 0.8065 -0.5594 0.1913
vn 0.8045 -0.5610 0.1950
vn 0.8059 -0.5600 0.1922
vn 0.8041 -0.5614 0.1956
vn 0.6479 0.7345 0.2019
vn 0.6444 0.7380 0.2002
vn 0.6419 0.7401 0.2005
vn 0.6499 0.7328 0.2016
vn 0.0198 0.7695 -0.6384
vn 0.0184 0.7692 -0.6388
vn 0.0201 0.7695 -0.6383
vn 0.0214 0.7700 -0.6377
vn 0.8539 -0.0595 0.5171
vn 0.8400 -0.0675 0.5384
vn 0.8421 -0.0666 0.5351
vn 0.8569 -0.0580 0.5123
vn 0.6353 -0.1180 -0.7632
vn 0.6325 -0.1125 -0.7663
vn 0.6286 -0.1049 -0.7706
vn 0.6394 -0.1272 -0.7583
vn 0.9989 0.0036 -0.0462
vn 0.9989 0.0039 -0.0464
vn 0.9989 0.0047 -0.0469
vn 0.9990 0.0028 -0.0453
vn 0.8558 0.5103 -0.0851
vn 0.8558 0.5103 -0.0852
vn 0.8555 0.5107 -0.0854
vn 0.8560 0.5100 -0.0846
vn 0.8551 0.4357 0.2809
vn 0.8554 0.4341 0.2825
vn 0.8566 0.4292 0.2863
vn 0.8540 0.4406 0.2767
vn -0.2014 -0.0730 -0.9768
vn -0.2015 -0.0730 -0.9768
vn -0.9822 -0.0407 -0.1833
vn 0.8852 -0.0268 0.4644
vn 0.8853 -0.0268 0.4643
vn 0.4987 -0.0738 -0.8636
vn -0.5547 -0.0491 0.8306
vn -0.5546 -0.0491 0.8307
vn -0.5546 -0.0491 0.8306
vn 0.2718 -0.0443 0.9613
vn 0.9914 -0.0433 -0.1238
vn -0.9883 -0.0337 0.1490
vn -0.9882 -0.0337 0.1491
vn -0.9882 -0.0336 0.1491
vn -0.9470 0.0977 0.3059
vn -0.9470 0.0977 0.3060
vn -0.9470 0.0976 0.3061
vn -0.9471 0.0978 0.3058
vn -0.9328 -0.1625 0.3217
vn -0.9328 -0.1624 0.3218
vn -0.9328 -0.1625 0.3216
vn 0.9798 -0.1403 -0.1427
vn 0.9798 -0.1403 -0.1426
vn 0.9798 -0.1402 -0.1426
vn -0.9812 -0.1496 -0.1220
vn -0.9812 -0.1494 -0.1221
vn -0.9812 -0.1497 -0.1219
vn -0.3645 -0.1594 -0.9175
vn 0.8881 -0.1553 0.4326
vn 0.8881 -0.1553 0.4325
vn 0.8882 -0.1553 0.4325
vn 0.8881 -0.1552 0.4326
vn 0.3957 -0.1319 -0.9089
vn 0.3958 -0.1319 -0.9088
vn -0.3061 -0.2135 0.9278
vn -0.3060 -0.2135 0.9278
vn 0.2306 -0.2044 0.9513
vn 0.2306 -0.2043 0.9514
vn -0.3470 0.1843 0.9196
vn -0.3463 0.1848 0.9198
vn 0.2742 0.1812 0.9444
vn 0.2735 0.1817 0.9446
vn 0.9888 0.0224 -0.1477
vn 0.9888 0.0223 -0.1477
vn 0.9888 0.0224 -0.1478
vn -0.9958 0.0124 -0.0911
vn -0.9958 0.0123 -0.0910
vn -0.9958 0.0123 -0.0911
vn -0.3926 -0.0222 -0.9194
vn -0.3928 -0.0223 -0.9194
vn -0.3928 -0.0222 -0.9194
vn -0.3927 -0.0223 -0.9194
vn 0.8869 0.1008 0.4508
vn 0.8869 0.1007 0.4509
vn 0.8868 0.1005 0.4511
vn 0.8869 0.1009 0.4507
vn 0.3721 -0.0608 -0.9262
vn 0.3724 -0.0609 -0.9261
vn 0.3721 -0.0609 -0.9262
vn -0.3912 -0.1376 -0.9100
vn -0.3911 -0.1375 -0.9100
vn -0.3913 -0.1376 -0.9099
vn 0.2365 -0.3054 0.9224
vn 0.2362 -0.3053 0.9225
vn 0.2361 -0.3053 0.9225
vn 0.9872 -0.1034 -0.1216
vn 0.9872 -0.1033 -0.1217
vn 0.9872 -0.1034 -0.1215
vn 0.9522 -0.1284 0.2773
vn 0.9522 -0.1283 0.2774
vn 0.9521 -0.1283 0.2775
vn 0.9522 -0.1284 0.2772
vn 0.3958 -0.2018 -0.8959
vn 0.3958 -0.2019 -0.8959
vn 0.3957 -0.2019 -0.8959
vn 0.3959 -0.2018 -0.8958
vn 0.4340 -0.3596 0.8261
vn 0.4328 -0.3577 0.8275
vn 0.4292 -0.3545 0.8307
vn 0.4379 -0.3630 0.8225
vn 0.9844 -0.1675 0.0537
vn 0.9841 -0.1693 0.0529
vn 0.9843 -0.1683 0.0533
vn 0.9846 -0.1662 0.0541
vn 0.0343 -0.9982 -0.0491
vn 0.4961 -0.3078 -0.8119
vn 0.4962 -0.3076 -0.8119
vn 0.4978 -0.3061 -0.8115
vn 0.4944 -0.3093 -0.8123
vn 0.9681 0.0839 -0.2359
vn 0.9678 0.0850 -0.2369
vn 0.9679 0.0847 -0.2366
vn 0.9684 0.0832 -0.2351
vn 0.7114 -0.3349 0.6178
vn 0.7070 -0.3272 0.6270
vn 0.7045 -0.3258 0.6305
vn 0.7126 -0.3355 0.6162
vn 0.7044 -0.3199 -0.6336
vn 0.7034 -0.3155 -0.6369
vn 0.7062 -0.3227 -0.6302
vn 0.7016 -0.3128 -0.6402
vn 0.9803 -0.1883 0.0589
vn 0.9804 -0.1877 0.0593
vn 0.9799 -0.1914 0.0569
vn 0.9809 -0.1845 0.0615
vn 0.9966 0.0788 -0.0221
vn 0.9966 0.0789 -0.0221
vn 0.9967 0.0787 -0.0221
vn 0.9966 0.0789 -0.0220
vn 0.9813 0.1138 0.1556
vn 0.9813 0.1138 0.1553
vn 0.9812 0.1137 0.1560
vn 0.9814 0.1142 0.1546
vn 0.9455 -0.2382 0.2219
vn 0.9456 -0.2374 0.2225
vn 0.9453 -0.2409 0.2199
vn 0.9458 -0.2348 0.2245
vn 0.9680 -0.1314 0.2139
vn 0.9680 -0.1324 0.2133
vn 0.9680 -0.1305 0.2144
vn 0.9679 -0.1332 0.2130
vn 0.9862 0.1414 -0.0860
vn 0.9856 0.1452 -0.0863
vn 0.9859 0.1451 -0.0836
vn 0.9862 0.1411 -0.0866
vn 0.9895 0.1433 0.0196
vn 0.9894 0.1440 0.0203
vn 0.9892 0.1453 0.0214
vn 0.9897 0.1419 0.0184
vn 0.0905 0.9509 -0.2960
vn 0.0907 0.9515 -0.2940
vn 0.0914 0.9511 -0.2950
vn 0.0899 0.9512 -0.2951
vn 0.5694 0.7833 -0.2496
vn 0.5676 0.7835 -0.2530
vn 0.5689 0.7838 -0.2491
vn 0.5679 0.7830 -0.2540
vn 0.8739 0.3320 0.3552
vn 0.8738 0.3320 0.3552
vn 0.9931 0.0095 0.1171
vn 0.9931 0.0094 0.1167
vn 0.9931 0.0094 0.1170
vn 0.9931 0.0094 0.1171
vn 0.9114 0.1337 0.3893
vn 0.9114 0.1338 0.3893
vn 0.9826 0.0134 0.1851
vn 0.9666 -0.2354 0.1011
vn 0.9377 -0.3432 -0.0536
vn 0.9377 -0.3432 -0.0535
vn 0.3882 0.7107 -0.5867
vn 0.9771 -0.2110 -0.0275
vn 0.9771 -0.2110 -0.0276
vn 0.7314 0.0149 0.6818
vn 0.8163 -0.1751 0.5504
vn 0.8163 -0.1752 0.5504
vn 0.8076 -0.2536 0.5324
vn 0.8077 -0.2535 0.5323
vn 0.8077 -0.2536 0.5323
vn 0.9943 0.0700 0.0799
vn 0.9641 0.0592 0.2589
vn 0.9612 0.2754 0.0143
vn 0.9606 0.2760 0.0328
vn 0.9616 0.2743 0.0115
vn 0.9604 0.2768 0.0324
vn 0.4873 0.8687 0.0888
vn 0.4881 0.8686 0.0860
vn 0.4844 0.8700 0.0920
vn 0.4840 0.8700 0.0944
vn 0.0929 0.9914 0.0925
vn 0.0934 0.9912 0.0935
vn 0.0953 0.9909 0.0949
vn 0.0911 0.9917 0.0913
vn 0.0760 0.8729 -0.4819
vn 0.0781 0.8742 -0.4792
vn 0.0741 0.8715 -0.4848
vn 0.0798 0.8756 -0.4765
vn 0.5604 0.7176 -0.4135
vn 0.5614 0.7175 -0.4123
vn 0.5625 0.7171 -0.4115
vn 0.5594 0.7182 -0.4139
vn 0.9945 0.0485 0.0930
vn 0.9944 0.0502 0.0935
vn 0.9943 0.0508 0.0937
vn 0.9946 0.0467 0.0924
vn 0.9815 0.1625 0.1011
vn 0.9830 0.1605 0.0888
vn 0.9817 0.1615 0.1010
vn 0.9833 0.1607 0.0859
vn 0.9766 0.1867 -0.1070
vn 0.9765 0.1891 -0.1031
vn 0.9765 0.1833 -0.1134
vn 0.9765 0.1805 -0.1178
vn 0.9621 0.0031 -0.2726
vn 0.9619 0.0028 -0.2734
vn 0.9618 0.0029 -0.2737
vn 0.9623 0.0028 -0.2719
vn 0.5069 0.8606 0.0496
vn 0.5017 0.8636 0.0498
vn 0.5106 0.8579 0.0579
vn 0.5151 0.8551 0.0579
vn 0.7858 0.5984 -0.1566
vn 0.7841 0.6010 -0.1549
vn 0.7874 0.5959 -0.1578
vn 0.7826 0.6031 -0.1542
vn 0.2874 0.6075 -0.7405
vn 0.2891 0.6074 -0.7400
vn 0.2905 0.6072 -0.7395
vn 0.2862 0.6075 -0.7409
vn 0.5428 0.8011 -0.2522
vn 0.5483 0.7984 -0.2489
vn 0.5519 0.7963 -0.2477
vn 0.5401 0.8026 -0.2534
vn 0.1078 0.9330 -0.3433
vn 0.1092 0.9323 -0.3447
vn 0.1056 0.9338 -0.3419
vn 0.1114 0.9317 -0.3458
vn 0.8797 0.4446 0.1689
vn 0.8824 0.4406 0.1650
vn 0.8788 0.4461 0.1697
vn 0.8830 0.4396 0.1644
vn 0.9066 0.2935 0.3033
vn 0.9038 0.2952 0.3099
vn 0.9046 0.2935 0.3092
vn 0.9072 0.2924 0.3024
vn 0.9442 -0.0227 0.3286
vn 0.9427 -0.0271 0.3325
vn 0.9437 -0.0243 0.3300
vn 0.9454 -0.0191 0.3253
vn 0.5166 -0.7992 -0.3073
vn 0.5806 -0.6935 0.4265
vn 0.5788 -0.6926 0.4305
vn 0.5752 -0.6934 0.4339
vn 0.5821 -0.6932 0.4250
vn 0.6674 0.2077 -0.7152
vn 0.6654 0.2092 -0.7165
vn 0.6644 0.2107 -0.7171
vn 0.6703 0.2049 -0.7132
vn 0.9947 -0.0775 -0.0681
vn 0.9945 -0.0760 -0.0718
vn 0.9947 -0.0781 -0.0665
vn 0.9945 -0.0754 -0.0733
vn 0.9792 0.2024 -0.0172
vn 0.9791 0.2025 -0.0173
vn 0.9792 0.2020 -0.0168
vn 0.9791 0.2028 -0.0177
vn 0.9875 0.1360 -0.0796
vn 0.9867 0.1383 -0.0856
vn 0.9879 0.1352 -0.0757
vn 0.9863 0.1391 -0.0886
vn 0.9966 -0.0432 -0.0696
vn 0.9957 -0.0466 -0.0802
vn 0.9955 -0.0466 -0.0825
vn 0.9967 -0.0435 -0.0679
vn 0.7118 -0.6921 0.1198
vn 0.7118 -0.6921 0.1197
vn 0.7114 -0.6926 0.1191
vn 0.7123 -0.6915 0.1205
vn 0.7674 -0.6405 0.0297
vn 0.7675 -0.6404 0.0298
vn 0.7678 -0.6400 0.0305
vn 0.7671 -0.6409 0.0290
vn 0.6939 0.7114 0.1117
vn 0.6934 0.7119 0.1111
vn 0.6947 0.7103 0.1135
vn 0.6931 0.7124 0.1100
vn 0.6580 0.7275 0.1944
vn 0.6575 0.7280 0.1940
vn 0.6563 0.7294 0.1931
vn 0.6594 0.7260 0.1954
vn 0.1142 0.9455 0.3049
vn 0.1150 0.9452 0.3056
vn 0.1135 0.9458 0.3042
vn 0.1263 0.9532 0.2748
vn 0.1265 0.9531 0.2750
vn 0.1249 0.9539 0.2730
vn 0.1283 0.9522 0.2771
vn -0.4798 -0.3058 -0.8223
vn -0.4807 -0.3051 -0.8221
vn -0.4795 -0.3056 -0.8226
vn -0.4812 -0.3050 -0.8218
vn 0.9917 0.1269 0.0182
vn 0.9917 0.1271 0.0196
vn 0.9916 0.1274 0.0202
vn 0.9918 0.1266 0.0178
vn 0.7079 -0.5889 -0.3901
vn 0.7078 -0.5890 -0.3900
vn 0.7063 -0.5903 -0.3907
vn 0.7094 -0.5878 -0.3888
vn 0.0359 -0.9962 -0.0788
vn 0.6900 0.7223 -0.0462
vn 0.6899 0.7224 -0.0461
vn 0.6906 0.7218 -0.0469
vn 0.6895 0.7228 -0.0456
vn 0.6450 0.7620 -0.0580
vn 0.6459 0.7612 -0.0589
vn 0.6452 0.7617 -0.0583
vn 0.6444 0.7625 -0.0575
vn 0.1033 0.9858 -0.1325
vn 0.1036 0.9857 -0.1327
vn 0.1034 0.9858 -0.1325
vn 0.1121 0.9934 -0.0251
vn 0.1120 0.9934 -0.0251
vn 0.7605 -0.6296 -0.1592
vn 0.7601 -0.6298 -0.1600
vn 0.7606 -0.6293 -0.1596
vn 0.7601 -0.6299 -0.1595
vn 0.6102 -0.7721 -0.1774
vn 0.6084 -0.7725 -0.1817
vn 0.6089 -0.7733 -0.1767
vn 0.6090 -0.7723 -0.1808
vn 0.9906 -0.0880 0.1050
vn 0.9905 -0.0883 0.1057
vn 0.9907 -0.0876 0.1043
vn 0.9904 -0.0886 0.1064
vn 0.9814 0.1598 0.1062
vn 0.9814 0.1598 0.1063
vn 0.9815 0.1595 0.1059
vn 0.9813 0.1604 0.1068
vn 0.9733 0.2240 -0.0499
vn 0.9734 0.2235 -0.0494
vn 0.9732 0.2244 -0.0503
vn 0.9937 -0.1039 -0.0429
vn 0.9937 -0.1036 -0.0429
vn 0.9937 -0.1038 -0.0429
vn 0.9937 -0.1040 -0.0429
vn 0.1437 0.9648 0.2201
vn 0.1431 0.9650 0.2197
vn 0.1421 0.9653 0.2193
vn 0.1443 0.9647 0.2204
vn -0.4546 -0.7984 -0.3948
vn -0.4546 -0.7984 -0.3949
vn -0.6057 0.5895 0.5345
vn -0.6057 0.5895 0.5344
vn -0.7859 0.6001 -0.1492
vn -0.7859 0.6001 -0.1491
vn -0.6424 0.7413 0.1944
vn -0.6424 0.7413 0.1945
vn -0.6082 0.7201 0.3339
vn -0.6084 0.7200 0.3339
vn -0.6088 0.7198 0.3336
vn -0.4956 -0.7206 0.4849
vn -0.6194 0.2059 0.7576
vn -0.6792 -0.4494 -0.5802
vn -0.6792 -0.4494 -0.5803
vn -0.4103 -0.8747 -0.2579
vn -0.4104 -0.8747 -0.2579
vn -0.5456 -0.5981 0.5870
vn -0.1163 0.5413 0.8327
vn -0.1162 0.5413 0.8327
vn -0.3850 0.7972 0.4650
vn -0.3850 0.7972 0.4651
vn -0.0522 0.3469 0.9364
vn -0.0521 0.3469 0.9364
vn -0.0565 0.6621 0.7473
vn -0.2979 0.5953 0.7462
vn -0.1607 0.6349 0.7557
vn -0.1606 0.6349 0.7557
vn -0.1221 0.7028 0.7009
vn -0.1221 0.7027 0.7009
vn -0.1221 0.7028 0.7008
vn -0.0603 0.8254 0.5613
vn 0.4545 -0.8185 -0.3515
vn 0.4546 -0.8185 -0.3514
vn 0.4545 -0.8185 -0.3514
vn 0.5774 0.5634 0.5909
vn 0.8222 0.5646 -0.0724
vn 0.6530 0.7126 0.2563
vn 0.6530 0.7127 0.2563
vn 0.6046 0.6934 0.3920
vn 0.6053 0.6930 0.3916
vn 0.4150 -0.7407 0.5284
vn 0.5529 0.1800 0.8136
vn 0.7109 -0.4801 -0.5139
vn 0.7109 -0.4802 -0.5139
vn 0.3942 -0.8924 -0.2195
vn 0.3940 -0.8925 -0.2195
vn 0.3941 -0.8925 -0.2195
vn 0.4604 -0.6203 0.6350
vn 0.0602 0.5374 0.8412
vn 0.0602 0.5375 0.8411
vn 0.3738 0.7804 0.5012
vn 0.3737 0.7804 0.5013
vn 0.3738 0.7804 0.5013
vn -0.0220 0.3462 0.9379
vn -0.0220 0.3463 0.9379
vn 0.0142 0.6605 0.7507
vn 0.2515 0.5832 0.7724
vn 0.1158 0.6288 0.7689
vn 0.0856 0.6982 0.7108
vn 0.0429 0.8232 0.5662
vn 0.0429 0.8231 0.5662
vn -0.4968 -0.2712 0.8244
vn -0.1933 -0.9797 0.0537
vn -0.1932 -0.9797 0.0538
vn -0.0954 -0.2101 0.9730
vn -0.0954 -0.2102 0.9730
vn -0.0842 0.8960 0.4361
vn -0.2310 -0.5657 0.7916
vn -0.1640 0.8778 0.4500
vn -0.1640 0.8778 0.4501
vn -0.9863 -0.0964 -0.1336
vn -0.9863 -0.0967 -0.1335
vn -0.9863 -0.0972 -0.1334
vn -0.9864 -0.0954 -0.1338
vn 0.6712 0.2865 -0.6837
vn 0.6716 0.2859 -0.6835
vn 0.6710 0.2867 -0.6838
vn 0.6721 0.2852 -0.6833
vn 0.0514 -0.8196 -0.5706
vn -0.5851 0.3129 -0.7482
vn -0.5846 0.3136 -0.7482
vn -0.5836 0.3151 -0.7484
vn -0.5855 0.3123 -0.7481
vn 0.9977 -0.0312 -0.0597
vn 0.9977 -0.0316 -0.0596
vn 0.9977 -0.0305 -0.0599
vn 0.9977 -0.0330 -0.0592
vn 0.3513 -0.6463 0.6775
vn 0.3501 -0.6474 0.6770
vn 0.3510 -0.6465 0.6773
vn 0.3518 -0.6458 0.6777
vn 0.0119 -0.8986 -0.4386
vn -0.0000 -1.0000 -0.0000
vn -0.0003 -0.9997 0.0254
vn 0.0003 -0.9996 0.0284
vn 0.9169 0.2160 -0.3357
vn 0.9167 0.2162 -0.3360
vn 0.9167 0.2162 -0.3359
vn -0.5322 -0.0135 -0.8465
vn -0.8564 0.4068 0.3180
vn 0.0494 -0.1464 -0.9880
vn 0.0494 -0.1465 -0.9880
vn 0.5419 0.5796 0.6086
vn -0.5277 0.5659 0.6335
vn 0.9412 0.3281 0.0810
vn -0.9314 0.2663 -0.2480
vn -0.3419 -0.6745 0.6544
vn -0.3420 -0.6744 0.6544
vn -0.3426 -0.6738 0.6547
vn -0.3415 -0.6748 0.6542
vn -0.9603 -0.1293 -0.2470
vn -0.9604 -0.1289 -0.2471
vn -0.9605 -0.1283 -0.2471
vn -0.9602 -0.1307 -0.2470
vn 0.7077 0.4102 -0.5752
vn 0.7076 0.4105 -0.5752
vn 0.7080 0.4098 -0.5751
vn 0.7072 0.4111 -0.5752
vn 0.0502 -0.6945 -0.7178
vn -0.6110 0.4244 -0.6682
vn -0.6112 0.4241 -0.6683
vn -0.6116 0.4234 -0.6684
vn -0.6108 0.4247 -0.6683
vn 0.9902 -0.0710 -0.1200
vn 0.9901 -0.0720 -0.1201
vn 0.9904 -0.0689 -0.1200
vn 0.3182 -0.7806 0.5381
vn 0.3181 -0.7806 0.5381
vn 0.3174 -0.7805 0.5386
vn 0.3189 -0.7806 0.5375
vn 0.0155 -0.7973 -0.6033
vn -0.9844 0.1685 -0.0510
vn -0.3196 -0.9194 0.2291
vn -0.3197 -0.9194 0.2291
vn -0.3197 -0.9194 0.2290
vn -0.0003 -0.9997 0.0252
vn 0.0002 -0.9996 0.0282
vn 0.8891 0.2488 -0.3841
vn 0.8892 0.2488 -0.3840
vn 0.8892 0.2488 -0.3841
vn -0.4706 -0.0142 -0.8822
vn -0.8758 0.3785 0.2996
vn -0.8758 0.3785 0.2997
vn 0.0419 -0.1474 -0.9882
vn 0.0420 -0.1475 -0.9882
vn 0.4912 0.4773 0.7286
vn -0.4786 0.4575 0.7494
vn -0.4786 0.4575 0.7495
vn -0.4786 0.4574 0.7494
vn 0.9385 0.3402 0.0597
vn 0.9385 0.3402 0.0596
vn -0.9078 0.3079 -0.2849
vn -0.9078 0.3079 -0.2848
vn -0.3245 -0.7992 0.5060
vn -0.3248 -0.7992 0.5057
vn -0.3246 -0.7992 0.5059
vn -0.3243 -0.7992 0.5062
vn -0.5184 -0.5258 0.6743
vn -0.5185 -0.5258 0.6743
vn 0.4036 -0.2911 0.8674
vn 0.1439 -0.9871 0.0698
vn 0.1439 -0.9871 0.0699
vn -0.0070 -0.2121 0.9772
vn -0.0071 -0.2121 0.9772
vn 0.0817 0.8923 0.4440
vn 0.1294 -0.5736 0.8088
vn 0.1295 -0.5736 0.8088
vn 0.1589 0.8707 0.4655
vn 0.1588 0.8706 0.4656
vn 0.9863 -0.0967 -0.1335
vn 0.9863 -0.0964 -0.1336
vn 0.9863 -0.0972 -0.1334
vn 0.9864 -0.0954 -0.1338
vn -0.6721 0.2853 -0.6833
vn -0.6712 0.2865 -0.6837
vn -0.6716 0.2859 -0.6835
vn -0.6710 0.2868 -0.6838
vn -0.0514 -0.8196 -0.5706
vn 0.5851 0.3129 -0.7482
vn 0.5846 0.3136 -0.7482
vn 0.5855 0.3123 -0.7481
vn 0.5837 0.3151 -0.7484
vn -0.9977 -0.0312 -0.0597
vn -0.9977 -0.0305 -0.0599
vn -0.9977 -0.0315 -0.0596
vn -0.9977 -0.0330 -0.0592
vn -0.3513 -0.6463 0.6775
vn -0.3510 -0.6465 0.6774
vn -0.3501 -0.6474 0.6770
vn -0.3518 -0.6458 0.6777
vn -0.0119 -0.8986 -0.4386
vn 0.0003 -0.9997 0.0254
vn -0.0003 -0.9996 0.0284
vn -0.0003 -0.9996 0.0283
vn -0.9167 0.2162 -0.3360
vn -0.9167 0.2162 -0.3359
vn 0.5322 -0.0135 -0.8465
vn 0.8564 0.4068 0.3180
vn -0.0493 -0.1464 -0.9880
vn -0.0494 -0.1464 -0.9880
vn -0.5419 0.5796 0.6086
vn 0.5277 0.5659 0.6335
vn -0.9412 0.3281 0.0810
vn 0.9314 0.2663 -0.2480
vn 0.3419 -0.6744 0.6544
vn 0.3419 -0.6745 0.6544
vn 0.3426 -0.6738 0.6547
vn 0.3415 -0.6748 0.6542
vn 0.9592 -0.1445 -0.2428
vn 0.9593 -0.1446 -0.2427
vn 0.9592 -0.1450 -0.2427
vn 0.9594 -0.1437 -0.2426
vn -0.7066 0.3965 -0.5861
vn -0.7069 0.3951 -0.5867
vn -0.7071 0.3958 -0.5860
vn -0.7062 0.3972 -0.5860
vn -0.0537 -0.7187 -0.6932
vn 0.6120 0.3988 -0.6829
vn 0.6124 0.3983 -0.6829
vn 0.6123 0.3978 -0.6833
vn 0.6119 0.3994 -0.6828
vn -0.9908 -0.0691 -0.1166
vn -0.9908 -0.0695 -0.1165
vn -0.9908 -0.0692 -0.1165
vn -0.9908 -0.0684 -0.1165
vn -0.3192 -0.7625 0.5627
vn -0.3200 -0.7626 0.5622
vn -0.3186 -0.7624 0.5632
vn -0.0216 -0.8173 -0.5759
vn 0.9912 0.1248 0.0433
vn 0.2556 -0.9321 0.2566
vn 0.2556 -0.9321 0.2565
vn 0.0003 -0.9997 0.0252
vn -0.0002 -0.9996 0.0282
vn -0.8892 0.2487 -0.3839
vn -0.8892 0.2488 -0.3840
vn 0.4706 -0.0142 -0.8822
vn 0.8758 0.3785 0.2997
vn 0.8758 0.3785 0.2996
vn -0.0419 -0.1474 -0.9882
vn -0.0420 -0.1475 -0.9882
vn -0.4912 0.4773 0.7286
vn 0.4786 0.4575 0.7494
vn 0.4786 0.4575 0.7495
vn 0.4786 0.4574 0.7494
vn -0.9385 0.3402 0.0597
vn -0.9385 0.3402 0.0596
vn 0.9078 0.3079 -0.2848
vn 0.9078 0.3079 -0.2849
vn 0.3200 -0.7849 0.5307
vn 0.3201 -0.7849 0.5305
vn 0.3207 -0.7851 0.5300
vn 0.3195 -0.7847 0.5312
vn 0.4283 -0.5467 0.7195
vn 0.4282 -0.5467 0.7195
vn -0.9834 -0.1766 -0.0421
vn -0.9834 -0.1766 -0.0420
vn -0.9834 -0.1765 -0.0420
vn -0.9814 -0.1903 -0.0237
vn -0.9135 -0.1721 0.3687
vn -0.8977 -0.1017 0.4287
vn -0.9141 -0.0863 0.3963
vn -0.9774 -0.1431 0.1555
vn -0.9774 -0.1430 0.1554
vn -0.9809 -0.1939 0.0144
vn -0.9809 -0.1938 0.0144
vn -0.9563 -0.2156 0.1974
vn -0.9563 -0.2155 0.1974
vn -0.8984 -0.1712 0.4044
vn -0.9566 -0.2876 0.0469
vn -0.9046 -0.1990 0.3771
vn -0.9895 -0.1443 -0.0038
vn -0.9895 -0.1444 -0.0038
vn -0.9329 -0.1552 0.3250
vn -0.9935 -0.1007 0.0540
vn -0.9935 -0.1006 0.0540
vn 0.9742 -0.2198 0.0514
vn 0.9699 -0.2334 0.0695
vn 0.9699 -0.2334 0.0694
vn 0.8658 -0.2114 0.4536
vn 0.8475 -0.1402 0.5120
vn 0.8675 -0.1257 0.4813
vn 0.9509 -0.1857 0.2475
vn 0.9509 -0.1856 0.2475
vn 0.9656 -0.2369 0.1073
vn 0.9656 -0.2368 0.1074
vn 0.9656 -0.2369 0.1074
vn 0.9227 -0.2570 0.2872
vn 0.9228 -0.2571 0.2871
vn 0.9228 -0.2571 0.2872
vn 0.8474 -0.2098 0.4878
vn 0.9342 -0.3294 0.1372
vn 0.9342 -0.3293 0.1372
vn 0.8549 -0.2378 0.4611
vn 0.9781 -0.1877 0.0901
vn 0.9781 -0.1878 0.0901
vn 0.8900 -0.1955 0.4120
vn 0.9784 -0.1442 0.1482
s 1
usemtl Material.003
f 3233//1368 3234//1369 3235//1368
f 3234//1369 3233//1368 3236//1368
f 3237//1370 3238//1371 3239//1370
f 3240//1370 3239//1370 3238//1371
s 0
f 3241//1372 3242//1372 3243//1372
f 3244//1373 3245//1373 3246//1373
f 3247//1374 3248//1374 3249//1374
f 3250//1375 3251//1375 3252//1375
s 1
f 3253//1376 3254//1377 3255//1378
f 3254//1377 3253//1376 3256//1379
f 3257//1380 3258//1380 3259//1381
f 3258//1380 3257//1380 3260//1380
s 0
f 3261//1382 3262//1382 3263//1382
f 3262//1382 3261//1382 3264//1382
f 3265//1383 3266//1383 3267//1383
f 3268//1384 3269//1384 3270//1384
s 1
f 3271//1385 3272//1386 3273//1387
f 3272//1386 3271//1385 3274//1388
f 3275//1389 3276//1390 3277//1391
f 3276//1390 3275//1389 3278//1390
f 3279//1392 3280//1392 3281//1392
f 3280//1392 3279//1392 3282//1392
f 3283//1393 3284//1394 3285//1394
f 3285//1394 3286//1393 3283//1393
f 3287//1395 3288//1396 3289//1396
f 3288//1396 3287//1395 3290//1395
f 3291//1397 3292//1398 3293//1398
f 3292//1398 3291//1397 3294//1397
f 3295//1399 3296//1399 3297//1399
f 3298//1399 3297//1399 3296//1399
f 3299//1400 3300//1400 3301//1400
f 3302//1400 3300//1400 3299//1400
f 3303//1401 3304//1401 3305//1402
f 3304//1401 3303//1401 3306//1401
f 3307//1403 3308//1404 3309//1404
f 3308//1404 3307//1403 3310//1404
f 3311//1405 3312//1406 3313//1405
f 3312//1406 3311//1405 3314//1406
f 3315//1407 3316//1407 3317//1407
f 3318//1407 3315//1407 3317//1407
f 3319//1408 3320//1409 3321//1409
f 3320//1409 3319//1408 3322//1409
f 3323//1410 3324//1411 3325//1412
f 3326//1412 3324//1411 3323//1410
f 3327//1413 3328//1413 3329//1413
f 3328//1413 3327//1413 3330//1413
f 3331//1414 3332//1414 3333//1414
f 3331//1414 3334//1415 3332//1414
f 3335//1416 3336//1416 3337//1417
f 3336//1416 3335//1416 3338//1417
f 3339//1418 3340//1418 3341//1418
f 3342//1418 3339//1418 3341//1418
f 3343//1419 3344//1419 3345//1419
f 3346//1419 3344//1419 3343//1419
f 3347//1420 3348//1420 3349//1420
f 3348//1420 3347//1420 3350//1420
s 0
f 3351//1421 3352//1421 3353//1421
s 1
f 3354//1422 3355//1423 3356//1422
f 3357//1424 3354//1422 3356//1422
f 3358//1425 3359//1426 3360//1427
f 3359//1426 3358//1425 3361//1428
f 3362//1429 3363//1430 3364//1431
f 3363//1430 3362//1429 3365//1432
f 3366//1433 3367//1434 3368//1435
f 3367//1434 3366//1433 3369//1436
f 3370//1437 3371//1438 3372//1437
f 3373//1438 3371//1438 3370//1437
f 3374//1439 3375//1439 3376//1439
f 3375//1439 3374//1439 3377//1439
s 0
f 3378//1440 3379//1440 3380//1440
s 1
f 3381//1441 3382//1442 3383//1443
f 3384//1442 3381//1441 3383//1443
f 3385//1444 3386//1445 3387//1446
f 3385//1444 3387//1446 3388//1447
f 3389//1448 3390//1448 3391//1448
f 3389//1448 3391//1448 3392//1448
f 3393//1449 3394//1449 3395//1449
f 3396//1449 3393//1449 3395//1449
f 3397//1450 3398//1451 3399//1452
f 3399//1452 3400//1450 3397//1450
f 3401//1453 3402//1454 3403//1453
f 3404//1455 3401//1453 3403//1453
f 3405//1456 3406//1456 3407//1457
f 3408//1457 3405//1456 3407//1457
f 3409//1458 3410//1458 3411//1458
f 3410//1458 3409//1458 3412//1459
f 3413//1460 3414//1460 3415//1460
f 3414//1460 3413//1460 3416//1460
f 3417//1461 3418//1462 3419//1462
f 3420//1462 3418//1462 3417//1461
f 3421//1463 3422//1464 3423//1463
f 3421//1463 3424//1464 3422//1464
f 3425//1465 3426//1465 3427//1465
f 3425//1465 3428//1465 3426//1465
f 3429//1466 3430//1467 3431//1466
f 3430//1467 3429//1466 3432//1468
f 3433//1469 3434//1470 3435//1469
f 3434//1470 3433//1469 3436//1470
f 3437//1471 3438//1471 3439//1471
f 3439//1471 3440//1472 3437//1471
f 3441//1473 3442//1473 3443//1474
f 3443//1474 3444//1475 3441//1473
f 3445//1476 3446//1477 3447//1478
f 3448//1479 3447//1478 3446//1477
s 0
f 3449//1480 3450//1480 3451//1480
s 1
f 3452//1481 3453//1482 3454//1483
f 3453//1482 3452//1481 3455//1483
f 3456//1484 3457//1485 3458//1485
f 3457//1485 3456//1484 3459//1485
f 3460//1486 3461//1487 3462//1488
f 3461//1487 3460//1486 3463//1489
f 3464//1490 3465//1490 3466//1490
f 3465//1490 3464//1490 3467//1490
f 3468//1491 3469//1492 3470//1493
f 3471//1494 3468//1491 3470//1493
f 3472//1495 3473//1496 3474//1497
f 3473//1496 3472//1495 3475//1498
f 3476//1499 3477//1499 3478//1500
f 3477//1499 3476//1499 3479//1499
f 3480//1501 3481//1502 3482//1501
f 3481//1502 3480//1501 3483//1501
f 3484//1503 3485//1504 3486//1505
f 3487//1506 3486//1505 3485//1504
f 3488//1507 3489//1508 3490//1508
f 3489//1508 3488//1507 3491//1507
f 3492//1509 3493//1510 3494//1509
f 3493//1510 3492//1509 3495//1511
f 3496//1512 3497//1513 3498//1514
f 3496//1512 3499//1515 3497//1513
f 3500//1516 3501//1517 3502//1518
f 3502//1518 3503//1519 3500//1516
f 3504//1520 3505//1521 3506//1522
f 3505//1521 3504//1520 3507//1523
f 3508//1524 3509//1525 3510//1526
f 3511//1527 3508//1524 3510//1526
f 3512//1528 3513//1529 3514//1530
f 3514//1530 3515//1531 3512//1528
f 3516//1532 3517//1533 3518//1534
f 3517//1533 3516//1532 3519//1535
f 3520//1536 3521//1536 3522//1537
f 3521//1536 3520//1536 3523//1537
f 3524//1538 3525//1538 3526//1538
f 3527//1538 3526//1538 3525//1538
f 3528//1539 3529//1540 3530//1541
f 3529//1540 3528//1539 3531//1542
f 3532//1543 3533//1544 3534//1545
f 3533//1544 3532//1543 3535//1546
f 3536//1547 3537//1548 3538//1549
f 3538//1549 3539//1550 3536//1547
f 3540//1551 3541//1552 3542//1553
f 3540//1551 3542//1553 3543//1554
f 3544//1555 3545//1556 3546//1557
f 3545//1556 3544//1555 3547//1558
f 3548//1559 3549//1560 3550//1561
f 3548//1559 3551//1562 3549//1560
f 3552//1563 3553//1564 3554//1565
f 3553//1564 3552//1563 3555//1566
f 3556//1567 3557//1568 3558//1569
f 3557//1568 3556//1567 3559//1570
f 3560//1571 3561//1572 3562//1573
f 3561//1572 3560//1571 3563//1574
f 3564//1575 3565//1576 3566//1577
f 3564//1575 3567//1578 3565//1576
s 0
f 3568//1579 3569//1579 3570//1579
s 1
f 3571//1580 3572//1581 3573//1582
f 3574//1583 3571//1580 3573//1582
f 3575//1584 3576//1585 3577//1586
f 3576//1585 3575//1584 3578//1587
f 3579//1588 3580//1589 3581//1590
f 3582//1591 3579//1588 3581//1590
f 3583//1592 3584//1593 3585//1594
f 3586//1595 3583//1592 3585//1594
f 3587//1596 3588//1597 3589//1597
f 3588//1597 3587//1596 3590//1596
s 0
f 3591//1598 3592//1598 3593//1598
s 1
f 3594//1599 3595//1599 3596//1599
f 3595//1599 3594//1599 3597//1599
f 3598//1600 3599//1600 3600//1600
f 3599//1600 3598//1600 3601//1600
f 3602//1601 3603//1601 3604//1601
f 3603//1601 3602//1601 3605//1601
f 3606//1602 3607//1603 3608//1603
f 3607//1603 3606//1602 3609//1602
f 3610//1604 3611//1604 3612//1605
f 3611//1604 3610//1604 3613//1606
f 3614//1607 3615//1608 3616//1609
f 3615//1608 3614//1607 3617//1610
f 3618//1611 3619//1612 3620//1613
f 3619//1612 3618//1611 3621//1614
f 3622//1615 3623//1616 3624//1617
f 3625//1618 3623//1616 3622//1615
f 3626//1619 3627//1620 3628//1621
f 3629//1622 3627//1620 3626//1619
s 0
f 3630//1623 3631//1623 3632//1623
s 1
f 3633//1624 3634//1624 3635//1625
f 3636//1625 3633//1624 3635//1625
f 3637//1626 3638//1626 3639//1626
f 3638//1626 3637//1626 3640//1626
f 3641//1627 3642//1627 3643//1627
f 3642//1627 3641//1627 3644//1627
f 3645//1628 3646//1629 3647//1630
f 3648//1631 3645//1628 3647//1630
f 3649//1632 3650//1633 3651//1634
f 3650//1633 3649//1632 3652//1635
f 3653//1636 3654//1637 3655//1638
f 3654//1637 3653//1636 3656//1639
f 3657//1640 3658//1640 3659//1640
f 3660//1641 3661//1641 3662//1641
f 3661//1641 3660//1641 3663//1641
f 3664//1642 3665//1642 3666//1642
f 3665//1642 3664//1642 3667//1642
f 3668//1643 3669//1644 3670//1645
f 3669//1644 3668//1643 3671//1644
f 3672//1646 3673//1646 3674//1646
f 3673//1646 3672//1646 3675//1646
f 3676//1647 3677//1648 3678//1649
f 3679//1650 3678//1649 3677//1648
f 3680//1651 3681//1651 3682//1651
f 3681//1651 3680//1651 3683//1652
f 3684//1653 3685//1653 3686//1653
f 3685//1653 3684//1653 3687//1653
f 3688//1654 3689//1655 3690//1656
f 3688//1654 3691//1657 3689//1655
f 3692//1658 3693//1659 3694//1660
f 3694//1660 3695//1661 3692//1658
f 3696//1662 3697//1663 3698//1664
f 3698//1664 3699//1665 3696//1662
f 3700//1666 3701//1667 3702//1668
f 3703//1669 3700//1666 3702//1668
f 3704//1670 3705//1671 3706//1672
f 3706//1672 3707//1673 3704//1670
f 3708//1674 3709//1675 3710//1676
f 3709//1675 3708//1674 3711//1677
f 3712//1678 3713//1678 3714//1678
f 3713//1678 3712//1678 3715//1678
f 3716//1679 3717//1679 3718//1679
f 3719//1679 3718//1679 3717//1679
f 3720//1680 3721//1681 3722//1681
f 3722//1681 3723//1680 3720//1680
f 3724//1682 3725//1683 3726//1684
f 3725//1683 3724//1682 3727//1685
f 3728//1686 3729//1687 3730//1688
f 3729//1687 3728//1686 3731//1689
f 3732//1690 3733//1691 3734//1692
f 3733//1691 3732//1690 3735//1693
f 3736//1694 3737//1695 3738//1696
f 3737//1695 3736//1694 3739//1697
f 3740//1698 3741//1699 3742//1700
f 3743//1701 3740//1698 3742//1700
f 3744//1702 3745//1703 3746//1704
f 3747//1705 3744//1702 3746//1704
f 3748//1706 3749//1707 3750//1708
f 3748//1706 3751//1709 3749//1707
f 3752//1710 3753//1711 3754//1712
f 3752//1710 3755//1713 3753//1711
f 3756//1714 3757//1715 3758//1716
f 3757//1715 3756//1714 3759//1717
f 3760//1718 3761//1719 3762//1720
f 3761//1719 3760//1718 3763//1719
f 3764//1721 3765//1722 3766//1723
f 3767//1724 3765//1722 3764//1721
f 3768//1725 3769//1726 3770//1727
f 3770//1727 3771//1728 3768//1725
f 3772//1729 3773//1730 3774//1731
f 3775//1732 3772//1729 3774//1731
f 3776//1733 3777//1734 3778//1735
f 3777//1734 3776//1733 3779//1736
f 3780//1737 3781//1738 3782//1739
f 3781//1738 3780//1737 3783//1740
f 3784//1741 3785//1742 3786//1743
f 3784//1741 3786//1743 3787//1744
f 3788//1745 3789//1746 3790//1745
f 3789//1746 3788//1745 3791//1747
f 3792//1748 3793//1749 3794//1750
f 3793//1749 3792//1748 3795//1751
s 0
f 3796//1752 3797//1752 3798//1752
s 1
f 3799//1753 3800//1754 3801//1754
f 3800//1754 3799//1753 3802//1753
f 3803//1755 3804//1756 3805//1756
f 3803//1755 3806//1757 3804//1756
f 3807//1758 3808//1759 3809//1759
f 3808//1759 3807//1758 3810//1758
f 3811//1760 3812//1760 3813//1760
f 3812//1760 3811//1760 3814//1760
f 3815//1761 3816//1762 3817//1763
f 3816//1762 3815//1761 3818//1764
f 3819//1765 3820//1766 3821//1767
f 3822//1768 3819//1765 3821//1767
f 3823//1769 3824//1770 3825//1771
f 3824//1770 3823//1769 3826//1772
f 3827//1773 3828//1774 3829//1775
f 3830//1776 3827//1773 3829//1775
f 3831//1777 3832//1778 3833//1779
f 3834//1780 3832//1778 3831//1777
f 3835//1781 3836//1782 3837//1782
f 3836//1782 3835//1781 3838//1783
s 0
f 3839//1784 3840//1784 3841//1784
s 1
f 3842//1785 3843//1785 3844//1785
f 3845//1786 3842//1785 3844//1785
f 3846//1787 3847//1788 3848//1789
f 3847//1788 3846//1787 3849//1790
f 3850//1791 3851//1792 3852//1793
f 3853//1794 3851//1792 3850//1791
f 3854//1795 3855//1796 3856//1797
f 3856//1797 3857//1798 3854//1795
f 3858//1799 3859//1800 3860//1801
f 3858//1799 3861//1802 3859//1800
f 3862//1803 3863//1803 3864//1803
f 3865//1803 3862//1803 3864//1803
f 3866//1804 3867//1805 3868//1805
f 3867//1805 3866//1804 3869//1805
f 3870//1806 3871//1806 3872//1806
f 3871//1806 3870//1806 3873//1806
f 3874//1807 3875//1808 3876//1807
f 3877//1807 3874//1807 3876//1807
s 0
f 3878//1809 3879//1809 3880//1809
s 1
f 3881//1810 3882//1811 3883//1810
f 3882//1811 3881//1810 3884//1810
s 0
f 3885//1812 3886//1812 3887//1812
s 1
f 3888//1813 3889//1813 3890//1813
f 3889//1813 3888//1813 3891//1813
f 3892//1814 3893//1814 3894//1814
f 3895//1814 3893//1814 3892//1814
f 3896//1815 3897//1815 3898//1815
f 3897//1815 3896//1815 3899//1815
f 3900//1816 3901//1817 3902//1817
f 3903//1817 3902//1817 3901//1817
f 3904//1818 3905//1818 3906//1819
f 3905//1818 3904//1818 3907//1820
f 3908//1821 3909//1822 3910//1821
f 3911//1822 3908//1821 3910//1821
f 3912//1823 3913//1823 3914//1823
f 3913//1823 3912//1823 3915//1823
f 3916//1824 3917//1825 3918//1826
f 3916//1824 3918//1826 3919//1827
f 3920//1828 3921//1829 3922//1830
f 3922//1830 3923//1831 3920//1828
f 3924//1832 3925//1833 3926//1834
f 3925//1833 3924//1832 3927//1835
f 3928//1836 3929//1837 3930//1838
f 3928//1836 3931//1839 3929//1837
f 3932//1840 3933//1841 3934//1842
f 3935//1843 3933//1841 3932//1840
f 3936//1844 3937//1845 3938//1846
f 3937//1845 3936//1844 3939//1847
f 3940//1848 3941//1849 3942//1850
f 3942//1850 3943//1851 3940//1848
f 3944//1852 3945//1853 3946//1854
f 3945//1853 3944//1852 3947//1855
f 3948//1856 3949//1857 3950//1858
f 3949//1857 3948//1856 3951//1859
f 3952//1860 3953//1861 3954//1862
f 3953//1861 3952//1860 3955//1863
f 3956//1864 3957//1865 3958//1866
f 3959//1867 3956//1864 3958//1866
f 3960//1868 3961//1869 3962//1870
f 3961//1869 3960//1868 3963//1871
f 3964//1872 3965//1873 3966//1874
f 3965//1873 3964//1872 3967//1875
f 3968//1876 3969//1877 3970//1878
f 3969//1877 3968//1876 3971//1879
s 0
f 3972//1880 3973//1880 3974//1880
s 1
f 3975//1881 3976//1882 3977//1883
f 3975//1881 3977//1883 3978//1884
f 3979//1885 3980//1886 3981//1887
f 3980//1886 3979//1885 3982//1888
f 3983//1889 3984//1890 3985//1891
f 3985//1891 3986//1892 3983//1889
f 3987//1893 3988//1894 3989//1895
f 3988//1894 3987//1893 3990//1896
f 3991//1897 3992//1898 3993//1899
f 3992//1898 3991//1897 3994//1900
f 3995//1901 3996//1902 3997//1903
f 3998//1904 3997//1903 3996//1902
f 3999//1905 4000//1906 4001//1907
f 3999//1905 4002//1908 4000//1906
f 4003//1909 4004//1910 4005//1911
f 4004//1910 4003//1909 4006//1912
f 4007//1913 4008//1914 4009//1915
f 4010//1916 4009//1915 4008//1914
f 4011//1917 4012//1918 4013//1919
f 4012//1918 4011//1917 4014//1920
f 4015//1921 4016//1922 4017//1923
f 4017//1923 4016//1922 4018//1924
f 4019//1925 4020//1926 4021//1927
f 4020//1926 4019//1925 4022//1928
f 4023//1929 4024//1929 4025//1929
f 4025//1929 4024//1929 4026//1929
f 4027//1930 4028//1930 4029//1931
f 4029//1931 4028//1930 4030//1932
f 4031//1933 4032//1934 4033//1935
f 4033//1935 4034//1936 4031//1933
f 4035//1937 4036//1938 4037//1939
f 4035//1937 4038//1940 4036//1938
f 4039//1941 4040//1942 4041//1943
f 4040//1942 4039//1941 4042//1944
s 0
f 4043//1945 4044//1945 4045//1945
f 4046//1946 4047//1946 4048//1946
f 4047//1947 4046//1947 4049//1947
f 4050//1948 4051//1948 4052//1948
f 4051//1949 4050//1949 4053//1949
s 1
f 4054//1950 4055//1951 4056//1952
f 4057//1953 4056//1952 4055//1951
f 4058//1954 4059//1955 4060//1956
f 4059//1955 4058//1954 4061//1957
f 4062//1958 4063//1959 4064//1960
f 4065//1961 4062//1958 4064//1960
f 4066//1962 4067//1963 4068//1964
f 4066//1962 4069//1965 4067//1963
f 4070//1966 4071//1967 4072//1968
f 4071//1967 4070//1966 4073//1969
f 4074//1970 4075//1971 4076//1972
f 4074//1970 4076//1972 4077//1973
f 4078//1974 4079//1975 4080//1976
f 4081//1977 4080//1976 4079//1975
f 4082//1978 4083//1979 4084//1978
f 4083//1979 4082//1978 4085//1978
f 4086//1980 4087//1980 4088//1980
f 4087//1980 4086//1980 4089//1980
s 0
f 4090//1981 4091//1981 4092//1981
f 4093//1982 4094//1982 4095//1982
f 4096//1983 4097//1983 4098//1983
f 4099//1984 4100//1984 4101//1984
s 1
f 4102//1985 4103//1986 4104//1987
f 4103//1986 4102//1985 4105//1988
f 4106//1989 4107//1989 4108//1990
f 4107//1989 4106//1989 4109//1989
s 0
f 4110//1991 4111//1991 4112//1991
f 4110//1991 4112//1991 4113//1991
f 4114//1992 4115//1992 4116//1992
f 4117//1993 4118//1993 4119//1993
s 1
f 4120//1994 4121//1995 4122//1996
f 4121//1995 4120//1994 4123//1995
f 4124//1997 4125//1998 4126//1998
f 4125//1998 4124//1997 4127//1998
f 4128//1999 4129//1999 4130//1999
f 4129//1999 4128//1999 4131//1999
f 4132//2000 4133//2000 4134//2001
f 4133//2000 4132//2000 4135//2002
f 4136//2003 4137//2004 4138//2004
f 4137//2004 4136//2003 4139//2004
f 4140//2005 4141//2005 4142//2005
f 4143//2005 4140//2005 4142//2005
f 4144//2006 4145//2007 4146//2007
f 4147//2006 4144//2006 4146//2007
f 4148//2008 4149//2009 4150//2008
f 4149//2009 4148//2008 4151//2010
f 4152//2011 4153//2011 4154//2012
f 4153//2011 4152//2011 4155//2011
f 4156//2013 4157//2013 4158//2013
f 4158//2013 4159//2013 4156//2013
f 4160//2014 4161//2014 4162//2014
f 4161//2014 4160//2014 4163//2015
f 4164//2016 4165//2016 4166//2016
f 4167//2016 4165//2016 4164//2016
f 4168//2017 4169//2018 4170//2017
f 4170//2017 4171//2018 4168//2017
f 4172//2019 4173//2019 4174//2019
f 4174//2019 4175//2020 4172//2019
f 4176//2021 4177//2022 4178//2021
f 4177//2022 4176//2021 4179//2021
f 4180//2023 4181//2023 4182//2023
f 4181//2023 4180//2023 4183//2024
f 4184//2025 4185//2026 4186//2027
f 4185//2026 4184//2025 4187//2025
f 4188//2028 4189//2028 4190//2028
f 4191//2028 4190//2028 4189//2028
f 4192//2029 4193//2030 4194//2029
f 4192//2029 4194//2029 4195//2029
f 4196//2031 4197//2031 4198//2031
f 4197//2031 4196//2031 4199//2031
s 0
f 4200//2032 4201//2032 4202//2032
s 1
f 4203//2033 4204//2034 4205//2035
f 4204//2034 4203//2033 4206//2036
f 4207//2037 4208//2038 4209//2039
f 4208//2038 4207//2037 4210//2040
f 4211//2041 4212//2042 4213//2043
f 4212//2042 4211//2041 4214//2044
f 4215//2045 4216//2046 4217//2047
f 4216//2046 4215//2045 4218//2048
f 4219//2049 4220//2049 4221//2049
f 4222//2050 4219//2049 4221//2049
f 4223//2051 4224//2052 4225//2052
f 4224//2052 4223//2051 4226//2052
s 0
f 4227//2053 4228//2053 4229//2053
s 1
f 4230//2054 4231//2055 4232//2054
f 4233//2056 4232//2054 4231//2055
f 4234//2057 4235//2057 4236//2057
f 4236//2057 4237//2057 4234//2057
f 4238//2058 4239//2059 4240//2058
f 4239//2059 4238//2058 4241//2059
f 4242//2060 4243//2061 4244//2061
f 4245//2060 4243//2061 4242//2060
f 4246//2062 4247//2063 4248//2062
f 4249//2063 4248//2062 4247//2063
f 4250//2064 4251//2064 4252//2064
f 4253//2064 4251//2064 4250//2064
f 4254//2065 4255//2065 4256//2065
f 4257//2066 4256//2065 4255//2065
f 4258//2067 4259//2067 4260//2067
f 4259//2067 4258//2067 4261//2067
f 4262//2068 4263//2068 4264//2068
f 4263//2068 4262//2068 4265//2068
f 4266//2069 4267//2070 4268//2070
f 4269//2070 4266//2069 4268//2070
f 4270//2071 4271//2072 4272//2073
f 4273//2072 4272//2073 4271//2072
f 4274//2074 4275//2074 4276//2075
f 4275//2074 4274//2074 4277//2074
f 4278//2076 4279//2077 4280//2078
f 4279//2077 4278//2076 4281//2076
f 4282//2079 4283//2080 4284//2081
f 4283//2080 4282//2079 4285//2080
f 4286//2082 4287//2083 4288//2082
f 4288//2082 4287//2083 4289//2082
f 4290//2084 4291//2085 4292//2086
f 4293//2084 4291//2085 4290//2084
f 4294//2087 4295//2088 4296//2089
f 4294//2087 4296//2089 4297//2090
s 0
f 4298//2091 4299//2091 4300//2091
s 1
f 4301//2092 4302//2092 4303//2092
f 4302//2092 4301//2092 4304//2092
f 4305//2093 4306//2093 4307//2094
f 4306//2093 4305//2093 4308//2093
f 4309//2095 4310//2096 4311//2096
f 4310//2096 4309//2095 4312//2097
f 4313//2098 4314//2098 4315//2098
f 4314//2098 4313//2098 4316//2098
f 4317//2099 4318//2100 4319//2101
f 4320//2102 4319//2101 4318//2100
f 4321//2103 4322//2104 4323//2105
f 4322//2104 4321//2103 4324//2106
f 4325//2107 4326//2108 4327//2108
f 4326//2108 4325//2107 4328//2108
f 4329//2109 4330//2110 4331//2110
f 4330//2110 4329//2109 4332//2110
f 4333//2111 4334//2112 4335//2113
f 4335//2113 4336//2114 4333//2111
f 4337//2115 4338//2116 4339//2116
f 4339//2116 4340//2117 4337//2115
f 4341//2118 4342//2119 4343//2119
f 4342//2119 4341//2118 4344//2120
f 4345//2121 4346//2122 4347//2123
f 4348//2124 4346//2122 4345//2121
f 4349//2125 4350//2126 4351//2127
f 4352//2128 4350//2126 4349//2125
f 4353//2129 4354//2130 4355//2131
f 4354//2130 4353//2129 4356//2132
f 4357//2133 4358//2134 4359//2135
f 4360//2136 4359//2135 4358//2134
f 4361//2137 4362//2138 4363//2139
f 4364//2140 4362//2138 4361//2137
f 4365//2141 4366//2142 4367//2143
f 4366//2142 4365//2141 4368//2144
f 4369//2145 4370//2145 4371//2146
f 4370//2145 4369//2145 4372//2147
f 4373//2148 4374//2148 4375//2148
f 4374//2148 4373//2148 4376//2148
f 4377//2149 4378//2150 4379//2151
f 4378//2150 4377//2149 4380//2152
f 4381//2153 4382//2154 4383//2155
f 4382//2154 4381//2153 4384//2156
f 4385//2157 4386//2158 4387//2159
f 4388//2160 4386//2158 4385//2157
f 4389//2161 4390//2162 4391//2163
f 4390//2162 4389//2161 4392//2164
f 4393//2165 4394//2166 4395//2167
f 4394//2166 4393//2165 4396//2168
f 4397//2169 4398//2170 4399//2171
f 4400//2172 4399//2171 4398//2170
f 4401//2173 4402//2174 4403//2175
f 4402//2174 4401//2173 4404//2176
f 4405//2177 4406//2178 4407//2179
f 4406//2178 4405//2177 4408//2180
f 4409//2181 4410//2182 4411//2183
f 4410//2182 4409//2181 4412//2184
f 4413//2185 4414//2186 4415//2187
f 4416//2188 4415//2187 4414//2186
s 0
f 4417//2189 4418//2189 4419//2189
s 1
f 4420//2190 4421//2191 4422//2192
f 4421//2191 4420//2190 4423//2193
f 4424//2194 4425//2195 4426//2196
f 4425//2195 4424//2194 4427//2197
f 4428//2198 4429//2199 4430//2200
f 4431//2201 4430//2200 4429//2199
f 4432//2202 4433//2203 4434//2204
f 4435//2205 4433//2203 4432//2202
f 4436//2206 4437//2207 4438//2206
f 4437//2207 4436//2206 4439//2206
s 0
f 4440//2208 4441//2208 4442//2208
s 1
f 4443//2209 4444//2209 4445//2209
f 4444//2209 4443//2209 4446//2209
f 4447//2210 4448//2210 4449//2210
f 4448//2210 4447//2210 4450//2211
f 4451//2212 4452//2212 4453//2212
f 4452//2212 4451//2212 4454//2212
f 4455//2213 4456//2214 4457//2214
f 4456//2214 4455//2213 4458//2215
f 4459//2216 4460//2217 4461//2218
f 4461//2218 4462//2219 4459//2216
f 4463//2220 4464//2221 4465//2222
f 4464//2221 4463//2220 4466//2223
f 4467//2224 4468//2225 4469//2226
f 4468//2225 4467//2224 4470//2227
f 4471//2228 4472//2229 4473//2230
f 4474//2231 4471//2228 4473//2230
f 4475//2232 4476//2233 4477//2232
f 4478//2234 4475//2232 4477//2232
s 0
f 4479//2235 4480//2235 4481//2235
s 1
f 4482//2236 4483//2237 4484//2236
f 4483//2237 4482//2236 4485//2238
f 4486//2239 4487//2239 4488//2239
f 4487//2239 4486//2239 4489//2239
f 4490//2240 4491//2241 4492//2241
f 4491//2241 4490//2240 4493//2240
f 4494//2242 4495//2243 4496//2244
f 4495//2243 4494//2242 4497//2245
f 4498//2246 4499//2247 4500//2248
f 4499//2247 4498//2246 4501//2249
f 4502//2250 4503//2251 4504//2252
f 4503//2251 4502//2250 4505//2253
f 4506//2254 4507//2254 4508//2255
f 4509//2256 4510//2256 4511//2256
f 4510//2256 4509//2256 4512//2256
f 4513//2257 4514//2258 4515//2257
f 4514//2258 4513//2257 4516//2257
f 4517//2259 4518//2260 4519//2261
f 4518//2260 4517//2259 4520//2259
f 4521//2262 4522//2262 4523//2262
f 4522//2262 4521//2262 4524//2262
f 4525//2263 4526//2264 4527//2265
f 4527//2265 4528//2266 4525//2263
f 4529//2267 4530//2268 4531//2269
f 4531//2269 4532//2270 4529//2267
f 4533//2271 4534//2271 4535//2271
f 4534//2271 4533//2271 4536//2271
f 4537//2272 4538//2273 4539//2274
f 4540//2275 4538//2273 4537//2272
f 4541//2276 4542//2277 4543//2278
f 4542//2277 4541//2276 4544//2279
f 4545//2280 4546//2281 4547//2282
f 4548//2283 4546//2281 4545//2280
f 4549//2284 4550//2285 4551//2286
f 4552//2287 4551//2286 4550//2285
f 4553//2288 4554//2289 4555//2290
f 4556//2291 4554//2289 4553//2288
f 4557//2292 4558//2293 4559//2294
f 4558//2293 4557//2292 4560//2295
f 4561//2296 4562//2296 4563//2296
f 4562//2296 4561//2296 4564//2296
f 4565//2297 4566//2297 4567//2297
f 4565//2297 4567//2297 4568//2297
f 4569//2298 4570//2299 4571//2300
f 4572//2301 4571//2300 4570//2299
f 4573//2302 4574//2303 4575//2304
f 4574//2303 4573//2302 4576//2305
f 4577//2306 4578//2307 4579//2308
f 4578//2307 4577//2306 4580//2309
f 4581//2310 4582//2311 4583//2312
f 4582//2311 4581//2310 4584//2313
f 4585//2314 4586//2315 4587//2316
f 4586//2315 4585//2314 4588//2317
f 4589//2318 4590//2319 4591//2320
f 4592//2321 4590//2319 4589//2318
f 4593//2322 4594//2323 4595//2324
f 4596//2325 4594//2323 4593//2322
f 4597//2326 4598//2327 4599//2328
f 4600//2329 4599//2328 4598//2327
f 4601//2330 4602//2331 4603//2331
f 4602//2331 4601//2330 4604//2332
f 4605//2333 4606//2334 4607//2335
f 4606//2334 4605//2333 4608//2336
f 4609//2337 4610//2338 4611//2337
f 4610//2338 4609//2337 4612//2339
f 4613//2340 4614//2341 4615//2342
f 4616//2343 4613//2340 4615//2342
f 4617//2344 4618//2345 4619//2346
f 4618//2345 4617//2344 4620//2347
f 4621//2348 4622//2349 4623//2350
f 4622//2349 4621//2348 4624//2351
f 4625//2352 4626//2353 4627//2354
f 4626//2353 4625//2352 4628//2355
f 4629//2356 4630//2357 4631//2358
f 4630//2357 4629//2356 4632//2359
f 4633//2360 4634//2361 4635//2362
f 4636//2363 4634//2361 4633//2360
f 4637//2364 4638//2365 4639//2366
f 4638//2365 4637//2364 4640//2367
f 4641//2368 4642//2369 4643//2370
f 4642//2369 4641//2368 4644//2371
s 0
f 4645//2372 4646//2372 4647//2372
s 1
f 4648//2373 4649//2374 4650//2375
f 4649//2374 4648//2373 4651//2376
f 4652//2377 4653//2378 4654//2379
f 4655//2380 4654//2379 4653//2378
f 4656//2381 4657//2382 4658//2383
f 4657//2382 4656//2381 4659//2384
f 4660//2385 4661//2386 4662//2387
f 4661//2386 4660//2385 4663//2388
f 4664//2389 4665//2390 4666//2391
f 4665//2390 4664//2389 4667//2392
f 4668//2393 4669//2394 4670//2395
f 4671//2396 4670//2395 4669//2394
f 4672//2397 4673//2398 4674//2399
f 4673//2398 4672//2397 4675//2400
f 4676//2401 4677//2402 4678//2403
f 4679//2404 4677//2402 4676//2401
f 4680//2405 4681//2406 4682//2407
f 4683//2408 4680//2405 4682//2407
f 4684//2409 4685//2410 4686//2411
f 4685//2410 4684//2409 4687//2410
s 0
f 4688//2412 4689//2412 4690//2412
s 1
f 4691//2413 4692//2413 4693//2413
f 4694//2414 4693//2413 4692//2413
f 4695//2415 4696//2416 4697//2417
f 4696//2416 4695//2415 4698//2418
f 4699//2419 4700//2420 4701//2421
f 4702//2422 4699//2419 4701//2421
f 4703//2423 4704//2424 4705//2425
f 4706//2426 4704//2424 4703//2423
f 4707//2427 4708//2428 4709//2429
f 4710//2430 4708//2428 4707//2427
f 4711//2431 4712//2431 4713//2431
f 4712//2431 4711//2431 4714//2431
f 4715//2432 4716//2433 4717//2434
f 4716//2433 4715//2432 4718//2434
f 4719//2435 4720//2435 4721//2436
f 4722//2436 4719//2435 4721//2436
f 4723//2437 4724//2437 4725//2438
f 4724//2437 4723//2437 4726//2437
s 0
f 4727//2439 4728//2439 4729//2439
s 1
f 4730//2440 4731//2440 4732//2440
f 4731//2440 4730//2440 4733//2440
s 0
f 4734//2441 4735//2441 4736//2441
s 1
f 4737//2442 4738//2442 4739//2442
f 4738//2442 4737//2442 4740//2442
f 4741//2443 4742//2443 4743//2444
f 4744//2445 4741//2443 4743//2444
f 4745//2446 4746//2446 4747//2447
f 4746//2446 4745//2446 4748//2446
f 4749//2448 4750//2448 4751//2448
f 4749//2448 4752//2448 4750//2448
f 4753//2449 4754//2450 4755//2449
f 4754//2450 4753//2449 4756//2450
f 4757//2451 4758//2452 4759//2453
f 4758//2452 4757//2451 4760//2453
f 4761//2454 4762//2454 4763//2454
f 4762//2454 4761//2454 4764//2454
f 4765//2455 4766//2455 4767//2455
f 4765//2455 4767//2455 4768//2456
f 4769//2457 4770//2458 4771//2459
f 4772//2460 4770//2458 4769//2457
f 4773//2461 4774//2462 4775//2463
f 4774//2462 4773//2461 4776//2464
f 4777//2465 4778//2466 4779//2467
f 4780//2468 4779//2467 4778//2466
f 4781//2469 4782//2470 4783//2471
f 4784//2472 4781//2469 4783//2471
f 4785//2473 4786//2474 4787//2475
f 4786//2474 4785//2473 4788//2476
f 4789//2477 4790//2478 4791//2479
f 4790//2478 4789//2477 4792//2480
f 4793//2481 4794//2482 4795//2483
f 4794//2482 4793//2481 4796//2484
f 4797//2485 4798//2486 4799//2487
f 4798//2486 4797//2485 4800//2488
f 4801//2489 4802//2490 4803//2491
f 4802//2490 4801//2489 4804//2492
f 4805//2493 4806//2494 4807//2495
f 4808//2496 4806//2494 4805//2493
f 4809//2497 4810//2498 4811//2499
f 4810//2498 4809//2497 4812//2500
f 4813//2501 4814//2502 4815//2503
f 4816//2504 4813//2501 4815//2503
f 4817//2505 4818//2506 4819//2507
f 4818//2506 4817//2505 4820//2508
s 0
f 4821//2509 4822//2509 4823//2509
s 1
f 4824//2510 4825//2511 4826//2512
f 4825//2511 4824//2510 4827//2513
f 4828//2514 4829//2515 4830//2516
f 4829//2515 4828//2514 4831//2517
f 4832//2518 4833//2519 4834//2520
f 4833//2519 4832//2518 4835//2521
f 4836//2522 4837//2523 4838//2524
f 4837//2523 4836//2522 4839//2525
f 4840//2526 4841//2527 4842//2528
f 4842//2528 4843//2529 4840//2526
f 4844//2530 4845//2531 4846//2532
f 4844//2530 4846//2532 4847//2533
f 4848//2534 4849//2535 4850//2536
f 4849//2535 4848//2534 4851//2537
f 4852//2538 4853//2539 4854//2540
f 4853//2539 4852//2538 4855//2541
f 4856//2542 4857//2543 4858//2544
f 4856//2542 4859//2545 4857//2543
f 4860//2546 4861//2547 4862//2548
f 4863//2549 4860//2546 4862//2548
f 4864//2550 4865//2551 4866//2552
f 4865//2551 4864//2550 4867//2553
f 4868//2554 4869//2555 4870//2556
f 4869//2555 4868//2554 4871//2557
f 4872//2558 4873//2558 4874//2558
f 4872//2558 4875//2558 4873//2558
f 4876//2559 4877//2560 4878//2560
f 4878//2560 4879//2561 4876//2559
f 4880//2562 4881//2563 4882//2564
f 4883//2565 4882//2564 4881//2563
f 4884//2566 4885//2567 4886//2568
f 4885//2567 4884//2566 4887//2569
f 4888//2570 4889//2571 4890//2572
f 4889//2571 4888//2570 4891//2573
s 0
f 4892//2574 4893//2574 4894//2574
s 1
f 4895//2575 4896//2576 4897//2577
f 4898//2578 4899//2579 4900//2580
f 4899//2579 4898//2578 4901//2581
f 4902//2582 4903//2582 4904//2583
f 4905//2584 4903//2582 4902//2582
f 4906//2585 4907//2586 4908//2587
f 4907//2586 4906//2585 4909//2588
f 4910//2589 4911//2590 4912//2591
f 4911//2590 4910//2589 4913//2592
f 4914//2593 4915//2594 4916//2595
f 4915//2594 4914//2593 4917//2596
f 4918//2597 4919//2598 4920//2599
f 4920//2599 4921//2600 4918//2597
s 0
usemtl Material.002
f 4922//2601 4923//2601 4924//2601
f 4925//2602 4926//2602 4927//2602
s 1
f 4928//2603 4929//2604 4930//2604
f 4929//2604 4928//2603 4931//2604
f 4932//2605 4933//2605 4934//2605
f 4935//2606 4933//2605 4932//2605
f 4936//2607 4937//2607 4938//2608
f 4937//2607 4936//2607 4939//2607
f 4940//2609 4941//2609 4942//2610
f 4942//2610 4941//2609 4943//2609
f 4944//2611 4945//2611 4946//2611
s 0
f 4947//2612 4948//2612 4949//2612
s 1
f 4950//2613 4951//2614 4952//2615
f 4951//2614 4950//2613 4953//2613
s 0
f 4954//2616 4955//2616 4956//2616
s 1
f 4957//2617 4958//2617 4959//2617
f 4958//2617 4957//2617 4960//2617
f 4961//2618 4962//2619 4963//2619
f 4963//2619 4964//2618 4961//2618
f 4965//2620 4966//2620 4967//2620
f 4966//2620 4965//2620 4968//2620
f 4969//2621 4970//2622 4971//2622
f 4970//2622 4969//2621 4972//2623
f 4973//2624 4974//2624 4975//2624
f 4974//2624 4973//2624 4976//2624
f 4977//2625 4978//2626 4979//2625
f 4978//2626 4977//2625 4980//2625
s 0
f 4981//2627 4982//2627 4983//2627
s 1
f 4984//2628 4985//2629 4986//2628
f 4985//2629 4984//2628 4987//2629
f 4988//2630 4989//2631 4990//2631
f 4991//2631 4990//2631 4989//2631
f 4991//2631 4989//2631 4992//2632
f 4993//2633 4994//2633 4995//2633
f 4994//2633 4993//2633 4996//2634
f 4997//2635 4998//2635 4999//2636
f 4998//2635 4997//2635 5000//2637
f 5001//2638 5002//2638 5003//2639
f 5002//2638 5001//2638 5004//2640
f 5005//2641 5006//2642 5007//2641
f 5005//2641 5008//2642 5006//2642
f 5009//2643 5010//2644 5011//2643
f 5012//2645 5009//2643 5011//2643
f 5013//2646 5014//2647 5015//2646
f 5015//2646 5016//2646 5013//2646
f 5017//2648 5018//2648 5019//2648
f 5019//2648 5020//2649 5017//2648
f 5021//2650 5022//2650 5023//2650
f 5022//2650 5021//2650 5024//2650
f 5025//2651 5026//2651 5027//2651
f 5026//2651 5025//2651 5028//2651
f 5029//2652 5030//2653 5031//2652
f 5030//2653 5029//2652 5032//2654
f 5033//2655 5034//2655 5035//2655
f 5034//2655 5033//2655 5036//2656
f 5037//2657 5038//2658 5039//2658
f 5038//2658 5037//2657 5040//2658
f 5041//2659 5042//2659 5043//2659
f 5042//2659 5041//2659 5044//2660
f 5045//2661 5046//2662 5047//2663
f 5047//2663 5048//2661 5045//2661
f 5049//2664 5050//2664 5051//2664
f 5049//2664 5051//2664 5052//2665
f 5053//2666 5054//2666 5055//2667
f 5054//2666 5053//2666 5056//2668
s 0
f 5057//2669 5058//2669 5059//2669
s 1
f 5060//2670 5061//2670 5062//2671
f 5061//2670 5060//2670 5063//2670
f 5064//2672 5065//2672 5066//2672
f 5065//2672 5064//2672 5067//2673
f 5068//2674 5069//2675 5070//2674
f 5071//2676 5068//2674 5070//2674
f 5072//2677 5073//2677 5074//2677
f 5073//2677 5072//2677 5075//2677
f 5076//2678 5077//2679 5078//2678
f 5079//2680 5076//2678 5078//2678
f 5080//2681 5081//2682 5082//2681
f 5083//2682 5082//2681 5081//2682
f 5084//2683 5085//2684 5086//2684
f 5085//2684 5084//2683 5087//2684
f 5088//2685 5089//2686 5090//2687
f 5090//2687 5089//2686 5091//2688
f 5092//2689 5093//2689 5094//2689
f 5093//2689 5092//2689 5095//2690
f 5096//2691 5097//2691 5098//2692
f 5099//2691 5097//2691 5096//2691
f 5100//2693 5101//2694 5102//2693
f 5103//2693 5101//2694 5100//2693
f 5104//2695 5105//2696 5106//2695
f 5105//2696 5104//2695 5107//2695
f 5108//2697 5109//2698 5110//2699
f 5109//2698 5108//2697 5111//2699
s 0
f 5112//2700 5113//2700 5114//2700
s 1
f 5115//2701 5116//2701 5117//2701
f 5116//2701 5115//2701 5118//2701
f 5119//2702 5120//2703 5121//2704
f 5120//2703 5119//2702 5122//2704
f 5123//2705 5124//2705 5125//2705
f 5124//2705 5123//2705 5126//2705
f 5127//2706 5128//2706 5129//2706
f 5128//2706 5127//2706 5130//2706
f 5131//2707 5132//2708 5133//2707
f 5132//2708 5131//2707 5134//2707
s 0
f 5135//2709 5136//2709 5137//2709
s 1
f 5138//2710 5139//2710 5140//2710
f 5139//2710 5138//2710 5141//2711
f 5142//2712 5143//2713 5144//2712
f 5143//2713 5142//2712 5145//2712
s 0
f 5146//2714 5147//2714 5148//2714
s 1
f 5149//2715 5150//2716 5151//2717
f 5151//2717 5152//2718 5149//2715
f 5153//2719 5154//2720 5155//2721
f 5155//2721 5156//2722 5153//2719
f 5157//2723 5158//2724 5159//2725
f 5159//2725 5160//2726 5157//2723
f 5161//2727 5162//2728 5163//2729
f 5162//2728 5161//2727 5164//2730
s 0
f 5165//2731 5166//2731 5167//2731
f 5168//2732 5169//2732 5170//2732
s 1
f 5171//2733 5172//2734 5173//2733
f 5172//2734 5171//2733 5174//2735
f 5175//2736 5176//2737 5177//2737
f 5177//2737 5178//2736 5175//2736
f 5179//2738 5180//2738 5181//2739
f 5180//2738 5179//2738 5182//2738
f 5183//2740 5184//2741 5185//2740
f 5184//2741 5183//2740 5186//2740
f 5187//2742 5188//2742 5189//2743
f 5188//2742 5187//2742 5190//2744
s 0
f 5191//2745 5192//2745 5193//2745
s 1
f 5194//2746 5195//2747 5196//2748
f 5197//2749 5196//2748 5195//2747
f 5198//2750 5199//2750 5200//2750
f 5199//2750 5198//2750 5201//2750
f 5202//2751 5203//2751 5204//2752
f 5205//2752 5204//2752 5203//2751
f 5206//2753 5207//2754 5208//2755
f 5206//2753 5209//2754 5207//2754
f 5210//2756 5211//2757 5212//2758
f 5210//2756 5213//2756 5211//2757
f 5214//2759 5215//2759 5216//2759
f 5215//2759 5214//2759 5217//2759
f 5218//2760 5219//2760 5220//2760
f 5219//2760 5218//2760 5221//2760
f 5222//2761 5223//2762 5224//2763
f 5225//2764 5222//2761 5224//2763
f 5226//2765 5227//2766 5228//2767
f 5229//2768 5226//2765 5228//2767
f 5230//2769 5231//2770 5232//2771
f 5233//2772 5230//2769 5232//2771
f 5234//2773 5235//2774 5236//2775
f 5237//2776 5234//2773 5236//2775
f 5238//2777 5239//2778 5240//2779
f 5241//2780 5238//2777 5240//2779
f 5242//2781 5243//2782 5244//2781
f 5243//2782 5242//2781 5245//2783
f 5246//2784 5247//2785 5248//2786
f 5247//2785 5246//2784 5249//2787
f 5250//2788 5251//2789 5252//2789
f 5251//2789 5250//2788 5253//2790
f 5254//2791 5255//2792 5256//2793
f 5256//2793 5257//2794 5254//2791
f 5258//2795 5259//2796 5260//2796
f 5260//2796 5261//2795 5258//2795
f 5262//2797 5263//2798 5264//2798
f 5263//2798 5262//2797 5265//2799
f 5266//2800 5267//2800 5268//2800
f 5267//2800 5266//2800 5269//2800
f 5270//2801 5271//2802 5272//2803
f 5271//2802 5270//2801 5273//2804
f 5274//2805 5275//2806 5276//2807
f 5275//2806 5274//2805 5277//2808
f 5278//2809 5279//2810 5280//2811
f 5280//2811 5281//2812 5278//2809
s 0
f 5282//2813 5283//2813 5284//2813
s 1
f 5285//2814 5286//2815 5287//2816
f 5288//2817 5285//2814 5287//2816
f 5289//2818 5290//2818 5291//2818
f 5290//2818 5289//2818 5292//2818
f 5293//2819 5294//2820 5295//2820
f 5294//2820 5293//2819 5296//2820
f 5297//2821 5298//2822 5299//2822
f 5298//2822 5297//2821 5300//2823
f 5301//2824 5302//2824 5303//2824
f 5303//2824 5304//2824 5301//2824
f 5305//2825 5306//2826 5307//2827
f 5306//2826 5305//2825 5308//2825
f 5309//2828 5310//2829 5311//2829
f 5312//2830 5309//2828 5311//2829
s 0
f 5313//2831 5314//2831 5315//2831
s 1
f 5316//2832 5317//2833 5318//2834
f 5318//2834 5319//2835 5316//2832
f 5320//2836 5321//2836 5322//2837
f 5321//2836 5320//2836 5323//2838
f 5324//2839 5325//2840 5326//2841
f 5325//2840 5324//2839 5327//2842
f 5328//2843 5329//2844 5330//2844
f 5329//2844 5328//2843 5331//2845
f 5332//2846 5333//2846 5334//2846
f 5334//2846 5335//2846 5332//2846
f 5336//2847 5337//2848 5338//2847
f 5337//2848 5336//2847 5339//2847
f 5340//2849 5341//2850 5342//2851
f 5341//2850 5340//2849 5343//2852
f 5344//2853 5345//2853 5346//2854
f 5346//2854 5347//2855 5344//2853
f 5348//2856 5349//2857 5350//2858
f 5351//2859 5348//2856 5350//2858
f 5352//2860 5353//2861 5354//2862
f 5353//2861 5352//2860 5355//2863
f 5356//2864 5357//2864 5358//2864
f 5358//2864 5359//2865 5356//2864
f 5360//2866 5361//2867 5362//2867
f 5361//2867 5360//2866 5363//2868
f 5364//2869 5365//2870 5366//2871
f 5365//2870 5364//2869 5367//2872
s 0
f 5368//2873 5369//2873 5370//2873
f 5369//2874 5368//2874 5371//2874
s 1
f 5372//2875 5373//2875 5374//2875
f 5374//2875 5375//2875 5372//2875
f 5376//2876 5377//2876 5378//2877
f 5377//2876 5376//2876 5379//2878
f 5380//2879 5381//2880 5382//2879
f 5381//2880 5380//2879 5383//2881
f 5384//2882 5385//2882 5386//2882
f 5386//2882 5387//2883 5384//2882
f 5388//2884 5389//2884 5390//2884
f 5390//2884 5391//2884 5388//2884
f 5392//2885 5393//2886 5394//2887
f 5395//2888 5392//2885 5394//2887
f 5396//2889 5397//2890 5398//2891
f 5396//2889 5399//2890 5397//2890
f 5400//2892 5401//2893 5402//2893
f 5401//2893 5400//2892 5403//2894
f 5404//2895 5405//2896 5406//2896
f 5406//2896 5407//2895 5404//2895
s 0
f 5408//2897 5409//2897 5410//2897
s 1
f 5411//2898 5412//2899 5413//2900
f 5412//2899 5411//2898 5414//2901
s 0
f 5415//2902 5416//2902 5417//2902
s 1
f 5418//2903 5419//2904 5420//2905
f 5420//2905 5421//2906 5418//2903
f 5422//2907 5423//2908 5424//2909
f 5424//2909 5425//2910 5422//2907
f 5426//2911 5427//2912 5428//2913
f 5428//2913 5429//2914 5426//2911
f 5430//2915 5431//2916 5432//2915
f 5430//2915 5433//2916 5431//2916
f 5434//2917 5435//2918 5436//2919
f 5435//2918 5434//2917 5437//2920
f 5438//2921 5439//2922 5440//2923
f 5439//2922 5438//2921 5441//2924
f 5442//2925 5443//2926 5444//2927
f 5444//2927 5443//2926 5445//2928
f 5446//2929 5447//2930 5448//2931
f 5447//2930 5446//2929 5449//2932
f 5450//2933 5451//2933 5452//2934
f 5451//2933 5450//2933 5453//2935
f 5454//2936 5455//2937 5456//2938
f 5454//2936 5457//2939 5455//2937
f 5458//2940 5459//2941 5460//2942
f 5459//2941 5458//2940 5461//2943
f 5462//2944 5463//2945 5464//2945
f 5463//2945 5462//2944 5465//2944
f 5466//2946 5467//2946 5468//2946
f 5467//2946 5466//2946 5469//2946
f 5470//2947 5471//2947 5472//2948
f 5471//2947 5470//2947 5473//2947
f 5474//2949 5475//2949 5476//2949
f 5476//2949 5477//2949 5474//2949
f 5478//2950 5479//2951 5480//2951
f 5479//2951 5478//2950 5481//2952
f 5482//2953 5483//2953 5484//2953
f 5484//2953 5485//2954 5482//2953
f 5486//2955 5487//2955 5488//2955
f 5488//2955 5489//2955 5486//2955
f 5490//2956 5491//2957 5492//2958
f 5491//2957 5490//2956 5493//2956
f 5494//2959 5495//2960 5496//2959
f 5497//2961 5494//2959 5496//2959
f 5498//2962 5499//2963 5500//2963
f 5499//2963 5498//2962 5501//2964
f 5502//2965 5503//2966 5504//2966
f 5505//2967 5502//2965 5504//2966
f 5506//2968 5507//2969 5508//2970
f 5509//2971 5506//2968 5508//2970
s 0
f 5510//2972 5511//2972 5512//2972
f 5511//2972 5510//2972 5513//2972
s 1
f 5514//2973 5515//2974 5516//2975
f 5516//2975 5517//2973 5514//2973
s 0
f 5518//2976 5519//2976 5520//2976
f 5520//2977 5521//2977 5518//2977
f 5522//2978 5523//2978 5524//2978
f 5523//2979 5522//2979 5525//2979
f 5526//2980 5527//2980 5528//2980
f 5528//2981 5529//2981 5526//2981
f 5530//2982 5531//2982 5532//2982
f 5531//2983 5530//2983 5533//2983
f 5534//2984 5535//2984 5536//2984
f 5536//2985 5537//2985 5534//2985
s 1
f 5538//2986 5539//2987 5540//2988
f 5539//2987 5538//2986 5541//2989
f 5542//2990 5543//2991 5544//2991
f 5545//2992 5542//2990 5544//2991
f 5546//2993 5547//2994 5548//2995
f 5548//2995 5549//2996 5546//2993
f 5550//2997 5551//2998 5552//2999
f 5551//2998 5550//2997 5553//3000
f 5554//3001 5555//3002 5556//3002
f 5555//3002 5554//3001 5557//3003
f 5558//3004 5559//3005 5560//3005
f 5560//3005 5561//3006 5558//3004
f 5562//3007 5563//3008 5564//3009
f 5564//3009 5565//3007 5562//3007
f 5566//3010 5567//3010 5568//3011
f 5567//3010 5566//3010 5569//3012
f 5570//3013 5571//3014 5572//3015
f 5572//3015 5573//3016 5570//3013
f 5574//3017 5575//3018 5576//3019
f 5576//3019 5577//3020 5574//3017
f 5578//3021 5579//3022 5580//3023
f 5581//3024 5578//3021 5580//3023
f 5582//3025 5583//3026 5584//3027
f 5585//3028 5584//3027 5583//3026
f 5586//3029 5587//3029 5588//3029
f 5589//3030 5590//3031 5591//3032
f 5592//3033 5589//3030 5591//3032
f 5593//3034 5594//3035 5595//3036
f 5594//3035 5593//3034 5596//3037
f 5597//3038 5598//3039 5599//3040
f 5598//3039 5597//3038 5600//3041
f 5601//3042 5602//3043 5603//3044
f 5604//3045 5602//3043 5601//3042
f 5605//3046 5606//3047 5607//3048
f 5606//3047 5605//3046 5608//3049
f 5609//3050 5610//3051 5611//3052
f 5612//3051 5611//3052 5610//3051
f 5613//3053 5614//3054 5615//3055
f 5614//3054 5613//3053 5616//3056
f 5617//3057 5618//3058 5619//3059
f 5618//3058 5617//3057 5620//3060
f 5621//3061 5622//3062 5623//3063
f 5624//3064 5621//3061 5623//3063
f 5625//3065 5626//3066 5627//3067
f 5626//3066 5625//3065 5628//3068
f 5629//3069 5630//3070 5631//3071
f 5632//3072 5629//3069 5631//3071
f 5633//3073 5634//3074 5635//3075
f 5636//3076 5635//3075 5634//3074
f 5637//3077 5638//3078 5639//3079
f 5638//3078 5637//3077 5640//3080
f 5641//3081 5642//3082 5643//3082
f 5642//3082 5641//3081 5644//3082
f 5645//3083 5646//3084 5647//3085
f 5646//3084 5645//3083 5648//3085
f 5649//3086 5650//3086 5651//3086
f 5652//3086 5649//3086 5651//3086
f 5653//3087 5654//3087 5655//3087
f 5654//3087 5653//3087 5656//3087
f 5657//3088 5658//3088 5659//3088
f 5657//3088 5659//3088 5660//3088
f 5661//3089 5662//3089 5663//3090
f 5664//3090 5661//3089 5663//3090
f 5665//3091 5666//3091 5667//3091
f 5666//3091 5665//3091 5668//3092
f 5669//3093 5670//3093 5671//3093
f 5672//3093 5670//3093 5669//3093
f 5673//3094 5674//3094 5675//3094
f 5676//3094 5674//3094 5673//3094
f 5677//3095 5678//3095 5679//3096
f 5678//3095 5677//3095 5680//3095
f 5681//3097 5682//3097 5683//3097
f 5682//3097 5681//3097 5684//3097
f 5685//3098 5686//3098 5687//3098
f 5687//3098 5688//3098 5685//3098
f 5689//3099 5690//3100 5691//3100
f 5692//3099 5690//3100 5689//3099
f 5693//3101 5694//3102 5695//3103
f 5694//3102 5693//3101 5696//3104
f 5697//3105 5698//3106 5699//3107
f 5698//3106 5697//3105 5700//3108
f 5701//3109 5702//3110 5703//3111
f 5704//3112 5701//3109 5703//3111
f 5705//3113 5706//3114 5707//3115
f 5706//3114 5705//3113 5708//3116
f 5709//3117 5710//3118 5711//3119
f 5710//3118 5709//3117 5712//3120
f 5713//3121 5714//3122 5715//3123
f 5714//3122 5713//3121 5716//3124
f 5717//3125 5718//3126 5719//3127
f 5720//3128 5717//3125 5719//3127
f 5721//3129 5722//3130 5723//3131
f 5722//3130 5721//3129 5724//3132
f 5725//3133 5726//3134 5727//3135
f 5726//3134 5725//3133 5728//3136
f 5729//3137 5730//3138 5731//3139
f 5729//3137 5731//3139 5732//3140
f 5733//3141 5734//3142 5735//3143
f 5736//3144 5735//3143 5734//3142
f 5737//3145 5738//3146 5739//3147
f 5738//3146 5737//3145 5740//3148
f 5741//3149 5742//3150 5743//3151
f 5742//3150 5741//3149 5744//3152
f 5745//3153 5746//3154 5747//3155
f 5746//3154 5745//3153 5748//3156
f 5749//3157 5750//3158 5751//3159
f 5750//3158 5749//3157 5752//3160
f 5753//3161 5754//3162 5755//3163
f 5754//3162 5753//3161 5756//3164
f 5757//3165 5758//3165 5759//3166
f 5757//3165 5760//3167 5758//3165
s 0
f 5761//3168 5762//3168 5763//3168
s 1
f 5764//3169 5765//3170 5766//3171
f 5764//3169 5767//3172 5765//3170
f 5768//3173 5769//3174 5770//3175
f 5771//3176 5768//3173 5770//3175
f 5772//3177 5773//3178 5774//3179
f 5773//3178 5772//3177 5775//3180
f 5776//3181 5777//3182 5778//3181
f 5776//3181 5779//3182 5777//3182
f 5780//3183 5781//3184 5782//3185
f 5781//3184 5780//3183 5783//3186
f 5784//3187 5785//3188 5786//3189
f 5785//3188 5784//3187 5787//3190
f 5788//3191 5789//3191 5790//3192
f 5789//3191 5788//3191 5791//3193
f 5792//3194 5793//3195 5794//3196
f 5793//3195 5792//3194 5795//3195
f 5796//3197 5797//3198 5798//3199
f 5797//3198 5796//3197 5799//3200
f 5800//3201 5801//3202 5802//3203
f 5801//3202 5800//3201 5803//3204
f 5804//3205 5805//3206 5806//3205
f 5807//3207 5804//3205 5806//3205
f 5808//3208 5809//3209 5810//3210
f 5809//3209 5808//3208 5811//3211
f 5812//3212 5813//3213 5814//3214
f 5813//3213 5812//3212 5815//3215
f 5816//3216 5817//3217 5818//3218
f 5819//3219 5816//3216 5818//3218
f 5820//3220 5821//3221 5822//3222
f 5821//3221 5820//3220 5823//3223
s 0
f 5824//3224 5825//3224 5826//3224
s 1
f 5827//3225 5828//3226 5829//3227
f 5828//3226 5827//3225 5830//3228
f 5831//3229 5832//3230 5833//3231
f 5834//3232 5832//3230 5831//3229
f 5835//3233 5836//3234 5837//3235
f 5836//3234 5835//3233 5838//3233
f 5839//3236 5840//3237 5841//3237
f 5840//3237 5839//3236 5842//3237
f 5843//3238 5844//3239 5845//3240
f 5844//3239 5843//3238 5846//3241
f 5847//3242 5848//3243 5849//3244
f 5847//3242 5850//3245 5848//3243
f 5851//3246 5852//3247 5853//3248
f 5852//3247 5851//3246 5854//3249
f 5855//3250 5856//3251 5857//3252
f 5856//3251 5855//3250 5858//3253
f 5859//3254 5860//3254 5861//3255
f 5860//3254 5859//3254 5862//3256
f 5863//3257 5864//3258 5865//3259
f 5866//3260 5864//3258 5863//3257
f 5867//3261 5868//3262 5869//3263
f 5868//3262 5867//3261 5870//3264
s 0
f 5871//3265 5872//3265 5873//3265
f 5874//3266 5875//3266 5876//3266
s 1
f 5877//3267 5878//3267 5879//3267
f 5878//3267 5877//3267 5880//3267
f 5881//3268 5882//3268 5883//3268
f 5884//3268 5881//3268 5883//3268
f 5885//3269 5886//3270 5887//3269
f 5886//3270 5885//3269 5888//3271
f 5889//3272 5890//3272 5891//3272
f 5889//3272 5892//3272 5890//3272
s 0
f 5893//3273 5894//3273 5895//3273
f 5896//3274 5897//3274 5898//3274
s 1
f 5899//3275 5900//3275 5901//3276
f 5900//3275 5899//3275 5902//3275
s 0
f 5903//3277 5904//3277 5905//3277
s 1
f 5906//3278 5907//3278 5908//3278
f 5907//3278 5906//3278 5909//3278
f 5910//3279 5911//3280 5912//3279
f 5913//3281 5912//3279 5911//3280
f 5914//3282 5915//3282 5916//3282
f 5915//3282 5914//3282 5917//3282
f 5918//3283 5919//3283 5920//3283
f 5918//3283 5921//3283 5919//3283
f 5922//3284 5923//3284 5924//3285
f 5923//3284 5922//3284 5925//3284
f 5926//3286 5927//3287 5928//3288
f 5927//3287 5926//3286 5929//3288
s 0
f 5930//3289 5931//3289 5932//3289
s 1
f 5933//3290 5934//3290 5935//3290
f 5934//3290 5933//3290 5936//3290
f 5937//3291 5938//3292 5939//3293
f 5939//3293 5940//3293 5937//3291
f 5939//3293 5941//3293 5940//3293
f 5942//3294 5943//3294 5944//3295
f 5943//3294 5942//3294 5945//3296
f 5946//3297 5947//3298 5948//3299
f 5947//3298 5946//3297 5949//3298
f 5950//3300 5951//3300 5952//3300
f 5951//3300 5950//3300 5953//3300
f 5954//3301 5955//3301 5956//3301
f 5957//3301 5956//3301 5955//3301
f 5958//3302 5959//3302 5960//3302
f 5959//3302 5958//3302 5961//3302
f 5962//3303 5963//3304 5964//3305
f 5965//3303 5963//3304 5962//3303
f 5966//3306 5967//3306 5968//3306
f 5969//3306 5968//3306 5967//3306
f 5970//3307 5971//3307 5972//3307
f 5971//3307 5970//3307 5973//3308
f 5974//3309 5975//3309 5976//3309
f 5975//3309 5974//3309 5977//3309
f 5978//3310 5979//3311 5980//3310
f 5979//3311 5978//3310 5981//3310
f 5982//3312 5983//3313 5984//3312
f 5983//3313 5982//3312 5985//3314
f 5986//3315 5987//3316 5988//3317
f 5987//3316 5986//3315 5989//3315
f 5990//3318 5991//3318 5992//3318
f 5991//3318 5990//3318 5993//3319
f 5994//3320 5995//3321 5996//3320
f 5997//3320 5995//3321 5994//3320
f 5998//3322 5999//3322 6000//3322
f 6001//3322 6000//3322 5999//3322
f 6002//3323 6003//3323 6004//3324
f 6003//3323 6002//3323 6005//3323
s 0
f 6006//3325 6007//3325 6008//3325
s 1
f 6009//3326 6010//3326 6011//3326
f 6010//3326 6009//3326 6012//3327
f 6013//3328 6014//3328 6015//3328
f 6014//3328 6013//3328 6016//3328
f 6017//3329 6018//3329 6019//3329
f 6018//3329 6017//3329 6020//3330
f 6021//3331 6022//3331 6023//3332
f 6022//3331 6021//3331 6024//3333
f 6025//3334 6026//3334 6027//3334
f 6026//3334 6025//3334 6028//3335
f 6029//3336 6030//3336 6031//3336
f 6029//3336 6032//3337 6030//3336
f 6033//3338 6034//3339 6035//3338
f 6034//3339 6033//3338 6036//3338
f 6037//3340 6038//3341 6039//3341
f 6039//3341 6040//3340 6037//3340
f 6041//3342 6042//3343 6043//3342
f 6043//3342 6044//3342 6041//3342
f 6045//3344 6046//3344 6047//3344
f 6045//3344 6048//3344 6046//3344
f 6049//3345 6050//3345 6051//3345
f 6051//3345 6052//3346 6049//3345
f 6053//3347 6054//3348 6055//3348
f 6053//3347 6056//3348 6054//3348
f 6057//3349 6058//3350 6059//3351
f 6059//3351 6060//3350 6057//3349
s 0
f 6061//3352 6062//3352 6063//3352
s 1
f 6064//3353 6065//3354 6066//3354
f 6065//3354 6064//3353 6067//3353
f 6068//3355 6069//3355 6070//3355
f 6069//3355 6068//3355 6071//3355
f 6072//3356 6073//3356 6074//3356
f 6073//3356 6072//3356 6075//3356
f 6076//3357 6077//3358 6078//3359
f 6077//3358 6076//3357 6079//3357
f 6080//3360 6081//3361 6082//3360
f 6081//3361 6080//3360 6083//3360
s 0
f 6084//3362 6085//3362 6086//3362
s 1
f 6087//3363 6088//3363 6089//3363
f 6088//3363 6087//3363 6090//3363
f 6091//3364 6092//3364 6093//3364
f 6092//3364 6091//3364 6094//3364
s 0
f 6095//3365 6096//3365 6097//3365
s 1
f 6098//3366 6099//3367 6100//3368
f 6101//3369 6099//3367 6098//3366
f 6102//3370 6103//3371 6104//3372
f 6105//3373 6103//3371 6102//3370
f 6106//3374 6107//3375 6108//3376
f 6109//3377 6107//3375 6106//3374
f 6110//3378 6111//3379 6112//3380
f 6111//3379 6110//3378 6113//3381
s 0
f 6114//3382 6115//3382 6116//3382
f 6117//3383 6118//3383 6119//3383
s 1
f 6120//3384 6121//3384 6122//3385
f 6123//3386 6120//3384 6122//3385
f 6124//3387 6125//3388 6126//3387
f 6126//3387 6125//3388 6127//3388
f 6128//3389 6129//3389 6130//3389
f 6129//3389 6128//3389 6131//3390
f 6132//3391 6133//3392 6134//3391
f 6133//3392 6132//3391 6135//3391
f 6136//3393 6137//3393 6138//3394
f 6137//3393 6136//3393 6139//3395
s 0
f 6140//3396 6141//3396 6142//3396
s 1
f 6143//3397 6144//3398 6145//3399
f 6143//3397 6146//3400 6144//3398
f 6147//3401 6148//3401 6149//3402
f 6148//3401 6147//3401 6150//3402
f 6151//3403 6152//3403 6153//3403
f 6151//3403 6154//3403 6152//3403
f 6155//3404 6156//3404 6157//3404
f 6156//3404 6155//3404 6158//3405
f 6159//3406 6160//3406 6161//3406
f 6159//3406 6162//3407 6160//3406
f 6163//3408 6164//3408 6165//3409
f 6164//3408 6163//3408 6166//3408
f 6167//3410 6168//3410 6169//3410
f 6168//3410 6167//3410 6170//3410
f 6171//3411 6172//3412 6173//3413
f 6174//3414 6172//3412 6171//3411
f 6175//3415 6176//3416 6177//3417
f 6178//3418 6176//3416 6175//3415
f 6179//3419 6180//3420 6181//3421
f 6182//3422 6180//3420 6179//3419
f 6183//3423 6184//3424 6185//3425
f 6186//3426 6184//3424 6183//3423
f 6187//3427 6188//3428 6189//3429
f 6188//3428 6187//3427 6190//3430
f 6191//3431 6192//3432 6193//3433
f 6194//3434 6191//3431 6193//3433
f 6195//3435 6196//3436 6197//3437
f 6196//3436 6195//3435 6198//3438
f 6199//3439 6200//3440 6201//3441
f 6200//3440 6199//3439 6202//3442
f 6203//3443 6204//3444 6205//3445
f 6206//3446 6204//3444 6203//3443
f 6207//3447 6208//3448 6209//3449
f 6209//3449 6208//3448 6210//3450
f 6211//3451 6212//3452 6213//3453
f 6212//3452 6211//3451 6214//3454
f 6215//3455 6216//3456 6217//3457
f 6216//3456 6215//3455 6218//3458
f 6219//3459 6220//3460 6221//3461
f 6220//3460 6219//3459 6222//3462
f 6223//3463 6224//3464 6225//3465
f 6224//3464 6223//3463 6226//3466
f 6227//3467 6228//3468 6229//3469
f 6230//3470 6228//3468 6227//3467
s 0
f 6231//3471 6232//3471 6233//3471
s 1
f 6234//3472 6235//3473 6236//3474
f 6235//3473 6234//3472 6237//3475
f 6238//3476 6239//3477 6240//3477
f 6239//3477 6238//3476 6241//3477
f 6242//3478 6243//3479 6244//3479
f 6243//3479 6242//3478 6245//3479
f 6246//3480 6247//3481 6248//3482
f 6247//3481 6246//3480 6249//3483
f 6250//3484 6251//3484 6252//3484
f 6253//3484 6251//3484 6250//3484
f 6254//3485 6255//3486 6256//3487
f 6255//3486 6254//3485 6257//3488
f 6258//3489 6259//3490 6260//3491
f 6259//3490 6258//3489 6261//3492
s 0
f 6262//3493 6263//3493 6264//3493
s 1
f 6265//3494 6266//3495 6267//3496
f 6266//3495 6265//3494 6268//3497
f 6269//3498 6270//3499 6271//3500
f 6270//3499 6269//3498 6272//3501
f 6273//3502 6274//3503 6275//3504
f 6274//3503 6273//3502 6276//3505
s 0
f 6277//3506 6278//3506 6279//3506
f 6278//3507 6277//3507 6280//3507
s 1
f 6281//3508 6282//3509 6283//3510
f 6284//3511 6282//3509 6281//3508
f 6285//3512 6286//3512 6287//3512
f 6286//3512 6285//3512 6288//3512
f 6289//3513 6290//3514 6291//3515
f 6290//3514 6289//3513 6292//3516
f 6293//3517 6294//3518 6295//3519
f 6294//3518 6293//3517 6296//3520
f 6297//3521 6298//3522 6299//3523
f 6298//3522 6297//3521 6300//3524
f 6301//3525 6302//3526 6303//3527
f 6302//3526 6301//3525 6304//3528
f 6305//3529 6306//3530 6307//3531
f 6308//3532 6306//3530 6305//3529
f 6309//3533 6310//3534 6311//3535
f 6310//3534 6309//3533 6312//3536
f 6313//3537 6314//3538 6315//3539
f 6314//3538 6313//3537 6316//3540
s 0
f 6317//3541 6318//3541 6319//3541
f 6318//3542 6317//3542 6320//3542
s 1
f 6321//3543 6322//3544 6323//3545
f 6322//3544 6321//3543 6324//3546
f 6325//3547 6326//3548 6327//3549
f 6326//3548 6325//3547 6328//3550
f 6329//3551 6330//3552 6331//3553
f 6330//3552 6329//3551 6332//3554
f 6333//3555 6334//3556 6335//3557
f 6334//3556 6333//3555 6336//3558
f 6337//3559 6338//3560 6339//3561
f 6340//3560 6339//3561 6338//3560
f 6341//3562 6342//3563 6343//3564
f 6344//3565 6342//3563 6341//3562
f 6345//3566 6346//3567 6347//3568
f 6346//3567 6345//3566 6348//3569
f 6349//3570 6350//3571 6351//3572
f 6350//3571 6349//3570 6352//3573
f 6353//3574 6354//3575 6355//3576
f 6354//3575 6353//3574 6356//3577
s 0
f 6357//3578 6358//3578 6359//3578
s 1
f 6360//3579 6361//3580 6362//3581
f 6361//3580 6360//3579 6363//3582
s 0
f 6364//3583 6365//3583 6366//3583
s 1
f 6367//3584 6368//3585 6369//3586
f 6368//3585 6367//3584 6370//3587
f 6371//3588 6372//3589 6373//3590
f 6372//3589 6371//3588 6374//3591
f 6375//3592 6376//3593 6377//3594
f 6378//3595 6376//3593 6375//3592
f 6379//3596 6380//3597 6381//3598
f 6381//3598 6380//3597 6382//3599
f 6383//3600 6384//3601 6385//3602
f 6384//3601 6383//3600 6386//3603
f 6387//3604 6388//3605 6389//3606
f 6389//3606 6390//3607 6387//3604
f 6391//3608 6392//3609 6393//3610
f 6393//3610 6394//3611 6391//3608
f 6395//3612 6396//3613 6397//3614
f 6396//3613 6395//3612 6398//3615
f 6399//3616 6400//3617 6401//3618
f 6400//3617 6399//3616 6402//3619
f 6403//3620 6404//3621 6405//3622
f 6404//3621 6403//3620 6406//3623
f 6407//3624 6408//3625 6409//3626
f 6408//3625 6407//3624 6410//3627
f 6411//3628 6412//3629 6413//3628
f 6412//3629 6411//3628 6414//3629
f 6415//3630 6416//3630 6417//3630
f 6416//3630 6415//3630 6418//3630
f 6419//3631 6420//3631 6421//3631
f 6420//3631 6419//3631 6422//3632
f 6423//3633 6424//3633 6425//3633
f 6424//3633 6423//3633 6426//3633
f 6427//3634 6428//3635 6429//3636
f 6428//3635 6427//3634 6430//3635
f 6431//3637 6432//3637 6433//3637
f 6434//3637 6432//3637 6431//3637
f 6435//3638 6436//3638 6437//3638
f 6438//3638 6436//3638 6435//3638
f 6439//3639 6440//3640 6441//3639
f 6440//3640 6439//3639 6442//3641
f 6443//3642 6444//3643 6445//3644
f 6444//3643 6443//3642 6446//3645
f 6447//3646 6448//3647 6449//3648
f 6448//3647 6447//3646 6450//3647
f 6451//3649 6452//3650 6453//3649
f 6454//3651 6452//3650 6451//3649
f 6455//3652 6456//3652 6457//3653
f 6458//3654 6456//3652 6455//3652
s 0
f 6459//3655 6460//3655 6461//3655
f 6460//3655 6459//3655 6462//3655
s 1
f 6463//3656 6464//3657 6465//3658
f 6464//3657 6463//3656 6466//3659
s 0
f 6467//3660 6468//3660 6469//3660
f 6468//3661 6467//3661 6470//3661
f 6471//3662 6472//3662 6473//3662
f 6472//3663 6471//3663 6474//3663
f 6475//3664 6476//3664 6477//3664
f 6478//3665 6476//3665 6475//3665
f 6479//3666 6480//3666 6481//3666
f 6480//3667 6479//3667 6482//3667
f 6483//3668 6484//3668 6485//3668
f 6486//3669 6484//3669 6483//3669
s 1
f 6487//3670 6488//3670 6489//3671
f 6488//3670 6487//3670 6490//3672
f 6491//3673 6492//3674 6493//3673
f 6494//3675 6492//3674 6491//3673
f 6495//3676 6496//3677 6497//3678
f 6498//3679 6496//3677 6495//3676
f 6499//3680 6500//3681 6501//3682
f 6500//3681 6499//3680 6502//3683
f 6503//3684 6504//3685 6505//3686
f 6504//3685 6503//3684 6506//3685
f 6507//3687 6508//3688 6509//3688
f 6508//3688 6507//3687 6510//3689
f 6511//3690 6512//3691 6513//3692
f 6514//3690 6512//3691 6511//3690
f 6515//3693 6516//3693 6517//3694
f 6516//3693 6515//3693 6518//3695
f 6519//3696 6520//3697 6521//3698
f 6522//3699 6520//3697 6519//3696
f 6523//3700 6524//3701 6525//3702
f 6526//3703 6524//3701 6523//3700
f 6527//3704 6528//3705 6529//3706
f 6530//3707 6528//3705 6527//3704
f 6531//3708 6532//3709 6533//3710
f 6531//3708 6533//3710 6534//3711
s 0
f 6535//3712 6536//3712 6537//3712
s 1
f 6538//3713 6539//3714 6540//3715
f 6539//3714 6538//3713 6541//3716
f 6542//3717 6543//3718 6544//3719
f 6542//3717 6544//3719 6545//3720
f 6546//3721 6547//3722 6548//3723
f 6547//3722 6546//3721 6549//3724
f 6550//3725 6551//3726 6552//3727
f 6551//3726 6550//3725 6553//3728
f 6554//3729 6555//3730 6556//3731
f 6555//3730 6554//3729 6557//3732
f 6558//3733 6559//3734 6560//3735
f 6558//3733 6561//3736 6559//3734
f 6562//3737 6563//3738 6564//3739
f 6563//3738 6562//3737 6565//3740
f 6566//3741 6567//3742 6568//3743
f 6567//3742 6566//3741 6569//3744
f 6570//3745 6571//3746 6572//3747
f 6573//3748 6571//3746 6570//3745
f 6574//3749 6575//3750 6576//3751
f 6575//3750 6574//3749 6577//3752
f 6578//3753 6579//3754 6580//3755
f 6581//3756 6579//3754 6578//3753
f 6582//3757 6583//3758 6584//3759
f 6582//3757 6585//3760 6583//3758
f 6586//3761 6587//3762 6588//3763
f 6587//3762 6586//3761 6589//3764
f 6590//3765 6591//3766 6592//3765
f 6591//3766 6590//3765 6593//3765
f 6594//3767 6595//3768 6596//3769
f 6595//3768 6594//3767 6597//3770
f 6598//3771 6599//3771 6600//3771
f 6599//3771 6598//3771 6601//3772
f 6602//3773 6603//3773 6604//3773
f 6603//3773 6602//3773 6605//3773
f 6606//3774 6607//3774 6608//3774
f 6609//3774 6607//3774 6606//3774
f 6610//3775 6611//3775 6612//3776
f 6611//3775 6610//3775 6613//3775
f 6614//3777 6615//3777 6616//3777
f 6615//3777 6614//3777 6617//3777
f 6618//3778 6619//3779 6620//3779
f 6620//3779 6621//3778 6618//3778
f 6622//3780 6623//3780 6624//3780
f 6622//3780 6625//3780 6623//3780
f 6626//3781 6627//3782 6628//3782
f 6627//3782 6626//3781 6629//3781
f 6630//3783 6631//3784 6632//3785
f 6631//3784 6630//3783 6633//3785
f 6634//3786 6635//3786 6636//3786
f 6635//3786 6634//3786 6637//3786
f 6638//3787 6639//3787 6640//3787
f 6641//3787 6638//3787 6640//3787
f 6642//3788 6643//3789 6644//3790
f 6643//3789 6642//3788 6645//3791
f 6646//3792 6647//3793 6648//3794
f 6649//3795 6646//3792 6648//3794
f 6650//3796 6651//3797 6652//3798
f 6653//3799 6651//3797 6650//3796
f 6654//3800 6655//3801 6656//3802
f 6655//3801 6654//3800 6657//3803
f 6658//3804 6659//3805 6660//3806
f 6658//3804 6661//3807 6659//3805
f 6662//3808 6663//3809 6664//3810
f 6663//3809 6662//3808 6665//3811
f 6666//3812 6667//3813 6668//3814
f 6667//3813 6666//3812 6669//3815
f 6670//3816 6671//3817 6672//3818
f 6673//3819 6670//3816 6672//3818
f 6674//3820 6675//3821 6676//3822
f 6675//3821 6674//3820 6677//3823
f 6678//3824 6679//3825 6680//3826
f 6678//3824 6680//3826 6681//3827
f 6682//3828 6683//3829 6684//3830
f 6682//3828 6685//3831 6683//3829
f 6686//3832 6687//3833 6688//3834
f 6687//3833 6686//3832 6689//3835
f 6690//3836 6691//3837 6692//3838
f 6691//3837 6690//3836 6693//3839
f 6694//3840 6695//3841 6696//3842
f 6695//3841 6694//3840 6697//3843
f 6698//3844 6699//3845 6700//3846
f 6699//3845 6698//3844 6701//3847
f 6702//3848 6703//3849 6704//3850
f 6704//3850 6705//3851 6702//3848
f 6706//3852 6707//3853 6708//3854
f 6706//3852 6708//3854 6709//3855
s 0
f 6710//3856 6711//3856 6712//3856
s 1
f 6713//3857 6714//3858 6715//3859
f 6716//3860 6714//3858 6713//3857
f 6717//3861 6718//3862 6719//3863
f 6718//3862 6717//3861 6720//3864
f 6721//3865 6722//3866 6723//3867
f 6722//3866 6721//3865 6724//3868
f 6725//3869 6726//3870 6727//3871
f 6726//3870 6725//3869 6728//3872
f 6729//3873 6730//3874 6731//3875
f 6730//3874 6729//3873 6732//3876
f 6733//3877 6734//3878 6735//3879
f 6734//3878 6733//3877 6736//3880
f 6737//3881 6738//3882 6739//3883
f 6738//3882 6737//3881 6740//3884
f 6741//3885 6742//3886 6743//3887
f 6741//3885 6744//3888 6742//3886
f 6745//3889 6746//3890 6747//3891
f 6745//3889 6748//3892 6746//3890
f 6749//3893 6750//3894 6751//3895
f 6750//3894 6749//3893 6752//3896
f 6753//3897 6754//3897 6755//3898
f 6756//3899 6754//3897 6753//3897
f 6757//3900 6758//3901 6759//3902
f 6758//3901 6757//3900 6760//3903
f 6761//3904 6762//3905 6763//3906
f 6762//3905 6761//3904 6764//3907
f 6765//3908 6766//3909 6767//3910
f 6768//3911 6766//3909 6765//3908
f 6769//3912 6770//3913 6771//3914
f 6769//3912 6772//3915 6770//3913
f 6773//3916 6774//3916 6775//3916
f 6776//3917 6777//3918 6778//3919
f 6777//3918 6776//3917 6779//3920
f 6780//3921 6781//3922 6782//3923
f 6782//3923 6783//3924 6780//3921
f 6784//3925 6785//3926 6786//3927
f 6785//3926 6784//3925 6787//3927
f 6788//3928 6789//3929 6790//3929
f 6789//3929 6788//3928 6791//3929
f 6792//3930 6793//3931 6794//3932
f 6793//3931 6792//3930 6795//3933
f 6796//3934 6797//3935 6798//3936
f 6799//3937 6798//3936 6797//3935
f 6800//3938 6801//3939 6802//3940
f 6801//3939 6800//3938 6803//3941
f 6804//3942 6805//3943 6806//3944
f 6805//3943 6804//3942 6807//3945
f 6808//3946 6809//3946 6810//3947
f 6809//3946 6808//3946 6811//3948
f 6812//3949 6813//3950 6814//3951
f 6814//3951 6815//3952 6812//3949
f 6816//3953 6817//3954 6818//3955
f 6817//3954 6816//3953 6819//3956
s 0
usemtl Material.010
f 6820//1382 6821//1382 6822//1382
s 1
f 6823//3957 6824//3958 6825//3958
f 6824//3958 6823//3957 6826//3957
f 6827//3959 6828//3960 6829//3960
f 6830//3960 6827//3959 6829//3960
f 6831//3961 6832//3962 6833//3961
f 6832//3962 6831//3961 6834//3962
f 6835//3963 6836//3964 6837//3963
f 6836//3964 6835//3963 6838//3964
f 6839//3965 6840//3966 6841//3966
s 0
f 6842//3967 6839//3967 6841//3967
s 1
f 6843//3968 6844//3968 6845//3968
f 6844//3968 6843//3968 6846//3968
f 6847//3969 6848//3969 6849//3969
f 6850//3969 6847//3969 6849//3969
f 6851//3970 6852//3970 6853//3971
f 6852//3970 6851//3970 6854//3970
f 6855//3972 6856//3973 6857//3973
f 6856//3973 6855//3972 6858//3973
f 6859//3974 6860//3974 6861//3974
f 6862//3974 6859//3974 6861//3974
f 6863//3975 6864//3976 6865//3975
f 6864//3976 6863//3975 6866//3976
f 6867//3977 6868//3978 6869//3978
f 6868//3978 6867//3977 6870//3977
f 6871//3979 6872//3979 6873//3979
f 6872//3979 6871//3979 6874//3980
f 6875//3981 6876//3981 6877//3981
f 6876//3981 6875//3981 6878//3981
s 0
f 6879//3982 6880//3982 6881//3982
s 1
f 6882//3983 6883//3983 6884//3984
f 6882//3983 6885//3983 6883//3983
f 6886//3985 6887//3986 6888//3985
f 6886//3985 6888//3985 6889//3987
f 6887//3986 6886//3985 6890//3986
f 6891//3988 6892//3988 6893//3988
f 6892//3988 6891//3988 6894//3988
s 0
f 6895//1991 6896//1991 6897//1991
s 1
f 6898//3989 6899//3990 6900//3991
f 6898//3989 6900//3991 6901//3989
f 6902//3992 6903//3992 6904//3992
f 6903//3992 6902//3992 6905//3992
f 6906//3993 6907//3993 6908//3993
f 6907//3993 6906//3993 6909//3993
f 6910//3994 6911//3995 6912//3995
f 6911//3995 6910//3994 6913//3995
s 0
f 6914//3996 6915//3996 6916//3996
f 6915//3997 6914//3997 6917//3997
s 1
f 6918//3998 6919//3998 6920//3998
f 6919//3998 6918//3998 6921//3998
f 6922//3999 6923//3999 6924//3999
f 6923//3999 6922//3999 6925//3999
f 6926//4000 6927//4001 6928//4000
f 6928//4000 6929//4000 6926//4000
f 6930//4002 6931//4003 6932//4004
f 6931//4003 6930//4002 6933//4004
f 6934//4005 6935//4005 6936//4005
f 6935//4005 6934//4005 6937//4005
f 6938//4006 6939//4007 6940//4007
f 6939//4007 6938//4006 6941//4006
f 6942//4008 6943//4009 6944//4009
f 6944//4009 6945//4010 6942//4008
f 6946//4011 6947//4012 6948//4011
f 6947//4012 6946//4011 6949//4011
f 6950//4013 6951//4013 6952//4013
f 6951//4013 6950//4013 6953//4013
s 0
f 6954//4014 6955//4014 6956//4014
s 1
f 6957//4015 6958//4015 6959//4015
f 6958//4015 6957//4015 6960//4015
f 6961//4016 6962//4016 6963//4016
f 6961//4016 6964//4016 6962//4016
f 6963//4016 6962//4016 6965//4016
f 6966//4017 6967//4018 6968//4018
f 6967//4018 6966//4017 6969//4017
usemtl Material.001
f 6970//4019 6971//4019 6972//4019
f 6970//4019 6973//4019 6971//4019
f 6974//4020 6975//4020 6976//4021
f 6975//4020 6974//4020 6977//4020
f 6978//4022 6979//4023 6980//4022
f 6981//4022 6978//4022 6980//4022
f 6982//4024 6983//4024 6984//4024
f 6982//4024 6985//4024 6983//4024
f 6986//4025 6987//4025 6988//4025
f 6986//4025 6988//4025 6989//4025
f 6990//4026 6991//4026 6992//4027
f 6991//4026 6990//4026 6993//4026
f 6994//4028 6995//4029 6996//4030
f 6995//4029 6994//4028 6997//4031
f 6998//4032 6999//4033 7000//4034
f 6999//4033 6998//4032 7001//4035
s 0
f 7002//4036 7003//4036 7004//4036
s 1
f 7005//4037 7006//4038 7007//4039
f 7006//4038 7005//4037 7008//4040
f 7009//4041 7010//4042 7011//4043
f 7010//4042 7009//4041 7012//4044
f 7013//4045 7014//4046 7015//4047
f 7016//4048 7013//4045 7015//4047
s 0
f 7017//4049 7018//4049 7019//4049
f 7020//4050 7021//4050 7022//4050
f 7023//4050 7021//4050 7020//4050
s 1
f 7024//4051 7025//4051 7026//4051
f 7025//4051 7024//4051 7027//4051
f 7028//4052 7029//4052 7030//4052
f 7029//4052 7028//4052 7031//4052
f 7032//4053 7033//4054 7034//4055
f 7035//4055 7032//4053 7034//4055
f 7036//4056 7037//4056 7038//4056
f 7037//4056 7036//4056 7039//4056
f 7040//4057 7041//4057 7042//4057
f 7040//4057 7042//4057 7043//4057
f 7044//4058 7045//4058 7046//4059
f 7047//4058 7044//4058 7046//4059
f 7048//4060 7049//4060 7050//4060
f 7049//4060 7048//4060 7051//4060
f 7052//4061 7053//4061 7054//4061
f 7054//4061 7055//4061 7052//4061
f 7056//4062 7057//4062 7058//4062
f 7057//4062 7056//4062 7059//4062
f 7060//4063 7061//4063 7062//4063
f 7061//4063 7060//4063 7063//4063
f 7064//4064 7065//4065 7066//4066
f 7065//4065 7064//4064 7067//4067
f 7068//4068 7069//4069 7070//4070
f 7069//4069 7068//4068 7071//4071
f 7072//4072 7073//4073 7074//4074
f 7073//4073 7072//4072 7075//4075
s 0
f 7076//4076 7077//4076 7078//4076
s 1
f 7079//4077 7080//4078 7081//4079
f 7080//4078 7079//4077 7082//4080
f 7083//4081 7084//4081 7085//4082
f 7084//4081 7083//4081 7086//4083
f 7087//4084 7088//4085 7089//4086
f 7088//4085 7087//4084 7090//4087
s 0
f 7091//4088 7092//4088 7093//4088
f 7094//4089 7095//4089 7096//4089
s 1
f 7097//4090 7098//4090 7099//4091
f 7100//4092 7097//4090 7099//4091
s 0
f 7101//4050 7102//4050 7103//4050
f 7104//4050 7102//4050 7101//4050
s 1
f 7105//4093 7106//4093 7107//4093
f 7106//4093 7105//4093 7108//4093
f 7109//4094 7110//4094 7111//4094
f 7110//4094 7109//4094 7112//4094
f 7113//4095 7114//4096 7115//4097
f 7116//4096 7113//4095 7115//4097
f 7117//4098 7118//4098 7119//4098
f 7118//4098 7117//4098 7120//4098
f 7121//4099 7122//4100 7123//4100
f 7122//4100 7121//4099 7124//4099
f 7125//4101 7126//4101 7127//4102
f 7128//4101 7125//4101 7127//4102
f 7129//4103 7130//4103 7131//4103
f 7130//4103 7129//4103 7132//4103
f 7133//4104 7134//4104 7135//4105
f 7135//4105 7136//4106 7133//4104
f 7137//4107 7138//4107 7139//4107
f 7139//4107 7140//4108 7137//4107
f 7141//4109 7142//4110 7143//4110
f 7142//4110 7141//4109 7144//4109
f 7145//4111 7146//4112 7147//4113
f 7148//4114 7145//4111 7147//4113
f 7149//4115 7150//4116 7151//4116
f 7152//4116 7150//4116 7149//4115
f 7153//4117 7154//4117 7155//4117
f 7154//4117 7153//4117 7156//4117
f 7157//4118 7158//4119 7159//4118
f 7158//4119 7157//4118 7160//4119
f 7161//4120 7162//4120 7163//4120
f 7164//4121 7162//4120 7161//4120
f 7165//4122 7166//4122 7167//4122
f 7166//4122 7165//4122 7168//4122
f 7169//4123 7170//4124 7171//4123
f 7170//4124 7169//4123 7172//4123
f 7173//4125 7174//4126 7175//4125
f 7174//4126 7173//4125 7176//4125
f 7177//4127 7178//4128 7179//4129
f 7178//4128 7177//4127 7180//4130
f 7181//4131 7182//4132 7183//4133
f 7184//4134 7183//4133 7182//4132
s 0
f 7185//4135 7186//4135 7187//4135
s 1
f 7188//4136 7189//4137 7190//4138
f 7189//4137 7188//4136 7191//4139
f 7192//4140 7193//4141 7194//4142
f 7195//4143 7192//4140 7194//4142
f 7196//4144 7197//4145 7198//4146
f 7199//4147 7197//4145 7196//4144
s 0
f 7200//4148 7201//4148 7202//4148
f 7203//4050 7204//4050 7205//4050
f 7203//4050 7206//4050 7204//4050
s 1
f 7207//4149 7208//4149 7209//4149
f 7208//4149 7207//4149 7210//4149
f 7211//4150 7212//4151 7213//4150
f 7212//4151 7211//4150 7214//4150
f 7215//4152 7216//4153 7217//4152
f 7216//4153 7215//4152 7218//4153
f 7219//4154 7220//4154 7221//4154
f 7220//4154 7219//4154 7222//4154
f 7223//4155 7224//4155 7225//4155
f 7226//4155 7224//4155 7223//4155
f 7227//4156 7228//4157 7229//4157
f 7228//4157 7227//4156 7230//4157
f 7231//4158 7232//4158 7233//4158
f 7232//4158 7231//4158 7234//4158
f 7235//4159 7236//4159 7237//4159
f 7238//4159 7236//4159 7235//4159
f 7239//4160 7240//4160 7241//4160
f 7240//4160 7239//4160 7242//4160
f 7243//4161 7244//4161 7245//4161
f 7244//4161 7243//4161 7246//4161
f 7247//4162 7248//4163 7249//4164
f 7248//4163 7247//4162 7250//4165
f 7251//4166 7252//4167 7253//4168
f 7252//4167 7251//4166 7254//4169
f 7255//4170 7256//4171 7257//4172
f 7258//4173 7255//4170 7257//4172
s 0
f 7259//4174 7260//4174 7261//4174
s 1
f 7262//4175 7263//4176 7264//4177
f 7263//4176 7262//4175 7265//4178
f 7266//4179 7267//4180 7268//4181
f 7268//4181 7269//4182 7266//4179
f 7270//4183 7271//4183 7272//4184
f 7271//4183 7270//4183 7273//4185
s 0
f 7274//4186 7275//4186 7276//4186
f 7277//4187 7278//4187 7279//4187
s 1
f 7280//4188 7281//4188 7282//4188
f 7283//4189 7281//4188 7280//4188
s 0
f 7284//4050 7285//4050 7286//4050
f 7284//4050 7286//4050 7287//4050
s 1
f 7288//4190 7289//4190 7290//4190
f 7289//4190 7288//4190 7291//4190
f 7292//4191 7293//4191 7294//4191
f 7293//4191 7292//4191 7295//4191
f 7296//4192 7297//4193 7298//4193
f 7297//4193 7296//4192 7299//4193
f 7300//4194 7301//4194 7302//4194
f 7301//4194 7300//4194 7303//4194
f 7304//4195 7305//4195 7306//4195
f 7305//4195 7304//4195 7307//4196
f 7308//4197 7309//4198 7310//4197
f 7309//4198 7308//4197 7311//4197
f 7312//4199 7313//4199 7314//4199
f 7313//4199 7312//4199 7315//4199
f 7316//4200 7317//4201 7318//4200
f 7319//4202 7317//4201 7316//4200
f 7320//4203 7321//4203 7322//4203
f 7321//4203 7320//4203 7323//4204
f 7324//4205 7325//4206 7326//4205
f 7325//4206 7324//4205 7327//4206
f 7328//4207 7329//4208 7330//4209
f 7329//4208 7328//4207 7331//4210
f 7332//4211 7333//4212 7334//4211
f 7335//4211 7333//4212 7332//4211
usemtl Material.011
f 7336//4213 7337//4214 7338//4213
f 7336//4213 7339//4215 7337//4214
f 7340//4216 7341//4216 7342//4216
f 7343//4216 7342//4216 7341//4216
s 0
f 7344//4217 7345//4217 7346//4217
f 7347//4218 7348//4218 7349//4218
f 7350//4219 7351//4219 7352//4219
s 1
f 7353//4220 7354//4220 7355//4221
f 7354//4220 7353//4220 7356//4221
f 7357//4222 7358//4223 7359//4222
f 7360//4222 7357//4222 7359//4222
f 7361//4224 7362//4225 7363//4224
f 7363//4224 7362//4225 7364//4225
s 0
f 7365//4226 7366//4226 7367//4226
s 1
f 7368//4227 7369//4227 7370//4227
f 7369//4227 7368//4227 7371//4227
s 0
f 7372//4228 7373//4228 7374//4228
s 1
f 7375//4229 7376//4229 7377//4230
f 7375//4229 7377//4230 7378//4229
s 0
f 7379//4231 7380//4231 7381//4231
s 1
f 7382//4232 7383//4232 7384//4232
f 7383//4232 7382//4232 7385//4233
f 7386//4234 7387//4234 7388//4234
f 7387//4234 7386//4234 7389//4234
f 7390//4235 7391//4235 7392//4235
f 7390//4235 7393//4236 7391//4235
s 0
f 7394//4237 7395//4237 7396//4237
f 7397//4238 7398//4238 7399//4238
f 7400//4239 7401//4239 7402//4239
s 1
f 7403//4240 7404//4241 7405//4241
f 7404//4241 7403//4240 7406//4241
f 7407//4242 7408//4242 7409//4243
f 7410//4244 7408//4242 7407//4242
f 7411//4245 7412//4246 7413//4246
f 7413//4246 7414//4247 7411//4245
s 0
f 7415//4248 7416//4248 7417//4248
s 1
f 7418//4249 7419//4249 7420//4250
f 7419//4249 7418//4249 7421//4249
s 0
f 7422//4251 7423//4251 7424//4251
s 1
f 7425//4252 7426//4252 7427//4253
f 7428//4253 7425//4252 7427//4253
s 0
f 7429//4254 7430//4254 7431//4254
s 1
f 7432//4255 7433//4255 7434//4255
f 7433//4255 7432//4255 7435//4255
